
> dhruva@0.1.0 dev
> next dev -p 3100

   ▲ Next.js 15.5.25
   - Local:        http://localhost:3100
   - Network:      http://192.168.1.21:3100

 ✓ Starting...
 ✓ Ready in 15.3s
 ○ Compiling / ...
 ✓ Compiled / in 11.3s (1540 modules)
 GET / 200 in 4641ms
 ✓ Compiled in 3s (691 modules)
 ✓ Compiled in 370ms (691 modules)
 ✓ Compiled in 353ms (691 modules)
 ✓ Compiled in 352ms (691 modules)
 ✓ Compiled in 271ms (691 modules)
 ✓ Compiled in 287ms (691 modules)
 ✓ Compiled in 291ms (691 modules)
 ✓ Compiled in 295ms (691 modules)
 GET / 200 in 420ms
 ✓ Compiled in 585ms (691 modules)
 ✓ Compiled in 276ms (691 modules)
 ✓ Compiled in 260ms (691 modules)
 ✓ Compiled in 268ms (691 modules)
 ✓ Compiled in 268ms (691 modules)
 ✓ Compiled in 255ms (691 modules)
 ✓ Compiled in 259ms (691 modules)
 ✓ Compiled in 242ms (691 modules)
 ✓ Compiled in 283ms (691 modules)
 ✓ Compiled in 280ms (691 modules)
 ✓ Compiled in 249ms (691 modules)
 ✓ Compiled in 259ms (691 modules)
 ✓ Compiled in 265ms (691 modules)
 ✓ Compiled in 248ms (691 modules)
 ✓ Compiled in 270ms (691 modules)
 ✓ Compiled in 279ms (691 modules)
 ✓ Compiled in 251ms (691 modules)
 ✓ Compiled in 255ms (691 modules)
 ✓ Compiled in 302ms (691 modules)
 ✓ Compiled in 322ms (691 modules)
 ✓ Compiled in 351ms (691 modules)
 GET / 200 in 411ms
 ✓ Compiled in 551ms (691 modules)
 ✓ Compiled in 268ms (691 modules)
 ✓ Compiled in 285ms (691 modules)
 ✓ Compiled in 257ms (691 modules)
 ✓ Compiled in 247ms (691 modules)
 ✓ Compiled in 266ms (691 modules)
 ✓ Compiled in 281ms (691 modules)
 ✓ Compiled in 260ms (691 modules)
 ✓ Compiled in 252ms (691 modules)
 ✓ Compiled in 423ms (691 modules)
 ✓ Compiled in 341ms (691 modules)
 ✓ Compiled in 258ms (691 modules)
 ✓ Compiled in 262ms (691 modules)
 ✓ Compiled in 325ms (691 modules)
 ✓ Compiled in 627ms (691 modules)
 ✓ Compiled in 573ms (691 modules)
 GET / 200 in 1411ms
 ✓ Compiled in 344ms (691 modules)
 ✓ Compiled in 282ms (691 modules)
 GET / 200 in 1242ms
 ✓ Compiled in 243ms (691 modules)
 ✓ Compiled in 273ms (691 modules)
 ✓ Compiled in 270ms (691 modules)
 ✓ Compiled in 286ms (691 modules)
 ✓ Compiled in 263ms (691 modules)
 ✓ Compiled in 287ms (691 modules)
 ✓ Compiled in 257ms (691 modules)
 ✓ Compiled in 260ms (691 modules)
 ✓ Compiled in 320ms (691 modules)
 ✓ Compiled in 306ms (691 modules)
 ✓ Compiled in 328ms (691 modules)
 ✓ Compiled in 338ms (691 modules)
 ✓ Compiled in 343ms (691 modules)
 ✓ Compiled in 335ms (691 modules)
 ✓ Compiled in 350ms (691 modules)
 ✓ Compiled in 333ms (691 modules)
 ✓ Compiled in 302ms (691 modules)
 ✓ Compiled in 328ms (691 modules)
 ✓ Compiled in 349ms (691 modules)
 ✓ Compiled in 286ms (691 modules)
 ✓ Compiled in 296ms (691 modules)
 ✓ Compiled in 261ms (691 modules)
 ✓ Compiled in 340ms (691 modules)
 ✓ Compiled in 314ms (691 modules)
 ✓ Compiled in 306ms (691 modules)
 ✓ Compiled in 296ms (691 modules)
 ✓ Compiled in 316ms (691 modules)
 ✓ Compiled in 323ms (691 modules)
 ✓ Compiled in 335ms (691 modules)
 ✓ Compiled in 317ms (691 modules)
 ✓ Compiled in 328ms (691 modules)
 ✓ Compiled in 315ms (691 modules)
 ✓ Compiled in 338ms (691 modules)
 ✓ Compiled in 300ms (691 modules)
 ✓ Compiled in 367ms (691 modules)
 ✓ Compiled in 347ms (691 modules)
 ✓ Compiled in 365ms (691 modules)
 ✓ Compiled in 312ms (691 modules)
 ✓ Compiled in 398ms (691 modules)
 ✓ Compiled in 364ms (691 modules)
 ✓ Compiled in 326ms (691 modules)
 ✓ Compiled in 365ms (691 modules)
 ✓ Compiled in 360ms (691 modules)
 ✓ Compiled in 322ms (691 modules)
 ✓ Compiled in 372ms (691 modules)
 ✓ Compiled in 347ms (691 modules)
 ✓ Compiled in 333ms (691 modules)
 ✓ Compiled in 357ms (691 modules)
 ✓ Compiled in 480ms (691 modules)
 ✓ Compiled in 338ms (691 modules)
 ✓ Compiled in 365ms (691 modules)
 ✓ Compiled in 339ms (691 modules)
 ✓ Compiled in 318ms (691 modules)
 ✓ Compiled in 372ms (691 modules)
 ✓ Compiled in 323ms (691 modules)
 ✓ Compiled in 362ms (691 modules)
 ✓ Compiled in 361ms (691 modules)
 ✓ Compiled in 343ms (691 modules)
 ✓ Compiled in 331ms (691 modules)
 ✓ Compiled in 406ms (691 modules)
 ✓ Compiled in 384ms (691 modules)
 ✓ Compiled in 308ms (691 modules)
 ✓ Compiled in 367ms (691 modules)
 ✓ Compiled in 333ms (691 modules)
 ✓ Compiled in 317ms (691 modules)
 ✓ Compiled in 318ms (691 modules)
 ✓ Compiled in 307ms (691 modules)
 ✓ Compiled in 290ms (691 modules)
 ✓ Compiled in 320ms (691 modules)
 ✓ Compiled in 410ms (691 modules)
 ✓ Compiled in 344ms (691 modules)
 ✓ Compiled in 324ms (691 modules)
 ✓ Compiled in 293ms (691 modules)
 ✓ Compiled in 316ms (691 modules)
 ✓ Compiled in 304ms (691 modules)
 ✓ Compiled in 294ms (691 modules)
 ✓ Compiled in 257ms (691 modules)
 ✓ Compiled in 276ms (691 modules)
 ✓ Compiled in 263ms (691 modules)
 ✓ Compiled in 274ms (691 modules)
 ✓ Compiled in 266ms (691 modules)
 ✓ Compiled in 264ms (691 modules)
 ✓ Compiled in 254ms (691 modules)
 ✓ Compiled in 283ms (691 modules)
 ✓ Compiled in 293ms (691 modules)
 ✓ Compiled in 257ms (691 modules)
 ✓ Compiled in 251ms (691 modules)
 ✓ Compiled in 259ms (691 modules)
 ✓ Compiled in 281ms (691 modules)
 ✓ Compiled in 265ms (691 modules)
 ✓ Compiled in 246ms (691 modules)
 ✓ Compiled in 265ms (691 modules)
 ✓ Compiled in 257ms (691 modules)
 ✓ Compiled in 275ms (691 modules)
 ✓ Compiled in 253ms (691 modules)
 ✓ Compiled in 249ms (691 modules)
 ✓ Compiled in 252ms (691 modules)
 ✓ Compiled in 253ms (691 modules)
 ✓ Compiled in 284ms (691 modules)
 ✓ Compiled in 250ms (691 modules)
 ✓ Compiled in 270ms (691 modules)
 ✓ Compiled in 254ms (691 modules)
 ✓ Compiled in 277ms (691 modules)
 ✓ Compiled in 277ms (691 modules)
 ✓ Compiled in 262ms (691 modules)
 ✓ Compiled in 268ms (691 modules)
 ✓ Compiled in 289ms (691 modules)
 ✓ Compiled in 270ms (691 modules)
 ✓ Compiled in 374ms (691 modules)
 ✓ Compiled in 276ms (691 modules)
 ✓ Compiled in 272ms (691 modules)
 ✓ Compiled in 286ms (691 modules)
 ✓ Compiled in 261ms (691 modules)
 ✓ Compiled in 265ms (691 modules)
 ✓ Compiled in 268ms (691 modules)
 ✓ Compiled in 275ms (691 modules)
 ✓ Compiled in 278ms (691 modules)
 ✓ Compiled in 273ms (691 modules)
 ✓ Compiled in 279ms (691 modules)
 ✓ Compiled in 246ms (691 modules)
 ✓ Compiled in 276ms (691 modules)
 ✓ Compiled in 277ms (691 modules)
 ✓ Compiled in 276ms (691 modules)
 ✓ Compiled in 266ms (691 modules)
 ✓ Compiled in 302ms (691 modules)
 ✓ Compiled in 289ms (691 modules)
 ✓ Compiled in 277ms (691 modules)
 ✓ Compiled in 269ms (691 modules)
 ✓ Compiled in 267ms (691 modules)
 ✓ Compiled in 306ms (691 modules)
 ✓ Compiled in 298ms (691 modules)
 ✓ Compiled in 273ms (691 modules)
 ✓ Compiled in 278ms (691 modules)
 ✓ Compiled in 273ms (691 modules)
 ✓ Compiled in 264ms (691 modules)
 ✓ Compiled in 266ms (691 modules)
 ✓ Compiled in 250ms (691 modules)
 ✓ Compiled in 272ms (691 modules)
 ✓ Compiled in 267ms (691 modules)
 ✓ Compiled in 226ms (691 modules)
 ✓ Compiled in 211ms (691 modules)
 ✓ Compiled in 350ms (691 modules)
 ✓ Compiled in 370ms (691 modules)
 ✓ Compiled in 412ms (691 modules)
 ✓ Compiled in 362ms (691 modules)
 ✓ Compiled in 284ms (691 modules)
 ✓ Compiled in 263ms (691 modules)
 ✓ Compiled in 252ms (691 modules)
 ✓ Compiled in 234ms (691 modules)
 ✓ Compiled in 241ms (691 modules)
 ✓ Compiled in 234ms (691 modules)
 ✓ Compiled in 241ms (691 modules)
 ✓ Compiled in 252ms (691 modules)
 ✓ Compiled in 268ms (691 modules)
 ✓ Compiled in 240ms (691 modules)
 ✓ Compiled in 241ms (691 modules)
 ✓ Compiled in 257ms (691 modules)
 ✓ Compiled in 226ms (691 modules)
 ✓ Compiled in 244ms (691 modules)
 ✓ Compiled in 353ms (691 modules)
 ✓ Compiled in 378ms (691 modules)
 ✓ Compiled in 284ms (691 modules)
 ✓ Compiled in 346ms (691 modules)
 ✓ Compiled in 307ms (691 modules)
 ✓ Compiled in 350ms (691 modules)
 ✓ Compiled in 351ms (691 modules)
 ✓ Compiled in 410ms (691 modules)
 ✓ Compiled in 501ms (691 modules)
 ✓ Compiled in 367ms (691 modules)
 ✓ Compiled in 439ms (691 modules)
 ✓ Compiled in 382ms (691 modules)
 ✓ Compiled in 427ms (691 modules)
 ✓ Compiled in 390ms (691 modules)
 ✓ Compiled in 382ms (691 modules)
 ✓ Compiled in 398ms (691 modules)
 ✓ Compiled in 408ms (691 modules)
 ✓ Compiled in 362ms (691 modules)
 ✓ Compiled in 411ms (691 modules)
 ✓ Compiled in 348ms (691 modules)
 ✓ Compiled in 387ms (691 modules)
 ✓ Compiled in 365ms (691 modules)
 ✓ Compiled in 353ms (691 modules)
 ✓ Compiled in 318ms (691 modules)
 ✓ Compiled in 324ms (691 modules)
 ✓ Compiled in 335ms (691 modules)
 ✓ Compiled in 307ms (691 modules)
 ✓ Compiled in 366ms (691 modules)
 ✓ Compiled in 305ms (691 modules)
 ✓ Compiled in 379ms (691 modules)
 ✓ Compiled in 330ms (691 modules)
 ✓ Compiled in 342ms (691 modules)
 ✓ Compiled in 317ms (691 modules)
 ✓ Compiled in 333ms (691 modules)
 ✓ Compiled in 354ms (691 modules)
 ✓ Compiled in 347ms (691 modules)
 ✓ Compiled in 302ms (691 modules)
 ✓ Compiled in 335ms (691 modules)
 ✓ Compiled in 271ms (691 modules)
 ✓ Compiled in 359ms (691 modules)
 ✓ Compiled in 334ms (691 modules)
 ✓ Compiled in 387ms (691 modules)
 ✓ Compiled in 401ms (691 modules)
 ✓ Compiled in 361ms (691 modules)
 ✓ Compiled in 379ms (691 modules)
 ✓ Compiled in 364ms (691 modules)
 ✓ Compiled in 335ms (691 modules)
 ✓ Compiled in 381ms (691 modules)
 ✓ Compiled in 396ms (691 modules)
 ✓ Compiled in 380ms (691 modules)
 ✓ Compiled in 382ms (691 modules)
 ✓ Compiled in 410ms (691 modules)
 ✓ Compiled in 412ms (691 modules)
 ✓ Compiled in 388ms (691 modules)
 ✓ Compiled in 424ms (691 modules)
 ✓ Compiled in 398ms (691 modules)
 ✓ Compiled in 385ms (691 modules)
 ✓ Compiled in 404ms (691 modules)
 ✓ Compiled in 367ms (691 modules)
 ✓ Compiled in 337ms (691 modules)
 ✓ Compiled in 362ms (691 modules)
 ✓ Compiled in 352ms (691 modules)
 ✓ Compiled in 314ms (691 modules)
 ✓ Compiled in 342ms (691 modules)
 ✓ Compiled in 369ms (691 modules)
 ✓ Compiled in 382ms (691 modules)
 ✓ Compiled in 428ms (691 modules)
 ✓ Compiled in 365ms (691 modules)
 ✓ Compiled in 354ms (691 modules)
 ✓ Compiled in 355ms (691 modules)
 ✓ Compiled in 344ms (691 modules)
 ✓ Compiled in 361ms (691 modules)
 ✓ Compiled in 354ms (691 modules)
 ✓ Compiled in 394ms (691 modules)
 ✓ Compiled in 357ms (691 modules)
 ✓ Compiled in 341ms (691 modules)
 ✓ Compiled in 330ms (691 modules)
 ✓ Compiled in 340ms (691 modules)
 ✓ Compiled in 345ms (691 modules)
 ✓ Compiled in 317ms (691 modules)
 ✓ Compiled in 330ms (691 modules)
 ✓ Compiled in 332ms (691 modules)
 ✓ Compiled in 348ms (691 modules)
 ✓ Compiled in 373ms (691 modules)
 ✓ Compiled in 410ms (691 modules)
 ✓ Compiled in 409ms (691 modules)
 ✓ Compiled in 369ms (691 modules)
 ✓ Compiled in 393ms (691 modules)
 ✓ Compiled in 366ms (691 modules)
 ✓ Compiled in 359ms (691 modules)
 ✓ Compiled in 415ms (691 modules)
 ✓ Compiled in 367ms (691 modules)
 ✓ Compiled in 367ms (691 modules)
 ✓ Compiled in 373ms (691 modules)
 ✓ Compiled in 373ms (691 modules)
 ✓ Compiled in 322ms (691 modules)
 ✓ Compiled in 328ms (691 modules)
 ✓ Compiled in 375ms (691 modules)
 ✓ Compiled in 356ms (691 modules)
 ✓ Compiled in 372ms (691 modules)
 ✓ Compiled in 350ms (691 modules)
 ✓ Compiled in 375ms (691 modules)
 ✓ Compiled in 395ms (691 modules)
 ✓ Compiled in 385ms (691 modules)
 ✓ Compiled in 387ms (691 modules)
 ✓ Compiled in 330ms (691 modules)
 ✓ Compiled in 389ms (691 modules)
 ✓ Compiled in 404ms (691 modules)
 ✓ Compiled in 363ms (691 modules)
 ✓ Compiled in 426ms (691 modules)
 ✓ Compiled in 388ms (691 modules)
 ✓ Compiled in 369ms (691 modules)
 ✓ Compiled in 392ms (691 modules)
 ✓ Compiled in 384ms (691 modules)
 ✓ Compiled in 345ms (691 modules)
 ✓ Compiled in 422ms (691 modules)
 ✓ Compiled in 384ms (691 modules)
 ✓ Compiled in 365ms (691 modules)
 ✓ Compiled in 441ms (691 modules)
 ✓ Compiled in 409ms (691 modules)
 ✓ Compiled in 394ms (691 modules)
 ✓ Compiled in 409ms (691 modules)
 ✓ Compiled in 417ms (691 modules)
 ✓ Compiled in 416ms (691 modules)
 ✓ Compiled in 366ms (691 modules)
 ✓ Compiled in 496ms (691 modules)
 ✓ Compiled in 540ms (691 modules)
 ✓ Compiled in 435ms (691 modules)
 ✓ Compiled in 408ms (691 modules)
 ✓ Compiled in 394ms (691 modules)
 ✓ Compiled in 417ms (691 modules)
 ✓ Compiled in 409ms (691 modules)
 ✓ Compiled in 320ms (691 modules)
 ✓ Compiled in 343ms (691 modules)
 ✓ Compiled in 320ms (691 modules)
 ✓ Compiled in 348ms (691 modules)
 ✓ Compiled in 324ms (691 modules)
 ✓ Compiled in 327ms (691 modules)
 ✓ Compiled in 321ms (691 modules)
 ✓ Compiled in 300ms (691 modules)
 ✓ Compiled in 321ms (691 modules)
 ✓ Compiled in 333ms (691 modules)
 ✓ Compiled in 321ms (691 modules)
 ✓ Compiled in 305ms (691 modules)
 ✓ Compiled in 335ms (691 modules)
 ✓ Compiled in 322ms (691 modules)
 ✓ Compiled in 329ms (691 modules)
 ✓ Compiled in 321ms (691 modules)
 ✓ Compiled in 324ms (691 modules)
 ✓ Compiled in 335ms (691 modules)
 ✓ Compiled in 344ms (691 modules)
 ✓ Compiled in 330ms (691 modules)
 ✓ Compiled in 299ms (691 modules)
 ✓ Compiled in 327ms (691 modules)
 ✓ Compiled in 324ms (691 modules)
 ✓ Compiled in 323ms (691 modules)
 ✓ Compiled in 314ms (691 modules)
 ✓ Compiled in 303ms (691 modules)
 ✓ Compiled in 325ms (691 modules)
 ✓ Compiled in 308ms (691 modules)
 ✓ Compiled in 320ms (691 modules)
 ✓ Compiled in 336ms (691 modules)
 ✓ Compiled in 325ms (691 modules)
 ✓ Compiled in 341ms (691 modules)
 ✓ Compiled in 333ms (691 modules)
 ✓ Compiled in 379ms (691 modules)
 ✓ Compiled in 325ms (691 modules)
 ✓ Compiled in 333ms (691 modules)
 ✓ Compiled in 319ms (691 modules)
 ✓ Compiled in 361ms (691 modules)
 ✓ Compiled in 332ms (691 modules)
 ✓ Compiled in 352ms (691 modules)
 ✓ Compiled in 333ms (691 modules)
 ✓ Compiled in 346ms (691 modules)
 ✓ Compiled in 328ms (691 modules)
 ✓ Compiled in 380ms (691 modules)
 ✓ Compiled in 340ms (691 modules)
 ✓ Compiled in 329ms (691 modules)
 ✓ Compiled in 342ms (691 modules)
 ✓ Compiled in 305ms (691 modules)
 ✓ Compiled in 358ms (691 modules)
 ✓ Compiled in 303ms (691 modules)
 ✓ Compiled in 313ms (691 modules)
 ✓ Compiled in 353ms (691 modules)
 ✓ Compiled in 395ms (691 modules)
 ✓ Compiled in 472ms (691 modules)
 ✓ Compiled in 396ms (691 modules)
 ✓ Compiled in 370ms (691 modules)
 ✓ Compiled in 348ms (691 modules)
 ✓ Compiled in 353ms (691 modules)
 ✓ Compiled in 335ms (691 modules)
 ✓ Compiled in 327ms (691 modules)
 ✓ Compiled in 416ms (691 modules)
 ✓ Compiled in 399ms (691 modules)
 ✓ Compiled in 364ms (691 modules)
 ✓ Compiled in 405ms (691 modules)
 ✓ Compiled in 358ms (691 modules)
 ✓ Compiled in 352ms (691 modules)
 ✓ Compiled in 498ms (691 modules)
 ✓ Compiled in 492ms (691 modules)
 ✓ Compiled in 845ms (691 modules)
 ✓ Compiled in 423ms (691 modules)
 GET / 200 in 1558ms
 ✓ Compiled in 421ms (691 modules)
 ✓ Compiled in 404ms (691 modules)
 ✓ Compiled in 329ms (691 modules)
 ✓ Compiled in 334ms (691 modules)
 ✓ Compiled in 330ms (691 modules)
 ✓ Compiled in 316ms (691 modules)
 ✓ Compiled in 331ms (691 modules)
 ✓ Compiled in 326ms (691 modules)
 ✓ Compiled in 317ms (691 modules)
 ✓ Compiled in 317ms (691 modules)
 ✓ Compiled in 330ms (691 modules)
 ✓ Compiled in 493ms (691 modules)
 ✓ Compiled in 399ms (691 modules)
 GET / 200 in 1223ms
 ✓ Compiled in 353ms (691 modules)
 ✓ Compiled in 507ms (691 modules)
 ✓ Compiled in 332ms (691 modules)
 GET / 200 in 958ms
 ✓ Compiled in 400ms (691 modules)
 ✓ Compiled in 513ms (691 modules)
 ✓ Compiled in 350ms (691 modules)
 GET / 200 in 1091ms
 ✓ Compiled in 515ms (691 modules)
 ✓ Compiled in 344ms (691 modules)
 GET / 200 in 1214ms
 ✓ Compiled in 385ms (691 modules)
 ✓ Compiled in 464ms (691 modules)
 ✓ Compiled in 338ms (691 modules)
 GET / 200 in 1204ms
 ✓ Compiled in 380ms (691 modules)
 ✓ Compiled in 479ms (691 modules)
 ✓ Compiled in 348ms (691 modules)
 GET / 200 in 1010ms
 ✓ Compiled in 508ms (691 modules)
 ✓ Compiled in 336ms (691 modules)
 GET / 200 in 1164ms
 ✓ Compiled in 355ms (691 modules)
 ✓ Compiled in 480ms (691 modules)
 ✓ Compiled in 352ms (691 modules)
 GET / 200 in 928ms
 ✓ Compiled in 373ms (691 modules)
 ✓ Compiled in 652ms (691 modules)
 ✓ Compiled in 352ms (691 modules)
 GET / 200 in 1381ms
 ✓ Compiled in 485ms (691 modules)
 ✓ Compiled in 366ms (691 modules)
 GET / 200 in 1174ms
 ✓ Compiled in 369ms (691 modules)
 ✓ Compiled in 416ms (691 modules)
 ✓ Compiled in 330ms (691 modules)
 GET / 200 in 903ms
 ✓ Compiled in 335ms (691 modules)
 ✓ Compiled in 442ms (691 modules)
 ✓ Compiled in 305ms (691 modules)
 GET / 200 in 1099ms
 ✓ Compiled in 484ms (691 modules)
 ✓ Compiled in 329ms (691 modules)
 ✓ Compiled in 327ms (691 modules)
 GET / 200 in 1138ms
 ✓ Compiled in 418ms (691 modules)
 ✓ Compiled in 311ms (691 modules)
 GET / 200 in 841ms
 ✓ Compiled in 353ms (691 modules)
 ✓ Compiled in 441ms (691 modules)
 ✓ Compiled in 314ms (691 modules)
 GET / 200 in 1086ms
 ✓ Compiled in 445ms (691 modules)
 ✓ Compiled in 327ms (691 modules)
 GET / 200 in 1015ms
 ✓ Compiled in 332ms (691 modules)
 ✓ Compiled in 493ms (691 modules)
 ✓ Compiled in 359ms (691 modules)
 GET / 200 in 1009ms
 ✓ Compiled in 341ms (691 modules)
 ✓ Compiled in 424ms (691 modules)
 ✓ Compiled in 304ms (691 modules)
 GET / 200 in 1072ms
 ✓ Compiled in 305ms (691 modules)
 ✓ Compiled in 439ms (691 modules)
 ✓ Compiled in 342ms (691 modules)
 GET / 200 in 1130ms
 ✓ Compiled in 346ms (691 modules)
 ✓ Compiled in 408ms (691 modules)
 ✓ Compiled in 310ms (691 modules)
 GET / 200 in 1049ms
 ✓ Compiled in 456ms (691 modules)
 ✓ Compiled in 309ms (691 modules)
 GET / 200 in 1005ms
 ✓ Compiled in 316ms (691 modules)
 ✓ Compiled in 431ms (691 modules)
 ✓ Compiled in 329ms (691 modules)
 GET / 200 in 932ms
 ✓ Compiled in 447ms (691 modules)
 ○ Compiling /_error ...
 ✓ Compiled /_error in 1832ms (1887 modules)
 ✓ Compiled in 563ms (844 modules)
 ✓ Compiled in 1448ms (844 modules)
 ✓ Compiled in 3.8s (844 modules)
 ✓ Compiled in 376ms (844 modules)
 ✓ Compiled in 934ms (844 modules)
 ✓ Compiled in 467ms (844 modules)
 ✓ Compiled in 1101ms (1887 modules)
 GET / 500 in 13294ms
 GET / 200 in 881ms
 GET / 200 in 160ms
 GET / 200 in 135ms
 GET / 200 in 135ms
 GET / 200 in 149ms
 GET / 200 in 134ms
 GET / 200 in 139ms
 GET / 200 in 138ms
 GET / 200 in 137ms
 GET / 200 in 162ms
 GET / 200 in 143ms
 GET / 200 in 147ms
 GET / 200 in 151ms
 GET / 200 in 144ms
 GET / 200 in 145ms
 GET / 200 in 139ms
 GET / 200 in 135ms
 GET / 200 in 151ms
 GET / 200 in 144ms
 GET / 200 in 134ms
 GET / 200 in 141ms
 GET / 200 in 155ms
 GET / 200 in 128ms
 GET / 200 in 137ms
 GET / 200 in 137ms
 GET / 200 in 149ms
 GET / 200 in 145ms
 GET / 200 in 137ms
 GET / 200 in 143ms
 GET / 200 in 144ms
 GET / 200 in 159ms
 GET / 200 in 140ms
 GET / 200 in 155ms
 GET / 200 in 138ms
 GET / 200 in 152ms
 GET / 200 in 131ms
 GET / 200 in 159ms
 GET / 200 in 143ms
 GET / 200 in 133ms
 GET / 200 in 158ms
 GET / 200 in 152ms
 GET / 200 in 154ms
 GET / 200 in 143ms
 GET / 200 in 150ms
 GET / 200 in 144ms
 GET / 200 in 150ms
 GET / 200 in 144ms
 GET / 200 in 140ms
 GET / 200 in 977ms
 ✓ Compiled in 2s (843 modules)
 GET / 200 in 295ms
 ✓ Compiled in 524ms (843 modules)
 GET / 200 in 171ms
 ✓ Compiled in 413ms (843 modules)
 ✓ Compiled in 480ms (843 modules)
 ✓ Compiled in 417ms (843 modules)
 GET / 200 in 1447ms
 ✓ Compiled in 558ms (843 modules)
 ✓ Compiled in 606ms (843 modules)
 ✓ Compiled in 383ms (843 modules)
 GET / 200 in 1088ms
 ✓ Compiled in 368ms (843 modules)
 ✓ Compiled in 520ms (843 modules)
 ✓ Compiled in 408ms (843 modules)
 GET / 200 in 1283ms
 ✓ Compiled in 586ms (843 modules)
 ✓ Compiled in 408ms (843 modules)
 GET / 200 in 1369ms
 ✓ Compiled in 400ms (843 modules)
 ✓ Compiled in 494ms (843 modules)
 ✓ Compiled in 438ms (843 modules)
 GET / 200 in 1077ms
 ✓ Compiled in 543ms (843 modules)
 ✓ Compiled in 520ms (843 modules)
 ✓ Compiled in 419ms (843 modules)
 GET / 200 in 1435ms
 ✓ Compiled in 590ms (843 modules)
 ✓ Compiled in 371ms (843 modules)
 GET / 200 in 1336ms
 ✓ Compiled in 409ms (843 modules)
 ✓ Compiled in 458ms (843 modules)
 ✓ Compiled in 405ms (843 modules)
 GET / 200 in 950ms
 ✓ Compiled in 506ms (843 modules)
 ✓ Compiled in 429ms (843 modules)
 GET / 200 in 1247ms
 ✓ Compiled in 463ms (843 modules)
 ✓ Compiled in 588ms (843 modules)
 GET / 200 in 1379ms
 ✓ Compiled in 392ms (843 modules)
 ✓ Compiled in 531ms (843 modules)
 ✓ Compiled in 364ms (843 modules)
 GET / 200 in 1047ms
 ✓ Compiled in 502ms (843 modules)
 ✓ Compiled in 464ms (843 modules)
 GET / 200 in 993ms
 ✓ Compiled in 372ms (843 modules)
 ✓ Compiled in 514ms (843 modules)
 ✓ Compiled in 374ms (843 modules)
 GET / 200 in 1253ms
 ✓ Compiled in 520ms (843 modules)
 ✓ Compiled in 351ms (843 modules)
 GET / 200 in 947ms
 ✓ Compiled in 340ms (843 modules)
 ✓ Compiled in 501ms (843 modules)
 ✓ Compiled in 391ms (843 modules)
 GET / 200 in 1220ms
 ✓ Compiled in 487ms (843 modules)
 ✓ Compiled in 374ms (843 modules)
 GET / 200 in 921ms
 ✓ Compiled in 475ms (843 modules)
 ✓ Compiled in 338ms (843 modules)
 GET / 200 in 1148ms
 ✓ Compiled in 398ms (843 modules)
 ✓ Compiled in 486ms (843 modules)
 ✓ Compiled in 331ms (843 modules)
 GET / 200 in 930ms
 ✓ Compiled in 377ms (843 modules)
 ✓ Compiled in 526ms (843 modules)
 GET / 200 in 1169ms
 ✓ Compiled in 418ms (843 modules)
 ✓ Compiled in 509ms (843 modules)
 ✓ Compiled in 357ms (843 modules)
 GET / 200 in 1092ms
 ✓ Compiled in 495ms (843 modules)
 ✓ Compiled in 419ms (843 modules)
 GET / 200 in 1003ms
 ✓ Compiled in 352ms (843 modules)
 ✓ Compiled in 545ms (843 modules)
 ✓ Compiled in 370ms (843 modules)
 GET / 200 in 1240ms
 ✓ Compiled in 523ms (843 modules)
 ✓ Compiled in 366ms (843 modules)
 GET / 200 in 945ms
 ✓ Compiled in 359ms (843 modules)
 ✓ Compiled in 513ms (843 modules)
 ✓ Compiled in 371ms (843 modules)
 GET / 200 in 1233ms
 ✓ Compiled in 534ms (843 modules)
 ✓ Compiled in 371ms (843 modules)
 GET / 200 in 997ms
 ✓ Compiled in 380ms (843 modules)
 ✓ Compiled in 499ms (843 modules)
 GET / 200 in 1229ms
 ✓ Compiled in 388ms (843 modules)
 ✓ Compiled in 495ms (843 modules)
 ✓ Compiled in 331ms (843 modules)
 GET / 200 in 913ms
 ✓ Compiled in 334ms (843 modules)
 ✓ Compiled in 450ms (843 modules)
 GET / 200 in 1105ms
 ✓ Compiled in 356ms (843 modules)
 ✓ Compiled in 493ms (843 modules)
 ✓ Compiled in 376ms (843 modules)
 GET / 200 in 991ms
 ✓ Compiled in 404ms (843 modules)
 ✓ Compiled in 484ms (843 modules)
 GET / 200 in 1105ms
 ✓ Compiled in 374ms (843 modules)
 ✓ Compiled in 470ms (843 modules)
 GET / 200 in 921ms
 ✓ Compiled in 389ms (843 modules)
 ✓ Compiled in 743ms (843 modules)
 ✓ Compiled in 466ms (843 modules)
 GET / 200 in 1403ms
 ✓ Compiled in 523ms (843 modules)
 ✓ Compiled in 369ms (843 modules)
 GET / 200 in 971ms
 ✓ Compiled in 366ms (843 modules)
 ✓ Compiled in 532ms (843 modules)
 ✓ Compiled in 365ms (843 modules)
 GET / 200 in 1256ms
 ✓ Compiled in 527ms (843 modules)
 ✓ Compiled in 350ms (843 modules)
 GET / 200 in 1136ms
 ✓ Compiled in 382ms (843 modules)
 ✓ Compiled in 598ms (843 modules)
 ✓ Compiled in 425ms (843 modules)
 GET / 200 in 1226ms
 ✓ Compiled in 532ms (843 modules)
 ✓ Compiled in 368ms (843 modules)
 GET / 200 in 1178ms
 ✓ Compiled in 374ms (843 modules)
 ✓ Compiled in 535ms (843 modules)
 GET / 200 in 1196ms
 ✓ Compiled in 522ms (843 modules)
 ✓ Compiled in 639ms (843 modules)
 ✓ Compiled in 472ms (843 modules)
 GET / 200 in 1189ms
 ✓ Compiled in 443ms (843 modules)
 ✓ Compiled in 572ms (843 modules)
 GET / 200 in 1394ms
 ✓ Compiled in 428ms (843 modules)
 ✓ Compiled in 572ms (843 modules)
 ✓ Compiled in 419ms (843 modules)
 GET / 200 in 1054ms
 ✓ Compiled in 468ms (843 modules)
 ✓ Compiled in 643ms (843 modules)
 ✓ Compiled in 431ms (843 modules)
 GET / 200 in 1529ms
 ✓ Compiled in 566ms (843 modules)
 ✓ Compiled in 399ms (843 modules)
 GET / 200 in 1015ms
 ✓ Compiled in 684ms (843 modules)
 ✓ Compiled in 381ms (843 modules)
 GET / 200 in 1452ms
 ✓ Compiled in 436ms (843 modules)
 ✓ Compiled in 605ms (843 modules)
 ✓ Compiled in 461ms (843 modules)
 GET / 200 in 1131ms
 ✓ Compiled in 592ms (843 modules)
 ✓ Compiled in 436ms (843 modules)
 GET / 200 in 1332ms
 ✓ Compiled in 447ms (843 modules)
 ✓ Compiled in 612ms (843 modules)
 GET / 200 in 1208ms
 ✓ Compiled in 431ms (843 modules)
 ✓ Compiled in 682ms (843 modules)
 ✓ Compiled in 513ms (843 modules)
 GET / 200 in 1704ms
 ✓ Compiled in 785ms (843 modules)
 ✓ Compiled in 452ms (843 modules)
 GET / 200 in 1644ms
 ✓ Compiled in 507ms (843 modules)
 ✓ Compiled in 607ms (843 modules)
 ✓ Compiled in 443ms (843 modules)
 GET / 200 in 1135ms
 ✓ Compiled in 386ms (843 modules)
 ✓ Compiled in 491ms (843 modules)
 ✓ Compiled in 598ms (843 modules)
 GET / 200 in 1464ms
 ✓ Compiled in 521ms (843 modules)
 ✓ Compiled in 368ms (843 modules)
 GET / 200 in 955ms
 ✓ Compiled in 386ms (843 modules)
 ✓ Compiled in 538ms (843 modules)
 GET / 200 in 1515ms
 ✓ Compiled in 630ms (843 modules)
 ✓ Compiled in 917ms (843 modules)
 ✓ Compiled in 412ms (843 modules)
 GET / 200 in 1694ms
 ✓ Compiled in 460ms (843 modules)
 ✓ Compiled in 529ms (843 modules)
 GET / 200 in 1172ms
 ✓ Compiled in 466ms (843 modules)
 ✓ Compiled in 758ms (843 modules)
 ✓ Compiled in 572ms (843 modules)
 GET / 200 in 1809ms
 ✓ Compiled in 514ms (843 modules)
 ✓ Compiled in 708ms (843 modules)
 GET / 200 in 1471ms
 ✓ Compiled in 579ms (843 modules)
 ✓ Compiled in 653ms (843 modules)
 ✓ Compiled in 526ms (843 modules)
 GET / 200 in 1254ms
 ✓ Compiled in 404ms (843 modules)
 ✓ Compiled in 603ms (843 modules)
 GET / 200 in 1376ms
 ✓ Compiled in 403ms (843 modules)
 ✓ Compiled in 527ms (843 modules)
 ✓ Compiled in 394ms (843 modules)
 GET / 200 in 1301ms
 ✓ Compiled in 466ms (843 modules)
 ✓ Compiled in 605ms (843 modules)
 ✓ Compiled in 440ms (843 modules)
 GET / 200 in 1489ms
 ✓ Compiled in 557ms (843 modules)
 ✓ Compiled in 414ms (843 modules)
 GET / 200 in 1081ms
 ✓ Compiled in 441ms (843 modules)
 ✓ Compiled in 571ms (843 modules)
 ✓ Compiled in 380ms (843 modules)
 GET / 200 in 1363ms
 ✓ Compiled in 498ms (843 modules)
 ✓ Compiled in 380ms (843 modules)
 GET / 200 in 1215ms
 ✓ Compiled in 408ms (843 modules)
 ✓ Compiled in 570ms (843 modules)
 ✓ Compiled in 400ms (843 modules)
 GET / 200 in 1356ms
 ✓ Compiled in 551ms (843 modules)
 ✓ Compiled in 378ms (843 modules)
 GET / 200 in 1031ms
 ✓ Compiled in 392ms (843 modules)
 ✓ Compiled in 542ms (843 modules)
 GET / 200 in 1275ms
 ✓ Compiled in 386ms (843 modules)
 ✓ Compiled in 577ms (843 modules)
 ✓ Compiled in 385ms (843 modules)
 GET / 200 in 1039ms
 ✓ Compiled in 365ms (843 modules)
 ✓ Compiled in 513ms (843 modules)
 ✓ Compiled in 420ms (843 modules)
 GET / 200 in 1315ms
 ✓ Compiled in 652ms (843 modules)
 ✓ Compiled in 855ms (843 modules)
 GET / 200 in 1770ms
 ✓ Compiled in 726ms (843 modules)
 ✓ Compiled in 862ms (843 modules)
 ✓ Compiled in 417ms (843 modules)
 GET / 200 in 1520ms
 ✓ Compiled in 509ms (843 modules)
 ✓ Compiled in 354ms (843 modules)
 GET / 200 in 942ms
 ✓ Compiled in 361ms (843 modules)
 ✓ Compiled in 512ms (843 modules)
 ✓ Compiled in 422ms (843 modules)
 GET / 200 in 1328ms
 ✓ Compiled in 646ms (843 modules)
 ✓ Compiled in 533ms (843 modules)
 GET / 200 in 1816ms
 ✓ Compiled in 915ms (843 modules)
 ✓ Compiled in 753ms (843 modules)
 GET / 200 in 2460ms
 ✓ Compiled in 553ms (843 modules)
 ✓ Compiled in 672ms (843 modules)
 ✓ Compiled in 522ms (843 modules)
 GET / 200 in 1263ms
 ✓ Compiled in 515ms (843 modules)
 ✓ Compiled in 615ms (843 modules)
 ✓ Compiled in 537ms (843 modules)
 GET / 200 in 1648ms
 ✓ Compiled in 720ms (843 modules)
 ✓ Compiled in 488ms (843 modules)
 GET / 200 in 1304ms
 ✓ Compiled in 564ms (843 modules)
 ✓ Compiled in 612ms (843 modules)
 ✓ Compiled in 514ms (843 modules)
 GET / 200 in 1667ms
 ✓ Compiled in 557ms (843 modules)
 ✓ Compiled in 398ms (843 modules)
 GET / 200 in 1027ms
 ✓ Compiled in 440ms (843 modules)
 ✓ Compiled in 573ms (843 modules)
 GET / 200 in 1427ms
 ✓ Compiled in 483ms (843 modules)
 ✓ Compiled in 547ms (843 modules)
 ✓ Compiled in 471ms (843 modules)
 GET / 200 in 1219ms
 ✓ Compiled in 520ms (843 modules)
 ✓ Compiled in 414ms (843 modules)
 GET / 200 in 1245ms
 ✓ Compiled in 411ms (843 modules)
 ✓ Compiled in 613ms (843 modules)
 ✓ Compiled in 389ms (843 modules)
 GET / 200 in 1157ms
 ✓ Compiled in 558ms (843 modules)
 ✓ Compiled in 370ms (843 modules)
 GET / 200 in 1206ms
 ✓ Compiled in 384ms (843 modules)
 ✓ Compiled in 543ms (843 modules)
 ✓ Compiled in 478ms (843 modules)
 GET / 200 in 1401ms
 ✓ Compiled in 574ms (843 modules)
 ✓ Compiled in 433ms (843 modules)
 GET / 200 in 1063ms
 ✓ Compiled in 534ms (843 modules)
 ✓ Compiled in 403ms (843 modules)
 GET / 200 in 1251ms
 ✓ Compiled in 463ms (843 modules)
 ✓ Compiled in 498ms (843 modules)
 GET / 200 in 1329ms
 ✓ Compiled in 417ms (843 modules)
 ✓ Compiled in 484ms (843 modules)
 ✓ Compiled in 387ms (843 modules)
 GET / 200 in 956ms
 ✓ Compiled in 546ms (843 modules)
 ✓ Compiled in 355ms (843 modules)
 GET / 200 in 1190ms
 ✓ Compiled in 405ms (843 modules)
 ✓ Compiled in 497ms (843 modules)
 ✓ Compiled in 409ms (843 modules)
 GET / 200 in 1056ms
 ✓ Compiled in 494ms (843 modules)
 ✓ Compiled in 370ms (843 modules)
 GET / 200 in 945ms
 ✓ Compiled in 414ms (843 modules)
 ✓ Compiled in 584ms (843 modules)
 GET / 200 in 1358ms
 ✓ Compiled in 400ms (843 modules)
 ✓ Compiled in 492ms (843 modules)
 ✓ Compiled in 379ms (843 modules)
 GET / 200 in 932ms
 ✓ Compiled in 368ms (843 modules)
 ✓ Compiled in 507ms (843 modules)
 GET / 200 in 1257ms
 ✓ Compiled in 391ms (843 modules)
 ✓ Compiled in 827ms (843 modules)
 ✓ Compiled in 425ms (843 modules)
 GET / 200 in 1325ms
 ✓ Compiled in 407ms (843 modules)
 ✓ Compiled in 525ms (843 modules)
 ✓ Compiled in 382ms (843 modules)
 GET / 200 in 1300ms
 ✓ Compiled in 530ms (843 modules)
 ✓ Compiled in 392ms (843 modules)
 GET / 200 in 1296ms
 ✓ Compiled in 434ms (843 modules)
 ✓ Compiled in 556ms (843 modules)
 GET / 200 in 1082ms
 ✓ Compiled in 390ms (843 modules)
 ✓ Compiled in 489ms (843 modules)
 GET / 200 in 994ms
 ✓ Compiled in 374ms (843 modules)
 ✓ Compiled in 527ms (843 modules)
 ✓ Compiled in 397ms (843 modules)
 GET / 200 in 982ms
 ✓ Compiled in 417ms (843 modules)
 ✓ Compiled in 575ms (843 modules)
 GET / 200 in 1295ms
 ✓ Compiled in 475ms (843 modules)
 ✓ Compiled in 584ms (843 modules)
 ✓ Compiled in 457ms (843 modules)
 GET / 200 in 1254ms
 ✓ Compiled in 608ms (843 modules)
 ✓ Compiled in 478ms (843 modules)
 GET / 200 in 1170ms
 ✓ Compiled in 448ms (843 modules)
 ✓ Compiled in 589ms (843 modules)
 GET / 200 in 1422ms
 ✓ Compiled in 416ms (843 modules)
 ✓ Compiled in 610ms (843 modules)
 ✓ Compiled in 474ms (843 modules)
 GET / 200 in 1144ms
 ✓ Compiled in 454ms (843 modules)
 ✓ Compiled in 581ms (843 modules)
 ✓ Compiled in 437ms (843 modules)
 GET / 200 in 1521ms
 ✓ Compiled in 661ms (843 modules)
 ✓ Compiled in 444ms (843 modules)
 GET / 200 in 1402ms
 ✓ Compiled in 431ms (843 modules)
 ✓ Compiled in 486ms (843 modules)
 GET / 200 in 1067ms
 ✓ Compiled in 458ms (843 modules)
 ✓ Compiled in 570ms (843 modules)
 ✓ Compiled in 484ms (843 modules)
 GET / 200 in 1232ms
 ✓ Compiled in 630ms (843 modules)
 ✓ Compiled in 475ms (843 modules)
 GET / 200 in 1198ms
 ✓ Compiled in 643ms (843 modules)
 ✓ Compiled in 440ms (843 modules)
 GET / 200 in 1372ms
 ✓ Compiled in 416ms (843 modules)
 ✓ Compiled in 566ms (843 modules)
 GET / 200 in 1064ms
 ✓ Compiled in 452ms (843 modules)
 ✓ Compiled in 608ms (843 modules)
 GET / 200 in 1263ms
 ✓ Compiled in 654ms (843 modules)
 ✓ Compiled in 1102ms (843 modules)
 ✓ Compiled in 1090ms (843 modules)
 ✓ Compiled in 1067ms (843 modules)
 GET / 200 in 3601ms
 ✓ Compiled in 937ms (843 modules)
 ✓ Compiled in 719ms (843 modules)
 ✓ Compiled in 762ms (843 modules)
 GET / 200 in 2902ms
 ✓ Compiled in 932ms (843 modules)
 ✓ Compiled in 727ms (843 modules)
 ✓ Compiled in 950ms (843 modules)
 GET / 200 in 3042ms
 ✓ Compiled in 855ms (843 modules)
 ✓ Compiled in 715ms (843 modules)
 ✓ Compiled in 759ms (843 modules)
 GET / 200 in 2831ms
 ✓ Compiled in 723ms (843 modules)
 ✓ Compiled in 802ms (843 modules)
 ✓ Compiled in 687ms (843 modules)
 GET / 200 in 2500ms
 ✓ Compiled in 709ms (843 modules)
 ✓ Compiled in 901ms (843 modules)
 ✓ Compiled in 692ms (843 modules)
 ✓ Compiled in 686ms (843 modules)
 GET / 200 in 2610ms
 ✓ Compiled in 805ms (843 modules)
 ✓ Compiled in 753ms (843 modules)
 ✓ Compiled in 907ms (843 modules)
 GET / 200 in 2717ms
 ✓ Compiled in 802ms (843 modules)
 ✓ Compiled in 703ms (843 modules)
 ✓ Compiled in 684ms (843 modules)
 GET / 200 in 2422ms
 ✓ Compiled in 857ms (843 modules)
 ✓ Compiled in 672ms (843 modules)
 ✓ Compiled in 699ms (843 modules)
 GET / 200 in 2675ms
 ✓ Compiled in 840ms (843 modules)
 ✓ Compiled in 676ms (843 modules)
 ✓ Compiled in 702ms (843 modules)
 GET / 200 in 2694ms
 ✓ Compiled in 739ms (843 modules)
 ✓ Compiled in 789ms (843 modules)
 ✓ Compiled in 667ms (843 modules)
 GET / 200 in 2451ms
 ✓ Compiled in 710ms (843 modules)
 ✓ Compiled in 814ms (843 modules)
 ✓ Compiled in 685ms (843 modules)
 ✓ Compiled in 737ms (843 modules)
 GET / 200 in 2535ms
 ✓ Compiled in 789ms (843 modules)
 ✓ Compiled in 722ms (843 modules)
 ✓ Compiled in 748ms (843 modules)
 GET / 200 in 2574ms
 ✓ Compiled in 816ms (843 modules)
 ✓ Compiled in 709ms (843 modules)
 ✓ Compiled in 703ms (843 modules)
 GET / 200 in 2514ms
 ✓ Compiled in 866ms (843 modules)
 ✓ Compiled in 736ms (843 modules)
 ✓ Compiled in 694ms (843 modules)
 GET / 200 in 2738ms
 ✓ Compiled in 829ms (843 modules)
 ✓ Compiled in 653ms (843 modules)
 ✓ Compiled in 743ms (843 modules)
 GET / 200 in 2776ms
 ✓ Compiled in 937ms (843 modules)
 ✓ Compiled in 674ms (843 modules)
 ✓ Compiled in 685ms (843 modules)
 GET / 200 in 2789ms
 ✓ Compiled in 725ms (843 modules)
 ✓ Compiled in 867ms (843 modules)
 ✓ Compiled in 766ms (843 modules)
 GET / 200 in 2714ms
 ✓ Compiled in 796ms (843 modules)
 ✓ Compiled in 1061ms (843 modules)
 ✓ Compiled in 830ms (843 modules)
 ✓ Compiled in 771ms (843 modules)
 GET / 200 in 3005ms
 ✓ Compiled in 901ms (843 modules)
 ✓ Compiled in 779ms (843 modules)
 ✓ Compiled in 1064ms (843 modules)
 GET / 200 in 3093ms
 ✓ Compiled in 988ms (843 modules)
 ✓ Compiled in 747ms (843 modules)
 ✓ Compiled in 782ms (843 modules)
 GET / 200 in 2784ms
 ✓ Compiled in 866ms (843 modules)
 ✓ Compiled in 871ms (843 modules)
 ✓ Compiled in 832ms (843 modules)
 GET / 200 in 3054ms
 ✓ Compiled in 822ms (843 modules)
 ✓ Compiled in 950ms (843 modules)
 ✓ Compiled in 839ms (843 modules)
 GET / 200 in 3201ms
 ✓ Compiled in 760ms (843 modules)
 ✓ Compiled in 847ms (843 modules)
 ✓ Compiled in 709ms (843 modules)
 GET / 200 in 2669ms
 ✓ Compiled in 813ms (843 modules)
 ✓ Compiled in 874ms (843 modules)
 ✓ Compiled in 738ms (843 modules)
 ✓ Compiled in 822ms (843 modules)
 GET / 200 in 2787ms
 ✓ Compiled in 885ms (843 modules)
 ✓ Compiled in 773ms (843 modules)
 ✓ Compiled in 720ms (843 modules)
 GET / 200 in 2643ms
 ✓ Compiled in 848ms (843 modules)
 ✓ Compiled in 733ms (843 modules)
 ✓ Compiled in 712ms (843 modules)
 GET / 200 in 2567ms
 ✓ Compiled in 933ms (843 modules)
 ✓ Compiled in 698ms (843 modules)
 ✓ Compiled in 723ms (843 modules)
 GET / 200 in 2818ms
 ✓ Compiled in 912ms (843 modules)
 ✓ Compiled in 765ms (843 modules)
 ✓ Compiled in 710ms (843 modules)
 GET / 200 in 2845ms
 ✓ Compiled in 742ms (843 modules)
 ✓ Compiled in 821ms (843 modules)
 ✓ Compiled in 698ms (843 modules)
 GET / 200 in 2832ms
 ✓ Compiled in 811ms (843 modules)
 ✓ Compiled in 815ms (843 modules)
 ✓ Compiled in 727ms (843 modules)
 ✓ Compiled in 741ms (843 modules)
 GET / 200 in 2654ms
 ✓ Compiled in 919ms (843 modules)
 ✓ Compiled in 865ms (843 modules)
 ✓ Compiled in 703ms (843 modules)
 GET / 200 in 2823ms
 ✓ Compiled in 819ms (843 modules)
 ✓ Compiled in 728ms (843 modules)
 ✓ Compiled in 852ms (843 modules)
 GET / 200 in 2660ms
 ✓ Compiled in 835ms (843 modules)
 ✓ Compiled in 741ms (843 modules)
 ✓ Compiled in 744ms (843 modules)
 GET / 200 in 2799ms
 ✓ Compiled in 967ms (843 modules)
 ✓ Compiled in 697ms (843 modules)
 ✓ Compiled in 696ms (843 modules)
 GET / 200 in 2805ms
 ✓ Compiled in 842ms (843 modules)
 ✓ Compiled in 709ms (843 modules)
 ✓ Compiled in 768ms (843 modules)
 GET / 200 in 2841ms
 ✓ Compiled in 742ms (843 modules)
 ✓ Compiled in 824ms (843 modules)
 ✓ Compiled in 704ms (843 modules)
 GET / 200 in 2819ms
 ✓ Compiled in 987ms (843 modules)
 ✓ Compiled in 850ms (843 modules)
 ✓ Compiled in 756ms (843 modules)
 ✓ Compiled in 737ms (843 modules)
 GET / 200 in 2746ms
 ✓ Compiled in 873ms (843 modules)
 ✓ Compiled in 793ms (843 modules)
 ✓ Compiled in 732ms (843 modules)
 GET / 200 in 2732ms
 ✓ Compiled in 845ms (843 modules)
 ✓ Compiled in 748ms (843 modules)
 ✓ Compiled in 787ms (843 modules)
 GET / 200 in 2637ms
 ✓ Compiled in 843ms (843 modules)
 ✓ Compiled in 701ms (843 modules)
 ✓ Compiled in 709ms (843 modules)
 GET / 200 in 2705ms
 ✓ Compiled in 755ms (843 modules)
 ✓ Compiled in 876ms (843 modules)
 ✓ Compiled in 742ms (843 modules)
 GET / 200 in 2970ms
 ✓ Compiled in 741ms (843 modules)
 ✓ Compiled in 825ms (843 modules)
 ✓ Compiled in 719ms (843 modules)
 GET / 200 in 2647ms
 ✓ Compiled in 796ms (843 modules)
 ✓ Compiled in 817ms (843 modules)
 ✓ Compiled in 736ms (843 modules)
 ✓ Compiled in 746ms (843 modules)
 GET / 200 in 2623ms
 ✓ Compiled in 889ms (843 modules)
 ✓ Compiled in 772ms (843 modules)
 ✓ Compiled in 716ms (843 modules)
 GET / 200 in 2641ms
 ✓ Compiled in 834ms (843 modules)
 ✓ Compiled in 735ms (843 modules)
 ✓ Compiled in 729ms (843 modules)
 GET / 200 in 2559ms
 ✓ Compiled in 853ms (843 modules)
 ✓ Compiled in 712ms (843 modules)
 ✓ Compiled in 725ms (843 modules)
 GET / 200 in 2783ms
 ✓ Compiled in 928ms (843 modules)
 ✓ Compiled in 783ms (843 modules)
 ✓ Compiled in 708ms (843 modules)
 GET / 200 in 2862ms
 ✓ Compiled in 738ms (843 modules)
 ✓ Compiled in 840ms (843 modules)
 ✓ Compiled in 766ms (843 modules)
 GET / 200 in 2897ms
 ✓ Compiled in 773ms (843 modules)
 ✓ Compiled in 850ms (843 modules)
 ✓ Compiled in 734ms (843 modules)
 ✓ Compiled in 785ms (843 modules)
 GET / 200 in 2701ms
 ✓ Compiled in 909ms (843 modules)
 ✓ Compiled in 708ms (843 modules)
 ✓ Compiled in 729ms (843 modules)
 GET / 200 in 2687ms
 ✓ Compiled in 857ms (843 modules)
 ✓ Compiled in 802ms (843 modules)
 ✓ Compiled in 723ms (843 modules)
 GET / 200 in 2654ms
 ✓ Compiled in 858ms (843 modules)
 ✓ Compiled in 725ms (843 modules)
 ✓ Compiled in 743ms (843 modules)
 GET / 200 in 2854ms
 ✓ Compiled in 945ms (843 modules)
 ✓ Compiled in 714ms (843 modules)
 ✓ Compiled in 733ms (843 modules)
 GET / 200 in 3142ms
 ✓ Compiled in 1219ms (843 modules)
 ✓ Compiled in 742ms (843 modules)
 ✓ Compiled in 745ms (843 modules)
 GET / 200 in 2961ms
 ✓ Compiled in 756ms (843 modules)
 ✓ Compiled in 843ms (843 modules)
 ✓ Compiled in 760ms (843 modules)
 GET / 200 in 2917ms
 ✓ Compiled in 797ms (843 modules)
 ✓ Compiled in 830ms (843 modules)
 ✓ Compiled in 711ms (843 modules)
 ✓ Compiled in 763ms (843 modules)
 GET / 200 in 2662ms
 ✓ Compiled in 873ms (843 modules)
 ✓ Compiled in 709ms (843 modules)
 ✓ Compiled in 753ms (843 modules)
 GET / 200 in 2665ms
 ✓ Compiled in 838ms (843 modules)
 ✓ Compiled in 800ms (843 modules)
 ✓ Compiled in 748ms (843 modules)
 GET / 200 in 2651ms
 ✓ Compiled in 934ms (843 modules)
 ✓ Compiled in 733ms (843 modules)
 ✓ Compiled in 744ms (843 modules)
 GET / 200 in 2899ms
 ✓ Compiled in 891ms (843 modules)
 ✓ Compiled in 708ms (843 modules)
 ✓ Compiled in 749ms (843 modules)
 GET / 200 in 2846ms
 ✓ Compiled in 924ms (843 modules)
 ✓ Compiled in 810ms (843 modules)
 ✓ Compiled in 834ms (843 modules)
 GET / 200 in 3104ms
 ✓ Compiled in 770ms (843 modules)
 ✓ Compiled in 829ms (843 modules)
 ✓ Compiled in 780ms (843 modules)
 GET / 200 in 2677ms
 ✓ Compiled in 767ms (843 modules)
 ✓ Compiled in 819ms (843 modules)
 ✓ Compiled in 708ms (843 modules)
 ✓ Compiled in 748ms (843 modules)
 GET / 200 in 2613ms
 ✓ Compiled in 911ms (843 modules)
 ✓ Compiled in 774ms (843 modules)
 ✓ Compiled in 725ms (843 modules)
 GET / 200 in 2739ms
 ✓ Compiled in 864ms (843 modules)
 ✓ Compiled in 778ms (843 modules)
 ✓ Compiled in 719ms (843 modules)
 GET / 200 in 2638ms
 ✓ Compiled in 872ms (843 modules)
 ✓ Compiled in 711ms (843 modules)
 ✓ Compiled in 735ms (843 modules)
 GET / 200 in 2795ms
 ✓ Compiled in 770ms (843 modules)
 ✓ Compiled in 848ms (843 modules)
 ✓ Compiled in 725ms (843 modules)
 GET / 200 in 2921ms
 ✓ Compiled in 737ms (843 modules)
 ✓ Compiled in 877ms (843 modules)
 ✓ Compiled in 727ms (843 modules)
 GET / 200 in 2654ms
 ✓ Compiled in 748ms (843 modules)
 ✓ Compiled in 850ms (843 modules)
 ✓ Compiled in 737ms (843 modules)
 ✓ Compiled in 770ms (843 modules)
 GET / 200 in 2672ms
 ✓ Compiled in 841ms (843 modules)
 ✓ Compiled in 742ms (843 modules)
 ✓ Compiled in 811ms (843 modules)
 GET / 200 in 2942ms
 ✓ Compiled in 1237ms (843 modules)
 ✓ Compiled in 950ms (843 modules)
 ✓ Compiled in 1046ms (843 modules)
 GET / 200 in 3890ms
 ✓ Compiled in 1232ms (843 modules)
 ✓ Compiled in 986ms (843 modules)
 ✓ Compiled in 975ms (843 modules)
 GET / 200 in 3863ms
 ✓ Compiled in 1201ms (843 modules)
 ✓ Compiled in 1025ms (843 modules)
 ✓ Compiled in 1005ms (843 modules)
 GET / 200 in 3905ms
 ✓ Compiled in 1051ms (843 modules)
 ✓ Compiled in 1303ms (843 modules)
 ✓ Compiled in 1030ms (843 modules)
 GET / 200 in 3778ms
 ✓ Compiled in 1056ms (843 modules)
 ✓ Compiled in 1132ms (843 modules)
 ✓ Compiled in 999ms (843 modules)
 ✓ Compiled in 1012ms (843 modules)
 GET / 200 in 3545ms
 ✓ Compiled in 1199ms (843 modules)
 ✓ Compiled in 1035ms (843 modules)
 ✓ Compiled in 1029ms (843 modules)
 GET / 200 in 3667ms
 ✓ Compiled in 1179ms (843 modules)
 ✓ Compiled in 1016ms (843 modules)
 ✓ Compiled in 1046ms (843 modules)
 GET / 200 in 3569ms
 ✓ Compiled in 1200ms (843 modules)
 ✓ Compiled in 1006ms (843 modules)
 ✓ Compiled in 1105ms (843 modules)
 GET / 200 in 3953ms
 ✓ Compiled in 1020ms (843 modules)
 ✓ Compiled in 1101ms (843 modules)
 ✓ Compiled in 918ms (843 modules)
 GET / 200 in 3842ms
 ✓ Compiled in 994ms (843 modules)
 ✓ Compiled in 1042ms (843 modules)
 ✓ Compiled in 949ms (843 modules)
 GET / 200 in 3291ms
 ✓ Compiled in 890ms (843 modules)
 ✓ Compiled in 1097ms (843 modules)
 ✓ Compiled in 863ms (843 modules)
 ✓ Compiled in 979ms (843 modules)
 GET / 200 in 3306ms
 ✓ Compiled in 1046ms (843 modules)
 ✓ Compiled in 924ms (843 modules)
 ✓ Compiled in 928ms (843 modules)
 GET / 200 in 3237ms
 ✓ Compiled in 1087ms (843 modules)
 ✓ Compiled in 926ms (843 modules)
 ✓ Compiled in 926ms (843 modules)
 GET / 200 in 3532ms
 ✓ Compiled in 1117ms (843 modules)
 ✓ Compiled in 1120ms (843 modules)
 ✓ Compiled in 1014ms (843 modules)
 GET / 200 in 3906ms
 ✓ Compiled in 1189ms (843 modules)
 ✓ Compiled in 894ms (843 modules)
 ✓ Compiled in 855ms (843 modules)
 GET / 200 in 3525ms
 ✓ Compiled in 949ms (843 modules)
 ✓ Compiled in 1016ms (843 modules)
 ✓ Compiled in 962ms (843 modules)
 GET / 200 in 3221ms
 ✓ Compiled in 883ms (843 modules)
 ✓ Compiled in 1294ms (843 modules)
 ✓ Compiled in 1613ms (843 modules)
 ✓ Compiled in 1097ms (843 modules)
 GET / 200 in 4537ms
 ✓ Compiled in 1162ms (843 modules)
 ✓ Compiled in 931ms (843 modules)
 ✓ Compiled in 2.3s (843 modules)
 GET / 200 in 5044ms
 ✓ Compiled in 3.8s (843 modules)
 ✓ Compiled in 3s (843 modules)
 ✓ Compiled in 1027ms (843 modules)
 GET / 200 in 8149ms
 ✓ Compiled in 1062ms (843 modules)
 ✓ Compiled in 910ms (843 modules)
 ✓ Compiled in 871ms (843 modules)
 GET / 200 in 3422ms
 ✓ Compiled in 1005ms (843 modules)
 ✓ Compiled in 1054ms (843 modules)
 ✓ Compiled in 951ms (843 modules)
 GET / 200 in 3793ms
 ✓ Compiled in 988ms (843 modules)
 ✓ Compiled in 1115ms (843 modules)
 ✓ Compiled in 938ms (843 modules)
 ✓ Compiled in 933ms (843 modules)
 GET / 200 in 3427ms
 ✓ Compiled in 1358ms (843 modules)
 ✓ Compiled in 1227ms (843 modules)
 ✓ Compiled in 956ms (843 modules)
 GET / 200 in 3918ms
 ✓ Compiled in 1142ms (843 modules)
 ✓ Compiled in 996ms (843 modules)
 ✓ Compiled in 919ms (843 modules)
 GET / 200 in 3336ms
 ✓ Compiled in 979ms (843 modules)
 ✓ Compiled in 870ms (843 modules)
 ✓ Compiled in 912ms (843 modules)
 GET / 200 in 3363ms
 ✓ Compiled in 1092ms (843 modules)
 ✓ Compiled in 859ms (843 modules)
 ✓ Compiled in 936ms (843 modules)
 GET / 200 in 3396ms
 ✓ Compiled in 985ms (843 modules)
 ✓ Compiled in 917ms (843 modules)
 ✓ Compiled in 896ms (843 modules)
 GET / 200 in 3436ms
 ✓ Compiled in 878ms (843 modules)
 ✓ Compiled in 1079ms (843 modules)
 ✓ Compiled in 937ms (843 modules)
 GET / 200 in 3350ms
 ✓ Compiled in 977ms (843 modules)
 ✓ Compiled in 1098ms (843 modules)
 ✓ Compiled in 996ms (843 modules)
 ✓ Compiled in 1025ms (843 modules)
 GET / 200 in 3520ms
 ✓ Compiled in 1189ms (843 modules)
 ✓ Compiled in 862ms (843 modules)
 ✓ Compiled in 825ms (843 modules)
 GET / 200 in 3183ms
 ✓ Compiled in 1023ms (843 modules)
 ✓ Compiled in 918ms (843 modules)
 ✓ Compiled in 787ms (843 modules)
 GET / 200 in 3365ms
 ✓ Compiled in 1107ms (843 modules)
 ✓ Compiled in 809ms (843 modules)
 ✓ Compiled in 996ms (843 modules)
 GET / 200 in 3728ms
 ✓ Compiled in 1582ms (843 modules)
 ✓ Compiled in 1065ms (843 modules)
 ✓ Compiled in 1127ms (843 modules)
 GET / 200 in 4526ms
 ✓ Compiled in 1046ms (843 modules)
 ✓ Compiled in 893ms (843 modules)
 ✓ Compiled in 849ms (843 modules)
 GET / 200 in 3356ms
 ✓ Compiled in 1202ms (843 modules)
 ✓ Compiled in 1134ms (843 modules)
 ✓ Compiled in 788ms (843 modules)
 ✓ Compiled in 890ms (843 modules)
 GET / 200 in 3578ms
 ✓ Compiled in 1024ms (843 modules)
 ✓ Compiled in 1009ms (843 modules)
 ✓ Compiled in 833ms (843 modules)
 GET / 200 in 3156ms
 ✓ Compiled in 991ms (843 modules)
 ✓ Compiled in 765ms (843 modules)
 ✓ Compiled in 748ms (843 modules)
 GET / 200 in 2816ms
 ✓ Compiled in 913ms (843 modules)
 ✓ Compiled in 864ms (843 modules)
 ✓ Compiled in 827ms (843 modules)
 GET / 200 in 3125ms
 ✓ Compiled in 802ms (843 modules)
 ✓ Compiled in 919ms (843 modules)
 ✓ Compiled in 1023ms (843 modules)
 GET / 200 in 3418ms
 ✓ Compiled in 821ms (843 modules)
 ✓ Compiled in 973ms (843 modules)
 ✓ Compiled in 870ms (843 modules)
 ✓ Compiled in 808ms (843 modules)
 GET / 200 in 2997ms
 ✓ Compiled in 964ms (843 modules)
 ✓ Compiled in 861ms (843 modules)
 ✓ Compiled in 844ms (843 modules)
 GET / 200 in 2993ms
 ✓ Compiled in 964ms (843 modules)
 ✓ Compiled in 727ms (843 modules)
 ✓ Compiled in 841ms (843 modules)
 GET / 200 in 2807ms
 ✓ Compiled in 881ms (843 modules)
 ✓ Compiled in 836ms (843 modules)
 ✓ Compiled in 977ms (843 modules)
 GET / 200 in 3228ms
 ✓ Compiled in 882ms (843 modules)
 ✓ Compiled in 966ms (843 modules)
 ✓ Compiled in 845ms (843 modules)
 GET / 200 in 3409ms
 ✓ Compiled in 876ms (843 modules)
 ✓ Compiled in 1149ms (843 modules)
 ✓ Compiled in 791ms (843 modules)
 ✓ Compiled in 835ms (843 modules)
 GET / 200 in 3149ms
 ✓ Compiled in 1154ms (843 modules)
 ✓ Compiled in 973ms (843 modules)
 ✓ Compiled in 774ms (843 modules)
 GET / 200 in 3253ms
 ✓ Compiled in 1004ms (843 modules)
 ✓ Compiled in 817ms (843 modules)
 ✓ Compiled in 910ms (843 modules)
 GET / 200 in 3004ms
 ✓ Compiled in 1025ms (843 modules)
 ✓ Compiled in 889ms (843 modules)
 ✓ Compiled in 834ms (843 modules)
 GET / 200 in 2987ms
 ✓ Compiled in 916ms (843 modules)
 ✓ Compiled in 740ms (843 modules)
 ✓ Compiled in 753ms (843 modules)
 GET / 200 in 2955ms
 ✓ Compiled in 947ms (843 modules)
 ✓ Compiled in 793ms (843 modules)
 ✓ Compiled in 786ms (843 modules)
 GET / 200 in 3005ms
 ✓ Compiled in 775ms (843 modules)
 ✓ Compiled in 960ms (843 modules)
 ✓ Compiled in 774ms (843 modules)
 GET / 200 in 3062ms
 ✓ Compiled in 1026ms (843 modules)
 ✓ Compiled in 1194ms (843 modules)
 ✓ Compiled in 862ms (843 modules)
 ✓ Compiled in 818ms (843 modules)
 GET / 200 in 3481ms
 ✓ Compiled in 924ms (843 modules)
 ✓ Compiled in 760ms (843 modules)
 ✓ Compiled in 906ms (843 modules)
 GET / 200 in 2949ms
 ✓ Compiled in 1130ms (843 modules)
 ✓ Compiled in 955ms (843 modules)
 ✓ Compiled in 940ms (843 modules)
 GET / 200 in 3313ms
 ✓ Compiled in 1002ms (843 modules)
 ✓ Compiled in 961ms (843 modules)
 ✓ Compiled in 936ms (843 modules)
 GET / 200 in 3448ms
 ✓ Compiled in 1010ms (843 modules)
 ✓ Compiled in 842ms (843 modules)
 ✓ Compiled in 953ms (843 modules)
 GET / 200 in 3363ms
 ✓ Compiled in 1053ms (843 modules)
 ✓ Compiled in 939ms (843 modules)
 ✓ Compiled in 1005ms (843 modules)
 GET / 200 in 3603ms
 ✓ Compiled in 961ms (843 modules)
 ✓ Compiled in 1083ms (843 modules)
 ✓ Compiled in 929ms (843 modules)
 GET / 200 in 3402ms
 ✓ Compiled in 1028ms (843 modules)
 ✓ Compiled in 985ms (843 modules)
 ✓ Compiled in 925ms (843 modules)
 ✓ Compiled in 918ms (843 modules)
 GET / 200 in 3221ms
 ✓ Compiled in 1066ms (843 modules)
 ✓ Compiled in 861ms (843 modules)
 ✓ Compiled in 855ms (843 modules)
 GET / 200 in 3154ms
 ✓ Compiled in 1043ms (843 modules)
 ✓ Compiled in 1036ms (843 modules)
 ✓ Compiled in 950ms (843 modules)
 GET / 200 in 3329ms
 ✓ Compiled in 979ms (843 modules)
 ✓ Compiled in 878ms (843 modules)
 ✓ Compiled in 771ms (843 modules)
 GET / 200 in 3217ms
 ✓ Compiled in 961ms (843 modules)
 ✓ Compiled in 1015ms (843 modules)
 ✓ Compiled in 935ms (843 modules)
 GET / 200 in 3681ms
 ✓ Compiled in 958ms (843 modules)
 ✓ Compiled in 1190ms (843 modules)
 ✓ Compiled in 937ms (843 modules)
 ✓ Compiled in 951ms (843 modules)
 GET / 200 in 3458ms
 ✓ Compiled in 1047ms (843 modules)
 ✓ Compiled in 858ms (843 modules)
 ✓ Compiled in 914ms (843 modules)
 GET / 200 in 3179ms
 ✓ Compiled in 1111ms (843 modules)
 ✓ Compiled in 854ms (843 modules)
 ✓ Compiled in 851ms (843 modules)
 GET / 200 in 3102ms
 ✓ Compiled in 1076ms (843 modules)
 ✓ Compiled in 941ms (843 modules)
 ✓ Compiled in 1037ms (843 modules)
 GET / 200 in 3651ms
 ✓ Compiled in 1077ms (843 modules)
 ✓ Compiled in 902ms (843 modules)
 ✓ Compiled in 929ms (843 modules)
 GET / 200 in 3422ms
 ✓ Compiled in 1204ms (843 modules)
 ✓ Compiled in 839ms (843 modules)
 ✓ Compiled in 964ms (843 modules)
 GET / 200 in 3651ms
 ✓ Compiled in 866ms (843 modules)
 ✓ Compiled in 932ms (843 modules)
 ✓ Compiled in 726ms (843 modules)
 GET / 200 in 2745ms
 ✓ Compiled in 790ms (843 modules)
 ✓ Compiled in 895ms (843 modules)
 ✓ Compiled in 753ms (843 modules)
 ✓ Compiled in 758ms (843 modules)
 GET / 200 in 2730ms
 ✓ Compiled in 901ms (843 modules)
 ✓ Compiled in 771ms (843 modules)
 ✓ Compiled in 767ms (843 modules)
 GET / 200 in 2785ms
 ✓ Compiled in 906ms (843 modules)
 ✓ Compiled in 846ms (843 modules)
 ✓ Compiled in 782ms (843 modules)
 GET / 200 in 2843ms
 ✓ Compiled in 885ms (843 modules)
 ✓ Compiled in 745ms (843 modules)
 ✓ Compiled in 730ms (843 modules)
 GET / 200 in 2931ms
 ✓ Compiled in 939ms (843 modules)
 ✓ Compiled in 945ms (843 modules)
 ✓ Compiled in 762ms (843 modules)
 GET / 200 in 3222ms
 ✓ Compiled in 764ms (843 modules)
 ✓ Compiled in 891ms (843 modules)
 ✓ Compiled in 807ms (843 modules)
 GET / 200 in 2767ms
 ✓ Compiled in 783ms (843 modules)
 ✓ Compiled in 864ms (843 modules)
 ✓ Compiled in 748ms (843 modules)
 ✓ Compiled in 856ms (843 modules)
 GET / 200 in 2793ms
 ✓ Compiled in 845ms (843 modules)
 ✓ Compiled in 801ms (843 modules)
 ✓ Compiled in 759ms (843 modules)
 GET / 200 in 2754ms
 ✓ Compiled in 866ms (843 modules)
 ✓ Compiled in 786ms (843 modules)
 ✓ Compiled in 744ms (843 modules)
 GET / 200 in 2662ms
 ✓ Compiled in 857ms (843 modules)
 ✓ Compiled in 753ms (843 modules)
 ✓ Compiled in 829ms (843 modules)
 GET / 200 in 2942ms
 ✓ Compiled in 890ms (843 modules)
 ✓ Compiled in 758ms (843 modules)
 ✓ Compiled in 738ms (843 modules)
 GET / 200 in 2886ms
 ✓ Compiled in 787ms (843 modules)
 ✓ Compiled in 932ms (843 modules)
 ✓ Compiled in 731ms (843 modules)
 GET / 200 in 3006ms
 ✓ Compiled in 775ms (843 modules)
 ✓ Compiled in 972ms (843 modules)
 ✓ Compiled in 876ms (843 modules)
 ✓ Compiled in 807ms (843 modules)
 GET / 200 in 2994ms
 ✓ Compiled in 848ms (843 modules)
 ✓ Compiled in 742ms (843 modules)
 ✓ Compiled in 886ms (843 modules)
 GET / 200 in 2840ms
 ✓ Compiled in 963ms (843 modules)
 ✓ Compiled in 826ms (843 modules)
 ✓ Compiled in 801ms (843 modules)
 GET / 200 in 2854ms
 ✓ Compiled in 1208ms (843 modules)
 ✓ Compiled in 922ms (843 modules)
 ✓ Compiled in 896ms (843 modules)
 GET / 200 in 3602ms
 ✓ Compiled in 877ms (843 modules)
 ✓ Compiled in 973ms (843 modules)
 ✓ Compiled in 883ms (843 modules)
 GET / 200 in 3472ms
 ✓ Compiled in 937ms (843 modules)
 ✓ Compiled in 1044ms (843 modules)
 ✓ Compiled in 830ms (843 modules)
 GET / 200 in 3105ms
 ✓ Compiled in 885ms (843 modules)
 ✓ Compiled in 977ms (843 modules)
 ✓ Compiled in 821ms (843 modules)
 ✓ Compiled in 879ms (843 modules)
 GET / 200 in 3055ms
 ✓ Compiled in 951ms (843 modules)
 ✓ Compiled in 767ms (843 modules)
 ✓ Compiled in 884ms (843 modules)
 GET / 200 in 2953ms
 ✓ Compiled in 1089ms (843 modules)
 ✓ Compiled in 878ms (843 modules)
 ✓ Compiled in 1100ms (843 modules)
 GET / 200 in 3385ms
 ✓ Compiled in 1143ms (843 modules)
 ✓ Compiled in 849ms (843 modules)
 ✓ Compiled in 1011ms (843 modules)
 GET / 200 in 3714ms
 ✓ Compiled in 1061ms (843 modules)
 ✓ Compiled in 978ms (843 modules)
 ✓ Compiled in 833ms (843 modules)
 GET / 200 in 3609ms
 ✓ Compiled in 924ms (843 modules)
 ✓ Compiled in 1157ms (843 modules)
 ✓ Compiled in 860ms (843 modules)
 ✓ Compiled in 829ms (843 modules)
 GET / 200 in 3246ms
 ✓ Compiled in 1006ms (843 modules)
 ✓ Compiled in 938ms (843 modules)
 ✓ Compiled in 822ms (843 modules)
 GET / 200 in 3109ms
 ✓ Compiled in 1010ms (843 modules)
 ✓ Compiled in 902ms (843 modules)
 ✓ Compiled in 870ms (843 modules)
 GET / 200 in 3044ms
 ✓ Compiled in 945ms (843 modules)
 ✓ Compiled in 884ms (843 modules)
 ✓ Compiled in 914ms (843 modules)
 GET / 200 in 3381ms
 ✓ Compiled in 1095ms (843 modules)
 ✓ Compiled in 836ms (843 modules)
 ✓ Compiled in 864ms (843 modules)
 GET / 200 in 3318ms
 ✓ Compiled in 938ms (843 modules)
 ✓ Compiled in 871ms (843 modules)
 ✓ Compiled in 886ms (843 modules)
 GET / 200 in 3333ms
 ✓ Compiled in 859ms (843 modules)
 ✓ Compiled in 967ms (843 modules)
 ✓ Compiled in 957ms (843 modules)
 GET / 200 in 3123ms
 ✓ Compiled in 870ms (843 modules)
 ✓ Compiled in 998ms (843 modules)
 ✓ Compiled in 866ms (843 modules)
 ✓ Compiled in 896ms (843 modules)
 GET / 200 in 3110ms
 ✓ Compiled in 1006ms (843 modules)
 ✓ Compiled in 858ms (843 modules)
 ✓ Compiled in 875ms (843 modules)
 GET / 200 in 3159ms
 ✓ Compiled in 1337ms (843 modules)
 ✓ Compiled in 1353ms (843 modules)
 ✓ Compiled in 1117ms (843 modules)
 GET / 200 in 4306ms
 ✓ Compiled in 1272ms (843 modules)
 ✓ Compiled in 1075ms (843 modules)
 ✓ Compiled in 1022ms (843 modules)
 GET / 200 in 4096ms
 ✓ Compiled in 1125ms (843 modules)
 ✓ Compiled in 1223ms (843 modules)
 ✓ Compiled in 1028ms (843 modules)
 GET / 200 in 4253ms
 ✓ Compiled in 1077ms (843 modules)
 ✓ Compiled in 1255ms (843 modules)
 ✓ Compiled in 1025ms (843 modules)
 GET / 200 in 3709ms
 ✓ Compiled in 1038ms (843 modules)
 ✓ Compiled in 1203ms (843 modules)
 ✓ Compiled in 2.3s (843 modules)
 ✓ Compiled in 1161ms (843 modules)
 GET / 200 in 5084ms
 ✓ Compiled in 1338ms (843 modules)
 ✓ Compiled in 1048ms (843 modules)
 ✓ Compiled in 1029ms (843 modules)
 GET / 200 in 3749ms
 ✓ Compiled in 1230ms (843 modules)
 ✓ Compiled in 986ms (843 modules)
 ✓ Compiled in 975ms (843 modules)
 GET / 200 in 3475ms
 ✓ Compiled in 1109ms (843 modules)
 ✓ Compiled in 817ms (843 modules)
 ✓ Compiled in 943ms (843 modules)
 GET / 200 in 3489ms
 ✓ Compiled in 1048ms (843 modules)
 ✓ Compiled in 1278ms (843 modules)
 ✓ Compiled in 1044ms (843 modules)
 GET / 200 in 4351ms
 ✓ Compiled in 1177ms (843 modules)
 ✓ Compiled in 1192ms (843 modules)
 ✓ Compiled in 1605ms (843 modules)
 GET / 200 in 4600ms
 ✓ Compiled in 1308ms (843 modules)
 ✓ Compiled in 1714ms (843 modules)
 ✓ Compiled in 1158ms (843 modules)
 ✓ Compiled in 1352ms (843 modules)
 GET / 200 in 4640ms
 ✓ Compiled in 1124ms (843 modules)
 ✓ Compiled in 1149ms (843 modules)
 ✓ Compiled in 950ms (843 modules)
 GET / 200 in 3601ms
 ✓ Compiled in 1040ms (843 modules)
 ✓ Compiled in 964ms (843 modules)
 ✓ Compiled in 1083ms (843 modules)
 GET / 200 in 3364ms
 ✓ Compiled in 1189ms (843 modules)
 ✓ Compiled in 1042ms (843 modules)
 ✓ Compiled in 1085ms (843 modules)
 GET / 200 in 4293ms
 ✓ Compiled in 1623ms (843 modules)
 ✓ Compiled in 1053ms (843 modules)
 ✓ Compiled in 1322ms (843 modules)
 GET / 200 in 4820ms
 ✓ Compiled in 1309ms (843 modules)
 ✓ Compiled in 1032ms (843 modules)
 ✓ Compiled in 1027ms (843 modules)
 GET / 200 in 4152ms
 ✓ Compiled in 1051ms (843 modules)
 ✓ Compiled in 1225ms (843 modules)
 ✓ Compiled in 985ms (843 modules)
 GET / 200 in 3671ms
 ✓ Compiled in 1083ms (843 modules)
 ✓ Compiled in 1497ms (843 modules)
 ✓ Compiled in 1237ms (843 modules)
 ✓ Compiled in 1237ms (843 modules)
 GET / 200 in 4552ms
 ✓ Compiled in 1337ms (843 modules)
 ✓ Compiled in 1184ms (843 modules)
 ✓ Compiled in 1474ms (843 modules)
 GET / 200 in 4420ms
 ✓ Compiled in 2.2s (843 modules)
 ✓ Compiled in 2.4s (843 modules)
 ✓ Compiled in 4.3s (843 modules)
 GET / 200 in 9536ms
 ✓ Compiled in 3s (843 modules)
 ✓ Compiled in 1694ms (843 modules)
 ✓ Compiled in 1567ms (843 modules)
 GET / 200 in 7205ms
 ✓ Compiled in 1769ms (843 modules)
 ✓ Compiled in 1398ms (843 modules)
 ✓ Compiled in 1319ms (843 modules)
 GET / 200 in 5358ms
 ✓ Compiled in 1310ms (843 modules)
 ✓ Compiled in 1455ms (843 modules)
 ✓ Compiled in 1455ms (843 modules)
 GET / 200 in 5216ms
 ✓ Compiled in 1875ms (843 modules)
 ✓ Compiled in 1236ms (843 modules)
 ✓ Compiled in 1279ms (843 modules)
 ✓ Compiled in 1310ms (843 modules)
 GET / 200 in 4333ms
 ✓ Compiled in 1392ms (843 modules)
 ✓ Compiled in 1053ms (843 modules)
 ✓ Compiled in 1029ms (843 modules)
 GET / 200 in 3902ms
 ✓ Compiled in 1142ms (843 modules)
 ✓ Compiled in 994ms (843 modules)
 ✓ Compiled in 1034ms (843 modules)
 GET / 200 in 3483ms
 ✓ Compiled in 1129ms (843 modules)
 ✓ Compiled in 1002ms (843 modules)
 ✓ Compiled in 1030ms (843 modules)
 GET / 200 in 3886ms
 ✓ Compiled in 1198ms (843 modules)
 ✓ Compiled in 1021ms (843 modules)
 ✓ Compiled in 1086ms (843 modules)
 GET / 200 in 4047ms
 ✓ Compiled in 1214ms (843 modules)
 ✓ Compiled in 946ms (843 modules)
 ✓ Compiled in 1071ms (843 modules)
 GET / 200 in 4123ms
 ✓ Compiled in 1170ms (843 modules)
 ✓ Compiled in 1045ms (843 modules)
 ✓ Compiled in 1115ms (843 modules)
 GET / 200 in 3822ms
 ✓ Compiled in 1313ms (843 modules)
 ✓ Compiled in 1334ms (843 modules)
 ✓ Compiled in 866ms (843 modules)
 ✓ Compiled in 955ms (843 modules)
 GET / 200 in 3776ms
 ✓ Compiled in 1080ms (843 modules)
 ✓ Compiled in 1012ms (843 modules)
 ✓ Compiled in 956ms (843 modules)
 GET / 200 in 3371ms
 ✓ Compiled in 1057ms (843 modules)
 ✓ Compiled in 892ms (843 modules)
 ✓ Compiled in 925ms (843 modules)
 GET / 200 in 3182ms
 ✓ Compiled in 1067ms (843 modules)
 ✓ Compiled in 1001ms (843 modules)
 ✓ Compiled in 992ms (843 modules)
 GET / 200 in 3780ms
 ✓ Compiled in 1098ms (843 modules)
 ✓ Compiled in 1459ms (843 modules)
 ✓ Compiled in 1104ms (843 modules)
 GET / 200 in 4520ms
 ✓ Compiled in 1008ms (843 modules)
 ✓ Compiled in 1168ms (843 modules)
 ✓ Compiled in 900ms (843 modules)
 GET / 200 in 3320ms
 ✓ Compiled in 897ms (843 modules)
 ✓ Compiled in 1002ms (843 modules)
 ✓ Compiled in 1028ms (843 modules)
 ✓ Compiled in 933ms (843 modules)
 GET / 200 in 3295ms
 ✓ Compiled in 1071ms (843 modules)
 ✓ Compiled in 1008ms (843 modules)
 ✓ Compiled in 888ms (843 modules)
 GET / 200 in 3240ms
 ✓ Compiled in 1125ms (843 modules)
 ✓ Compiled in 929ms (843 modules)
 ✓ Compiled in 958ms (843 modules)
 GET / 200 in 3295ms
 ✓ Compiled in 1113ms (843 modules)
 ✓ Compiled in 940ms (843 modules)
 ✓ Compiled in 920ms (843 modules)
 GET / 200 in 3701ms
 ✓ Compiled in 1007ms (843 modules)
 ✓ Compiled in 1115ms (843 modules)
 ✓ Compiled in 950ms (843 modules)
 GET / 200 in 3896ms
 ✓ Compiled in 988ms (843 modules)
 ✓ Compiled in 1060ms (843 modules)
 ✓ Compiled in 1020ms (843 modules)
 ✓ Compiled in 985ms (843 modules)
 GET / 200 in 3473ms
 ✓ Compiled in 1081ms (843 modules)
 ✓ Compiled in 970ms (843 modules)
 ✓ Compiled in 890ms (843 modules)
 GET / 200 in 3287ms
 ✓ Compiled in 1083ms (843 modules)
 ✓ Compiled in 967ms (843 modules)
 ✓ Compiled in 877ms (843 modules)
 GET / 200 in 3195ms
 ✓ Compiled in 1061ms (843 modules)
 ✓ Compiled in 1015ms (843 modules)
 ✓ Compiled in 886ms (843 modules)
 GET / 200 in 3656ms
 ✓ Compiled in 971ms (843 modules)
 ✓ Compiled in 1013ms (843 modules)
 ✓ Compiled in 950ms (843 modules)
 GET / 200 in 3830ms
 ✓ Compiled in 1070ms (843 modules)
 ✓ Compiled in 1016ms (843 modules)
 ✓ Compiled in 1055ms (843 modules)
 ✓ Compiled in 1062ms (843 modules)
 GET / 200 in 3516ms
 ✓ Compiled in 1140ms (843 modules)
 ✓ Compiled in 1124ms (843 modules)
 ✓ Compiled in 1187ms (843 modules)
 GET / 200 in 3830ms
 ✓ Compiled in 1412ms (843 modules)
 ✓ Compiled in 919ms (843 modules)
 ✓ Compiled in 1003ms (843 modules)
 GET / 200 in 3634ms
 ✓ Compiled in 1271ms (843 modules)
 ✓ Compiled in 906ms (843 modules)
 ✓ Compiled in 959ms (843 modules)
 GET / 200 in 3913ms
 ✓ Compiled in 1226ms (843 modules)
 ✓ Compiled in 1015ms (843 modules)
 ✓ Compiled in 1153ms (843 modules)
 GET / 200 in 4066ms
 ✓ Compiled in 1131ms (843 modules)
 ✓ Compiled in 1050ms (843 modules)
 ✓ Compiled in 1034ms (843 modules)
 GET / 200 in 4211ms
 ✓ Compiled in 1083ms (843 modules)
 ✓ Compiled in 1216ms (843 modules)
 ✓ Compiled in 984ms (843 modules)
 GET / 200 in 3589ms
 ✓ Compiled in 1049ms (843 modules)
 ✓ Compiled in 1105ms (843 modules)
 ✓ Compiled in 966ms (843 modules)
 ✓ Compiled in 1055ms (843 modules)
 GET / 200 in 3467ms
 ✓ Compiled in 1293ms (843 modules)
 ✓ Compiled in 1023ms (843 modules)
 ✓ Compiled in 991ms (843 modules)
 GET / 200 in 3659ms
 ✓ Compiled in 1229ms (843 modules)
 ✓ Compiled in 1068ms (843 modules)
 ✓ Compiled in 1020ms (843 modules)
 GET / 200 in 3575ms
 ✓ Compiled in 1083ms (843 modules)
 ✓ Compiled in 1046ms (843 modules)
 ✓ Compiled in 1072ms (843 modules)
 GET / 200 in 3910ms
 ✓ Compiled in 1270ms (843 modules)
 ✓ Compiled in 1079ms (843 modules)
 ✓ Compiled in 1044ms (843 modules)
 GET / 200 in 4146ms
 ✓ Compiled in 1183ms (843 modules)
 ✓ Compiled in 990ms (843 modules)
 ✓ Compiled in 1078ms (843 modules)
 GET / 200 in 4152ms
 ✓ Compiled in 1120ms (843 modules)
 ✓ Compiled in 1166ms (843 modules)
 ✓ Compiled in 986ms (843 modules)
 GET / 200 in 3510ms
 ✓ Compiled in 1013ms (843 modules)
 ✓ Compiled in 1488ms (843 modules)
 ✓ Compiled in 1189ms (843 modules)
 ✓ Compiled in 1000ms (843 modules)
 GET / 200 in 4088ms
 ✓ Compiled in 1541ms (843 modules)
 ✓ Compiled in 1093ms (843 modules)
 ✓ Compiled in 1054ms (843 modules)
 GET / 200 in 4018ms
 ✓ Compiled in 1144ms (843 modules)
 ✓ Compiled in 1065ms (843 modules)
 ✓ Compiled in 1129ms (843 modules)
 GET / 200 in 3666ms
 ✓ Compiled in 1191ms (843 modules)
 ✓ Compiled in 1079ms (843 modules)
 ✓ Compiled in 1001ms (843 modules)
 GET / 200 in 3944ms
 ✓ Compiled in 1016ms (843 modules)
 ✓ Compiled in 1141ms (843 modules)
 ✓ Compiled in 1061ms (843 modules)
 GET / 200 in 4070ms
 ✓ Compiled in 1012ms (843 modules)
 ✓ Compiled in 1114ms (843 modules)
 ✓ Compiled in 1041ms (843 modules)
 ✓ Compiled in 1059ms (843 modules)
 GET / 200 in 3564ms
 ✓ Compiled in 1154ms (843 modules)
 ✓ Compiled in 1092ms (843 modules)
 ✓ Compiled in 1111ms (843 modules)
 GET / 200 in 3723ms
 ✓ Compiled in 1219ms (843 modules)
 ✓ Compiled in 1055ms (843 modules)
 ✓ Compiled in 968ms (843 modules)
 GET / 200 in 3593ms
 ✓ Compiled in 1328ms (843 modules)
 ✓ Compiled in 1252ms (843 modules)
 ✓ Compiled in 1020ms (843 modules)
 GET / 200 in 4539ms
 ✓ Compiled in 1122ms (843 modules)
 ✓ Compiled in 1282ms (843 modules)
 ✓ Compiled in 1206ms (843 modules)
 GET / 200 in 4516ms
 ✓ Compiled in 1089ms (843 modules)
 ✓ Compiled in 1132ms (843 modules)
 ✓ Compiled in 940ms (843 modules)
 ✓ Compiled in 931ms (843 modules)
 GET / 200 in 3365ms
 ✓ Compiled in 1293ms (843 modules)
 ✓ Compiled in 975ms (843 modules)
 ✓ Compiled in 1055ms (843 modules)
 GET / 200 in 3653ms
 ✓ Compiled in 1047ms (843 modules)
 ✓ Compiled in 1011ms (843 modules)
 ✓ Compiled in 984ms (843 modules)
 GET / 200 in 3307ms
 ✓ Compiled in 1051ms (843 modules)
 ✓ Compiled in 990ms (843 modules)
 ✓ Compiled in 934ms (843 modules)
 GET / 200 in 3209ms
 ✓ Compiled in 1032ms (843 modules)
 ✓ Compiled in 951ms (843 modules)
 ✓ Compiled in 1210ms (843 modules)
 GET / 200 in 3931ms
 ✓ Compiled in 1243ms (843 modules)
 ✓ Compiled in 1192ms (843 modules)
 ✓ Compiled in 1336ms (843 modules)
 GET / 200 in 4525ms
 ✓ Compiled in 1188ms (843 modules)
 ✓ Compiled in 887ms (843 modules)
 ✓ Compiled in 1119ms (843 modules)
 GET / 200 in 4776ms
 ✓ Compiled in 1962ms (843 modules)
 ✓ Compiled in 1150ms (843 modules)
 ✓ Compiled in 1152ms (843 modules)
 GET / 200 in 5019ms
 ✓ Compiled in 1107ms (843 modules)
 ✓ Compiled in 1158ms (843 modules)
 GET / 200 in 1378ms
 ✓ Compiled in 1549ms (843 modules)
 GET / 200 in 4061ms
 ✓ Compiled in 1039ms (843 modules)
 ✓ Compiled in 1085ms (843 modules)
 ✓ Compiled in 1067ms (843 modules)
 ✓ Compiled in 983ms (843 modules)
 GET / 200 in 3526ms
 ✓ Compiled in 1165ms (843 modules)
 ✓ Compiled in 1044ms (843 modules)
 ✓ Compiled in 1030ms (843 modules)
 GET / 200 in 3597ms
 ✓ Compiled in 1108ms (843 modules)
 ✓ Compiled in 971ms (843 modules)
 ✓ Compiled in 1212ms (843 modules)
 GET / 200 in 3579ms
 ✓ Compiled in 1115ms (843 modules)
 ✓ Compiled in 972ms (843 modules)
 ✓ Compiled in 979ms (843 modules)
 GET / 200 in 3778ms
 ✓ Compiled in 1051ms (843 modules)
 ✓ Compiled in 1109ms (843 modules)
 ✓ Compiled in 1019ms (843 modules)
 GET / 200 in 4051ms
 ✓ Compiled in 1030ms (843 modules)
 ✓ Compiled in 1146ms (843 modules)
 ✓ Compiled in 1293ms (843 modules)
 ✓ Compiled in 1089ms (843 modules)
 GET / 200 in 3896ms
 ✓ Compiled in 1141ms (843 modules)
 ✓ Compiled in 1139ms (843 modules)
 ✓ Compiled in 1163ms (843 modules)
 GET / 200 in 3998ms
 ✓ Compiled in 1248ms (843 modules)
 ✓ Compiled in 1003ms (843 modules)
 ✓ Compiled in 1038ms (843 modules)
 GET / 200 in 3625ms
 ✓ Compiled in 1291ms (843 modules)
 ✓ Compiled in 891ms (843 modules)
 ✓ Compiled in 912ms (843 modules)
 GET / 200 in 3850ms
 ✓ Compiled in 1086ms (843 modules)
 ✓ Compiled in 1135ms (843 modules)
 ✓ Compiled in 1041ms (843 modules)
 GET / 200 in 4076ms
 ✓ Compiled in 966ms (843 modules)
 ✓ Compiled in 1001ms (843 modules)
 ✓ Compiled in 950ms (843 modules)
 ✓ Compiled in 995ms (843 modules)
 GET / 200 in 3273ms
 ✓ Compiled in 1130ms (843 modules)
 ✓ Compiled in 1034ms (843 modules)
 ✓ Compiled in 921ms (843 modules)
 GET / 200 in 3404ms
 ✓ Compiled in 1099ms (843 modules)
 ✓ Compiled in 1006ms (843 modules)
 ✓ Compiled in 964ms (843 modules)
 GET / 200 in 3333ms
 ✓ Compiled in 1096ms (843 modules)
 ✓ Compiled in 1005ms (843 modules)
 ✓ Compiled in 1089ms (843 modules)
 GET / 200 in 3882ms
 ✓ Compiled in 1139ms (843 modules)
 ✓ Compiled in 1011ms (843 modules)
 ✓ Compiled in 975ms (843 modules)
 GET / 200 in 3878ms
 ✓ Compiled in 1201ms (843 modules)
 ✓ Compiled in 915ms (843 modules)
 ✓ Compiled in 933ms (843 modules)
 GET / 200 in 3729ms
 ✓ Compiled in 945ms (843 modules)
 ✓ Compiled in 1054ms (843 modules)
 ✓ Compiled in 930ms (843 modules)
 GET / 200 in 3226ms
 ✓ Compiled in 966ms (843 modules)
 ✓ Compiled in 1044ms (843 modules)
 ✓ Compiled in 957ms (843 modules)
 ✓ Compiled in 1104ms (843 modules)
 GET / 200 in 3430ms
 ✓ Compiled in 1104ms (843 modules)
 ✓ Compiled in 902ms (843 modules)
 ✓ Compiled in 1081ms (843 modules)
 GET / 200 in 3468ms
 ✓ Compiled in 1240ms (843 modules)
 ✓ Compiled in 1008ms (843 modules)
 ✓ Compiled in 1038ms (843 modules)
 GET / 200 in 3612ms
 ✓ Compiled in 1187ms (843 modules)
 ✓ Compiled in 1016ms (843 modules)
 ✓ Compiled in 959ms (843 modules)
 GET / 200 in 3930ms
 ✓ Compiled in 1312ms (843 modules)
 ✓ Compiled in 1005ms (843 modules)
 ✓ Compiled in 1076ms (843 modules)
 GET / 200 in 4230ms
 ✓ Compiled in 1196ms (843 modules)
 ✓ Compiled in 1364ms (843 modules)
 ✓ Compiled in 1001ms (843 modules)
 GET / 200 in 4330ms
 ✓ Compiled in 1036ms (843 modules)
 ✓ Compiled in 1133ms (843 modules)
 ✓ Compiled in 1374ms (843 modules)
 ✓ Compiled in 1105ms (843 modules)
 GET / 200 in 3984ms
 ✓ Compiled in 1378ms (843 modules)
 ✓ Compiled in 1066ms (843 modules)
 ✓ Compiled in 1084ms (843 modules)
 GET / 200 in 3932ms
 ✓ Compiled in 1140ms (843 modules)
 ✓ Compiled in 1042ms (843 modules)
 ✓ Compiled in 1028ms (843 modules)
 GET / 200 in 3476ms
 ✓ Compiled in 1086ms (843 modules)
 ✓ Compiled in 966ms (843 modules)
 ✓ Compiled in 1059ms (843 modules)
 GET / 200 in 3818ms
 ✓ Compiled in 1194ms (843 modules)
 ✓ Compiled in 1062ms (843 modules)
 ✓ Compiled in 1102ms (843 modules)
 GET / 200 in 4102ms
 ✓ Compiled in 1167ms (843 modules)
 ✓ Compiled in 1018ms (843 modules)
 ✓ Compiled in 1028ms (843 modules)
 GET / 200 in 3999ms
 ✓ Compiled in 1034ms (843 modules)
 ✓ Compiled in 1155ms (843 modules)
 ✓ Compiled in 1062ms (843 modules)
 GET / 200 in 3657ms
 ✓ Compiled in 1083ms (843 modules)
 ✓ Compiled in 1145ms (843 modules)
 ✓ Compiled in 833ms (843 modules)
 ✓ Compiled in 1156ms (843 modules)
 GET / 200 in 3496ms
 ✓ Compiled in 1652ms (843 modules)
 ✓ Compiled in 1416ms (843 modules)
 ✓ Compiled in 972ms (843 modules)
 GET / 200 in 4402ms
 ✓ Compiled in 779ms (843 modules)
 ✓ Compiled in 797ms (843 modules)
 ✓ Compiled in 1155ms (843 modules)
 GET / 200 in 3015ms
 ✓ Compiled in 1319ms (843 modules)
 ✓ Compiled in 1155ms (843 modules)
 ✓ Compiled in 1349ms (843 modules)
 GET / 200 in 4665ms
 ✓ Compiled in 1169ms (843 modules)
 ✓ Compiled in 1360ms (843 modules)
 ✓ Compiled in 1248ms (843 modules)
 GET / 200 in 4834ms
 ✓ Compiled in 1246ms (843 modules)
 ✓ Compiled in 833ms (843 modules)
 ✓ Compiled in 848ms (843 modules)
 GET / 200 in 3312ms
 ✓ Compiled in 1280ms (843 modules)
 ✓ Compiled in 1384ms (843 modules)
 ✓ Compiled in 678ms (843 modules)
 ✓ Compiled in 855ms (843 modules)
 GET / 200 in 3324ms
 ✓ Compiled in 1399ms (843 modules)
 ✓ Compiled in 1263ms (843 modules)
 ✓ Compiled in 1206ms (843 modules)
 GET / 200 in 4294ms
 ✓ Compiled in 1382ms (843 modules)
 ✓ Compiled in 1200ms (843 modules)
 ✓ Compiled in 1309ms (843 modules)
 GET / 200 in 4244ms
 ✓ Compiled in 1789ms (843 modules)
 ✓ Compiled in 1529ms (843 modules)
 ✓ Compiled in 1445ms (843 modules)
 GET / 200 in 5647ms
 ✓ Compiled in 1337ms (843 modules)
 ✓ Compiled in 1003ms (843 modules)
 ✓ Compiled in 1109ms (843 modules)
 GET / 200 in 4516ms
 ✓ Compiled in 1436ms (843 modules)
 ✓ Compiled in 1116ms (843 modules)
 ✓ Compiled in 651ms (843 modules)
 GET / 200 in 3557ms
 ✓ Compiled in 671ms (843 modules)
 ✓ Compiled in 783ms (843 modules)
 ✓ Compiled in 690ms (843 modules)
 GET / 200 in 2963ms
 ✓ Compiled in 993ms (843 modules)
 ✓ Compiled in 1230ms (843 modules)
 ✓ Compiled in 919ms (843 modules)
 ✓ Compiled in 938ms (843 modules)
 GET / 200 in 3452ms
 ✓ Compiled in 692ms (843 modules)
 ✓ Compiled in 665ms (843 modules)
 ✓ Compiled in 738ms (843 modules)
 GET / 200 in 2370ms
 ✓ Compiled in 1412ms (843 modules)
 ✓ Compiled in 1326ms (843 modules)
 ✓ Compiled in 1220ms (843 modules)
 GET / 200 in 4238ms
 ✓ Compiled in 1372ms (843 modules)
 ✓ Compiled in 1207ms (843 modules)
 ✓ Compiled in 1197ms (843 modules)
 GET / 200 in 4073ms
 ✓ Compiled in 1398ms (843 modules)
 ✓ Compiled in 1312ms (843 modules)
 ✓ Compiled in 1303ms (843 modules)
 GET / 200 in 5040ms
 ✓ Compiled in 1635ms (843 modules)
 ✓ Compiled in 1188ms (843 modules)
 ✓ Compiled in 1292ms (843 modules)
 GET / 200 in 4923ms
 ✓ Compiled in 1171ms (843 modules)
 ✓ Compiled in 1346ms (843 modules)
 ✓ Compiled in 1294ms (843 modules)
 GET / 200 in 4796ms
 ✓ Compiled in 1266ms (843 modules)
 ✓ Compiled in 1500ms (843 modules)
 ✓ Compiled in 1271ms (843 modules)
 ✓ Compiled in 883ms (843 modules)
 GET / 200 in 4073ms
 ✓ Compiled in 1093ms (843 modules)
 ✓ Compiled in 666ms (843 modules)
 ✓ Compiled in 584ms (843 modules)
 GET / 200 in 2641ms
 ✓ Compiled in 627ms (843 modules)
 ✓ Compiled in 696ms (843 modules)
 ✓ Compiled in 914ms (843 modules)
 GET / 200 in 2432ms
 ✓ Compiled in 1011ms (843 modules)
 ✓ Compiled in 1180ms (843 modules)
 ✓ Compiled in 1119ms (843 modules)
 GET / 200 in 3679ms
 ✓ Compiled in 1362ms (843 modules)
 ✓ Compiled in 940ms (843 modules)
 ✓ Compiled in 995ms (843 modules)
 GET / 200 in 3978ms
 ✓ Compiled in 981ms (843 modules)
 ✓ Compiled in 1449ms (843 modules)
 ✓ Compiled in 1170ms (843 modules)
 GET / 200 in 4426ms
 ✓ Compiled in 984ms (843 modules)
 ✓ Compiled in 1020ms (843 modules)
 ✓ Compiled in 911ms (843 modules)
 ✓ Compiled in 1119ms (843 modules)
 GET / 200 in 3389ms
 ✓ Compiled in 1041ms (843 modules)
 ✓ Compiled in 1028ms (843 modules)
 ✓ Compiled in 1421ms (843 modules)
 GET / 200 in 3801ms
 ✓ Compiled in 1302ms (843 modules)
 ✓ Compiled in 1096ms (843 modules)
 ✓ Compiled in 995ms (843 modules)
 GET / 200 in 4024ms
 ✓ Compiled in 1079ms (843 modules)
 ✓ Compiled in 926ms (843 modules)
 ✓ Compiled in 969ms (843 modules)
 GET / 200 in 3676ms
 ✓ Compiled in 1150ms (843 modules)
 ✓ Compiled in 1154ms (843 modules)
 ✓ Compiled in 1195ms (843 modules)
 GET / 200 in 4465ms
 ✓ Compiled in 1280ms (843 modules)
 ✓ Compiled in 761ms (843 modules)
 ✓ Compiled in 917ms (843 modules)
 GET / 200 in 2837ms
 ✓ Compiled in 734ms (843 modules)
 ✓ Compiled in 649ms (843 modules)
 ✓ Compiled in 534ms (843 modules)
 ✓ Compiled in 685ms (843 modules)
 GET / 200 in 2054ms
 ✓ Compiled in 792ms (843 modules)
 ✓ Compiled in 1234ms (843 modules)
 ✓ Compiled in 1042ms (843 modules)
 GET / 200 in 3330ms
 ✓ Compiled in 1042ms (843 modules)
 ✓ Compiled in 917ms (843 modules)
 ✓ Compiled in 987ms (843 modules)
 GET / 200 in 3266ms
 ✓ Compiled in 1039ms (843 modules)
 ✓ Compiled in 936ms (843 modules)
 ✓ Compiled in 1063ms (843 modules)
 GET / 200 in 3400ms
 ✓ Compiled in 1519ms (843 modules)
 ✓ Compiled in 1465ms (843 modules)
 ✓ Compiled in 1180ms (843 modules)
 GET / 200 in 4839ms
 ✓ Compiled in 981ms (843 modules)
 ✓ Compiled in 1031ms (843 modules)
 ✓ Compiled in 898ms (843 modules)
 GET / 200 in 3734ms
 ✓ Compiled in 984ms (843 modules)
 ✓ Compiled in 1049ms (843 modules)
 ✓ Compiled in 912ms (843 modules)
 ✓ Compiled in 1054ms (843 modules)
 GET / 200 in 3353ms
 ✓ Compiled in 1253ms (843 modules)
 ✓ Compiled in 1247ms (843 modules)
 ✓ Compiled in 1410ms (843 modules)
 GET / 200 in 4280ms
 ✓ Compiled in 1121ms (843 modules)
 ✓ Compiled in 1092ms (843 modules)
 ✓ Compiled in 1277ms (843 modules)
 GET / 200 in 3843ms
 ✓ Compiled in 1378ms (843 modules)
 ✓ Compiled in 1247ms (843 modules)
 ✓ Compiled in 1344ms (843 modules)
 GET / 200 in 4923ms
 ✓ Compiled in 1447ms (843 modules)
 ✓ Compiled in 1046ms (843 modules)
 ✓ Compiled in 1256ms (843 modules)
 GET / 200 in 4425ms
 ✓ Compiled in 1036ms (843 modules)
 ✓ Compiled in 1704ms (843 modules)
 ✓ Compiled in 1344ms (843 modules)
 GET / 200 in 4835ms
 ✓ Compiled in 995ms (843 modules)
 ✓ Compiled in 1090ms (843 modules)
 ✓ Compiled in 1108ms (843 modules)
 ✓ Compiled in 1399ms (843 modules)
 GET / 200 in 4251ms
 ✓ Compiled in 1402ms (843 modules)
 ✓ Compiled in 1246ms (843 modules)
 ✓ Compiled in 1216ms (843 modules)
 ✓ Compiled in 1102ms (843 modules)
 ✓ Compiled in 923ms (843 modules)
 ✓ Compiled in 1095ms (843 modules)
 ✓ Compiled in 1037ms (843 modules)
 ✓ Compiled in 1133ms (843 modules)
 ✓ Compiled in 1164ms (843 modules)
 GET / 200 in 3661ms
 ✓ Compiled in 1117ms (843 modules)
 ✓ Compiled in 1109ms (843 modules)
 ✓ Compiled in 982ms (843 modules)
 GET / 200 in 3536ms
 ✓ Compiled in 1071ms (843 modules)
 ✓ Compiled in 967ms (843 modules)
 ✓ Compiled in 1069ms (843 modules)
 GET / 200 in 3374ms
 ✓ Compiled in 1064ms (843 modules)
 ✓ Compiled in 910ms (843 modules)
 ✓ Compiled in 983ms (843 modules)
 GET / 200 in 3614ms
 ✓ Compiled in 981ms (843 modules)
 ✓ Compiled in 1034ms (843 modules)
 ✓ Compiled in 986ms (843 modules)
 GET / 200 in 3833ms
 ✓ Compiled in 1004ms (843 modules)
 ✓ Compiled in 1041ms (843 modules)
 ✓ Compiled in 1006ms (843 modules)
 ✓ Compiled in 999ms (843 modules)
 GET / 200 in 3394ms
 ✓ Compiled in 1042ms (843 modules)
 ✓ Compiled in 953ms (843 modules)
 ✓ Compiled in 1003ms (843 modules)
 GET / 200 in 3312ms
 ✓ Compiled in 1151ms (843 modules)
 ✓ Compiled in 915ms (843 modules)
 ✓ Compiled in 935ms (843 modules)
 GET / 200 in 3295ms
 ✓ Compiled in 1087ms (843 modules)
 ✓ Compiled in 958ms (843 modules)
 ✓ Compiled in 916ms (843 modules)
 GET / 200 in 3624ms
 ✓ Compiled in 956ms (843 modules)
 ✓ Compiled in 1130ms (843 modules)
 ✓ Compiled in 995ms (843 modules)
 GET / 200 in 4215ms
 ✓ Compiled in 1275ms (843 modules)
 ✓ Compiled in 1388ms (843 modules)
 ✓ Compiled in 1465ms (843 modules)
 GET / 200 in 4610ms
 ✓ Compiled in 1349ms (843 modules)
 ✓ Compiled in 1520ms (843 modules)
 ✓ Compiled in 1231ms (843 modules)
 ✓ Compiled in 1496ms (843 modules)
 GET / 200 in 4660ms
 ✓ Compiled in 1555ms (843 modules)
 ✓ Compiled in 1317ms (843 modules)
 ✓ Compiled in 1391ms (843 modules)
 GET / 200 in 4739ms
 ✓ Compiled in 1435ms (843 modules)
 ✓ Compiled in 1342ms (843 modules)
 ✓ Compiled in 1424ms (843 modules)
 GET / 200 in 4534ms
 ✓ Compiled in 1540ms (843 modules)
 ✓ Compiled in 1300ms (843 modules)
 ✓ Compiled in 1271ms (843 modules)
 GET / 200 in 5094ms
 ✓ Compiled in 1390ms (843 modules)
 ✓ Compiled in 2.2s (843 modules)
 ✓ Compiled in 1485ms (843 modules)
 GET / 200 in 6197ms
 ✓ Compiled in 1294ms (843 modules)
 ✓ Compiled in 1244ms (843 modules)
 ✓ Compiled in 1338ms (843 modules)
 ✓ Compiled in 1114ms (843 modules)
 GET / 200 in 4112ms
 ✓ Compiled in 1181ms (843 modules)
 ✓ Compiled in 1298ms (843 modules)
 ✓ Compiled in 1166ms (843 modules)
 GET / 200 in 4045ms
 ✓ Compiled in 1467ms (843 modules)
 ✓ Compiled in 1145ms (843 modules)
 ✓ Compiled in 1188ms (843 modules)
 GET / 200 in 4117ms
 ✓ Compiled in 1606ms (843 modules)
 ✓ Compiled in 1220ms (843 modules)
 ✓ Compiled in 1206ms (843 modules)
 GET / 200 in 4689ms
 ✓ Compiled in 967ms (843 modules)
 ✓ Compiled in 1177ms (843 modules)
 ✓ Compiled in 1244ms (843 modules)
 GET / 200 in 4270ms
 ✓ Compiled in 1036ms (843 modules)
 ✓ Compiled in 1514ms (843 modules)
 ✓ Compiled in 1244ms (843 modules)
 ✓ Compiled in 1223ms (843 modules)
 GET / 200 in 4392ms
 ✓ Compiled in 1266ms (843 modules)
 ✓ Compiled in 931ms (843 modules)
 ✓ Compiled in 1195ms (843 modules)
 GET / 200 in 3742ms
 ✓ Compiled in 1191ms (843 modules)
 ✓ Compiled in 968ms (843 modules)
 ✓ Compiled in 979ms (843 modules)
 GET / 200 in 3415ms
 ✓ Compiled in 1053ms (843 modules)
 ✓ Compiled in 985ms (843 modules)
 ✓ Compiled in 1150ms (843 modules)
 GET / 200 in 3835ms
 ✓ Compiled in 945ms (843 modules)
 ✓ Compiled in 1268ms (843 modules)
 ✓ Compiled in 1058ms (843 modules)
 GET / 200 in 4093ms
 ✓ Compiled in 972ms (843 modules)
 ✓ Compiled in 1082ms (843 modules)
 ✓ Compiled in 947ms (843 modules)
 GET / 200 in 3294ms
 ✓ Compiled in 962ms (843 modules)
 ✓ Compiled in 1058ms (843 modules)
 ✓ Compiled in 1195ms (843 modules)
 ✓ Compiled in 1154ms (843 modules)
 GET / 200 in 3720ms
 ✓ Compiled in 923ms (843 modules)
 ✓ Compiled in 1087ms (843 modules)
 ✓ Compiled in 1029ms (843 modules)
 ✓ Compiled in 961ms (843 modules)
 GET / 200 in 3332ms
 ✓ Compiled in 1067ms (843 modules)
 ✓ Compiled in 1001ms (843 modules)
 ✓ Compiled in 1252ms (843 modules)
 GET / 200 in 3629ms
 ✓ Compiled in 1299ms (843 modules)
 ✓ Compiled in 1030ms (843 modules)
 ✓ Compiled in 1039ms (843 modules)
 GET / 200 in 4227ms
 ✓ Compiled in 1351ms (843 modules)
 ✓ Compiled in 1115ms (843 modules)
 ✓ Compiled in 1098ms (843 modules)
 GET / 200 in 4615ms
 ✓ Compiled in 1452ms (843 modules)
 ✓ Compiled in 1218ms (843 modules)
 ✓ Compiled in 1031ms (843 modules)
 GET / 200 in 4545ms
 ✓ Compiled in 1094ms (843 modules)
 ✓ Compiled in 1165ms (843 modules)
 ✓ Compiled in 1034ms (843 modules)
 ✓ Compiled in 1012ms (843 modules)
 GET / 200 in 3645ms
 ✓ Compiled in 1120ms (843 modules)
 ✓ Compiled in 1022ms (843 modules)
 ✓ Compiled in 1016ms (843 modules)
 GET / 200 in 3485ms
 ✓ Compiled in 1214ms (843 modules)
 ✓ Compiled in 1091ms (843 modules)
 ✓ Compiled in 1231ms (843 modules)
 GET / 200 in 3799ms
 ✓ Compiled in 1147ms (843 modules)
 ✓ Compiled in 1046ms (843 modules)
 ✓ Compiled in 1018ms (843 modules)
 GET / 200 in 3942ms
 ✓ Compiled in 1158ms (843 modules)
 ✓ Compiled in 1068ms (843 modules)
 ✓ Compiled in 1012ms (843 modules)
 GET / 200 in 4049ms
 ✓ Compiled in 1255ms (843 modules)
 ✓ Compiled in 1087ms (843 modules)
 ✓ Compiled in 1040ms (843 modules)
 GET / 200 in 4310ms
 ✓ Compiled in 1158ms (843 modules)
 ✓ Compiled in 1165ms (843 modules)
 ✓ Compiled in 1047ms (843 modules)
 GET / 200 in 3769ms
 ✓ Compiled in 1172ms (843 modules)
 ✓ Compiled in 1153ms (843 modules)
 ✓ Compiled in 1106ms (843 modules)
 ✓ Compiled in 1064ms (843 modules)
 GET / 200 in 3671ms
 ✓ Compiled in 1134ms (843 modules)
 ✓ Compiled in 1026ms (843 modules)
 ✓ Compiled in 1027ms (843 modules)
 GET / 200 in 3512ms
 ✓ Compiled in 1176ms (843 modules)
 ✓ Compiled in 985ms (843 modules)
 ✓ Compiled in 1017ms (843 modules)
 GET / 200 in 3435ms
 ✓ Compiled in 1221ms (843 modules)
 ✓ Compiled in 1020ms (843 modules)
 ✓ Compiled in 1068ms (843 modules)
 GET / 200 in 4078ms
 ✓ Compiled in 1073ms (843 modules)
 ✓ Compiled in 1153ms (843 modules)
 ✓ Compiled in 1021ms (843 modules)
 GET / 200 in 4150ms
 ✓ Compiled in 1064ms (843 modules)
 ✓ Compiled in 1133ms (843 modules)
 ✓ Compiled in 1048ms (843 modules)
 ✓ Compiled in 1132ms (843 modules)
 GET / 200 in 3664ms
 ✓ Compiled in 1158ms (843 modules)
 ✓ Compiled in 1010ms (843 modules)
 ✓ Compiled in 1033ms (843 modules)
 GET / 200 in 3591ms
 ✓ Compiled in 1188ms (843 modules)
 ✓ Compiled in 988ms (843 modules)
 ✓ Compiled in 1048ms (843 modules)
 GET / 200 in 3539ms
 ✓ Compiled in 1230ms (843 modules)
 ✓ Compiled in 1055ms (843 modules)
 ✓ Compiled in 1231ms (843 modules)
 GET / 200 in 4562ms
 ✓ Compiled in 1423ms (843 modules)
 ✓ Compiled in 1105ms (843 modules)
 ✓ Compiled in 1059ms (843 modules)
 GET / 200 in 4284ms
 ✓ Compiled in 1188ms (843 modules)
 ✓ Compiled in 1144ms (843 modules)
 ✓ Compiled in 1132ms (843 modules)
 GET / 200 in 4193ms
 ✓ Compiled in 1027ms (843 modules)
 ✓ Compiled in 1154ms (843 modules)
 ✓ Compiled in 1005ms (843 modules)
 GET / 200 in 3554ms
 ✓ Compiled in 1091ms (843 modules)
 ✓ Compiled in 1175ms (843 modules)
 ✓ Compiled in 1205ms (843 modules)
 ✓ Compiled in 1291ms (843 modules)
 GET / 200 in 4089ms
 ✓ Compiled in 1701ms (843 modules)
 ✓ Compiled in 1467ms (843 modules)
 ✓ Compiled in 1272ms (843 modules)
 GET / 200 in 4884ms
 ✓ Compiled in 1570ms (843 modules)
 ✓ Compiled in 1419ms (843 modules)
 ✓ Compiled in 1370ms (843 modules)
 GET / 200 in 4688ms
 ✓ Compiled in 1669ms (843 modules)
 ✓ Compiled in 1555ms (843 modules)
 ✓ Compiled in 1290ms (843 modules)
 GET / 200 in 5487ms
 ✓ Compiled in 1552ms (843 modules)
 ✓ Compiled in 943ms (843 modules)
 ✓ Compiled in 1257ms (843 modules)
 GET / 200 in 4662ms
 ✓ Compiled in 1395ms (843 modules)
 ✓ Compiled in 1265ms (843 modules)
 ✓ Compiled in 1200ms (843 modules)
 GET / 200 in 4839ms
 ✓ Compiled in 1281ms (843 modules)
 ✓ Compiled in 1472ms (843 modules)
 ✓ Compiled in 1196ms (843 modules)
 GET / 200 in 4266ms
 ✓ Compiled in 1216ms (843 modules)
 ✓ Compiled in 1419ms (843 modules)
 ✓ Compiled in 1278ms (843 modules)
 ✓ Compiled in 1330ms (843 modules)
 GET / 200 in 4441ms
 ✓ Compiled in 1421ms (843 modules)
 ✓ Compiled in 1226ms (843 modules)
 ✓ Compiled in 1246ms (843 modules)
 GET / 200 in 4210ms
 ✓ Compiled in 1381ms (843 modules)
 ✓ Compiled in 1214ms (843 modules)
 ✓ Compiled in 1300ms (843 modules)
 GET / 200 in 4233ms
 ✓ Compiled in 1408ms (843 modules)
 ✓ Compiled in 1223ms (843 modules)
 ✓ Compiled in 1276ms (843 modules)
 GET / 200 in 4760ms
 ✓ Compiled in 1235ms (843 modules)
 ✓ Compiled in 1466ms (843 modules)
 ✓ Compiled in 1293ms (843 modules)
 GET / 200 in 5050ms
 ✓ Compiled in 1248ms (843 modules)
 ✓ Compiled in 1372ms (843 modules)
 ✓ Compiled in 1211ms (843 modules)
 GET / 200 in 4155ms
 ✓ Compiled in 1207ms (843 modules)
 ✓ Compiled in 1374ms (843 modules)
 ✓ Compiled in 1255ms (843 modules)
 ✓ Compiled in 1457ms (843 modules)
 GET / 200 in 4776ms
 ✓ Compiled in 1685ms (843 modules)
 ✓ Compiled in 1320ms (843 modules)
 ✓ Compiled in 1398ms (843 modules)
 GET / 200 in 4999ms
 ✓ Compiled in 1507ms (843 modules)
 ✓ Compiled in 1266ms (843 modules)
 ✓ Compiled in 1226ms (843 modules)
 GET / 200 in 4310ms
 ✓ Compiled in 1418ms (843 modules)
 ✓ Compiled in 1282ms (843 modules)
 ✓ Compiled in 1188ms (843 modules)
 GET / 200 in 4761ms
 ✓ Compiled in 1392ms (843 modules)
 ✓ Compiled in 1208ms (843 modules)
 ✓ Compiled in 1165ms (843 modules)
 GET / 200 in 4658ms
 ✓ Compiled in 1245ms (843 modules)
 ✓ Compiled in 1495ms (843 modules)
 ✓ Compiled in 1254ms (843 modules)
 GET / 200 in 5011ms
 ✓ Compiled in 1293ms (843 modules)
 ✓ Compiled in 1337ms (843 modules)
 ✓ Compiled in 1157ms (843 modules)
 ✓ Compiled in 1273ms (843 modules)
 GET / 200 in 4197ms
 ✓ Compiled in 1447ms (843 modules)
 ✓ Compiled in 1218ms (843 modules)
 ✓ Compiled in 1275ms (843 modules)
 GET / 200 in 4367ms
 ✓ Compiled in 1648ms (843 modules)
 ✓ Compiled in 1327ms (843 modules)
 ✓ Compiled in 1497ms (843 modules)
 GET / 200 in 4860ms
 ✓ Compiled in 1448ms (843 modules)
 ✓ Compiled in 1105ms (843 modules)
 ✓ Compiled in 1060ms (843 modules)
 GET / 200 in 3855ms
 ✓ Compiled in 1210ms (843 modules)
 ✓ Compiled in 1078ms (843 modules)
 ✓ Compiled in 980ms (843 modules)
 GET / 200 in 4021ms
 ✓ Compiled in 1197ms (843 modules)
 ✓ Compiled in 1067ms (843 modules)
 ✓ Compiled in 1010ms (843 modules)
 GET / 200 in 4023ms
 ✓ Compiled in 1048ms (843 modules)
 ✓ Compiled in 1141ms (843 modules)
 ✓ Compiled in 1122ms (843 modules)
 GET / 200 in 4115ms
 ✓ Compiled in 1032ms (843 modules)
 ✓ Compiled in 1246ms (843 modules)
 ✓ Compiled in 1073ms (843 modules)
 GET / 200 in 3719ms
 ✓ Compiled in 1088ms (843 modules)
 ✓ Compiled in 1209ms (843 modules)
 ✓ Compiled in 1139ms (843 modules)
 ○ Compiling /journey ...
 GET / 200 in 3877ms
 ✓ Compiled /journey in 9.4s (1854 modules)
 GET /journey 200 in 11505ms
 ✓ Compiled in 2s (874 modules)
 GET /journey 200 in 1324ms
 ✓ Compiled in 1252ms (874 modules)
 GET /journey 200 in 2123ms
 ✓ Compiled in 1134ms (874 modules)
 ✓ Compiled in 1175ms (874 modules)
 GET /journey 200 in 1544ms
 ✓ Compiled in 1200ms (874 modules)
 GET /journey 200 in 1504ms
 ✓ Compiled in 1197ms (874 modules)
 GET /journey 200 in 2043ms
 ✓ Compiled in 1139ms (874 modules)
 ✓ Compiled in 1202ms (874 modules)
 GET /journey 200 in 1564ms
 ✓ Compiled in 1129ms (874 modules)
 GET /journey 200 in 1896ms
 ✓ Compiled in 1176ms (874 modules)
 GET /journey 200 in 2072ms
 ✓ Compiled in 1179ms (874 modules)
 ✓ Compiled in 870ms (874 modules)
 GET /journey 200 in 1224ms
 ✓ Compiled in 1235ms (874 modules)
 GET /journey 200 in 2011ms
 ✓ Compiled in 1169ms (874 modules)
 GET /journey 200 in 1975ms
 ✓ Compiled in 1076ms (874 modules)
 ✓ Compiled in 1163ms (874 modules)
 GET /journey 200 in 1502ms
 ✓ Compiled in 1222ms (874 modules)
 GET /journey 200 in 2023ms
 ✓ Compiled in 1139ms (874 modules)
 GET /journey 200 in 2138ms
 ✓ Compiled in 1159ms (874 modules)
 ✓ Compiled in 1148ms (874 modules)
 GET /journey 200 in 1445ms
 ✓ Compiled in 1163ms (874 modules)
 GET /journey 200 in 1947ms
 ✓ Compiled in 1106ms (874 modules)
 ✓ Compiled in 1163ms (874 modules)
 GET /journey 200 in 1528ms
 ✓ Compiled in 1192ms (874 modules)
 GET /journey 200 in 1468ms
 ✓ Compiled in 1076ms (874 modules)
 GET /journey 200 in 2113ms
 ✓ Compiled in 1208ms (874 modules)
 ✓ Compiled in 1194ms (874 modules)
 GET /journey 200 in 1455ms
 ✓ Compiled in 1162ms (874 modules)
 GET /journey 200 in 1922ms
 ✓ Compiled in 1107ms (874 modules)
 GET /journey 200 in 2013ms
 ✓ Compiled in 1163ms (874 modules)
 ✓ Compiled in 1163ms (874 modules)
 GET /journey 200 in 1520ms
 ✓ Compiled in 1203ms (874 modules)
 GET /journey 200 in 1989ms
 ✓ Compiled in 1128ms (874 modules)
 GET /journey 200 in 2069ms
 ✓ Compiled in 1212ms (874 modules)
 ✓ Compiled in 1222ms (874 modules)
 GET /journey 200 in 1557ms
 ✓ Compiled in 1206ms (874 modules)
 GET /journey 200 in 1969ms
 ✓ Compiled in 1169ms (874 modules)
 GET /journey 200 in 2036ms
 ✓ Compiled in 1129ms (874 modules)
 ✓ Compiled in 1305ms (874 modules)
 GET /journey 200 in 1658ms
 ✓ Compiled in 1173ms (874 modules)
 GET /journey 200 in 2025ms
 ✓ Compiled in 1188ms (874 modules)
 GET /journey 200 in 2114ms
 ✓ Compiled in 1194ms (874 modules)
 ✓ Compiled in 1160ms (874 modules)
 GET /journey 200 in 1439ms
 ✓ Compiled in 1178ms (874 modules)
 GET /journey 200 in 1957ms
 ✓ Compiled in 1120ms (874 modules)
 GET /journey 200 in 2090ms
 ✓ Compiled in 1915ms (874 modules)
 ✓ Compiled in 1501ms (874 modules)
 GET /journey 200 in 2486ms
 ✓ Compiled in 1344ms (874 modules)
 GET /journey 200 in 2302ms
 ✓ Compiled in 1327ms (874 modules)
 GET /journey 200 in 2351ms
 ✓ Compiled in 1281ms (874 modules)
 ✓ Compiled in 1171ms (874 modules)
 GET /journey 200 in 1543ms
 ✓ Compiled in 1197ms (874 modules)
 GET /journey 200 in 1958ms
 ✓ Compiled in 1106ms (874 modules)
 GET /journey 200 in 2055ms
 ✓ Compiled in 1213ms (874 modules)
 ✓ Compiled in 1182ms (874 modules)
 GET /journey 200 in 1521ms
 ✓ Compiled in 1193ms (874 modules)
 GET /journey 200 in 2008ms
 ✓ Compiled in 1241ms (874 modules)
 GET /journey 200 in 2106ms
 ✓ Compiled in 1128ms (874 modules)
 ✓ Compiled in 1181ms (874 modules)
 GET /journey 200 in 1512ms
 ✓ Compiled in 1225ms (874 modules)
 GET /journey 200 in 2035ms
 ✓ Compiled in 1262ms (874 modules)
 GET /journey 200 in 2120ms
 ✓ Compiled in 1126ms (874 modules)
 ✓ Compiled in 1231ms (874 modules)
 GET /journey 200 in 1562ms
 ✓ Compiled in 1215ms (874 modules)
 GET /journey 200 in 2040ms
 ✓ Compiled in 1254ms (874 modules)
 GET /journey 200 in 2065ms
 ✓ Compiled in 1075ms (874 modules)
 ✓ Compiled in 1172ms (874 modules)
 GET /journey 200 in 1514ms
 ✓ Compiled in 1220ms (874 modules)
 GET /journey 200 in 2206ms
 ✓ Compiled in 1307ms (874 modules)
 GET /journey 200 in 1795ms
 ✓ Compiled in 772ms (874 modules)
 ✓ Compiled in 894ms (874 modules)
 GET /journey 200 in 1157ms
 ✓ Compiled in 721ms (874 modules)
 GET /journey 200 in 1201ms
 ✓ Compiled in 703ms (874 modules)
 GET /journey 200 in 1139ms
 ✓ Compiled in 606ms (874 modules)
 ✓ Compiled in 686ms (874 modules)
 GET /journey 200 in 871ms
 ✓ Compiled in 606ms (874 modules)
 GET /journey 200 in 744ms
 ✓ Compiled in 612ms (874 modules)
 GET /journey 200 in 1007ms
 ✓ Compiled in 591ms (874 modules)
 GET /journey 200 in 905ms
 ✓ Compiled in 718ms (874 modules)
 ✓ Compiled in 542ms (874 modules)
 GET /journey 200 in 685ms
 ✓ Compiled in 526ms (874 modules)
 GET /journey 200 in 855ms
 ✓ Compiled in 491ms (874 modules)
 GET /journey 200 in 639ms
 ✓ Compiled in 495ms (874 modules)
 ✓ Compiled in 503ms (874 modules)
 GET /journey 200 in 604ms
 ✓ Compiled in 503ms (874 modules)
 GET /journey 200 in 821ms
 ✓ Compiled in 510ms (874 modules)
 GET /journey 200 in 861ms
 ✓ Compiled in 466ms (874 modules)
 ✓ Compiled in 499ms (874 modules)
 GET /journey 200 in 640ms
 ✓ Compiled in 501ms (874 modules)
 GET /journey 200 in 618ms
 ✓ Compiled in 501ms (874 modules)
 GET /journey 200 in 816ms
 ✓ Compiled in 470ms (874 modules)
 ✓ Compiled in 498ms (874 modules)
 GET /journey 200 in 637ms
 ✓ Compiled in 492ms (874 modules)
 GET /journey 200 in 606ms
 ✓ Compiled in 502ms (874 modules)
 GET /journey 200 in 844ms
 ✓ Compiled in 489ms (874 modules)
 GET /journey 200 in 635ms
 ✓ Compiled in 503ms (874 modules)
 ✓ Compiled in 506ms (874 modules)
 GET /journey 200 in 610ms
 ✓ Compiled in 499ms (874 modules)
 GET /journey 200 in 820ms
 ✓ Compiled in 518ms (874 modules)
 GET /journey 200 in 870ms
 ✓ Compiled in 484ms (874 modules)
 ✓ Compiled in 681ms (874 modules)
 GET /journey 200 in 849ms
 ✓ Compiled in 521ms (874 modules)
 GET /journey 200 in 849ms
 ✓ Compiled in 518ms (874 modules)
 GET /journey 200 in 874ms
 ✓ Compiled in 473ms (874 modules)
 ✓ Compiled in 502ms (874 modules)
 GET /journey 200 in 648ms
 ✓ Compiled in 500ms (874 modules)
 GET /journey 200 in 624ms
 ○ Compiling /_error ...
 ✓ Compiled /_error in 8.5s (1950 modules)
 GET /journey 500 in 8936ms
 ✓ Compiled in 555ms (875 modules)
 GET /journey 200 in 769ms
 ✓ Compiled in 650ms (875 modules)
 ✓ Compiled in 519ms (875 modules)
 GET /journey 200 in 613ms
 ✓ Compiled in 520ms (875 modules)
 GET /journey 200 in 605ms
 ✓ Compiled in 514ms (875 modules)
 GET /journey 200 in 830ms
 ✓ Compiled in 527ms (875 modules)
 GET /journey 200 in 858ms
 ✓ Compiled in 481ms (875 modules)
 GET /journey 200 in 642ms
 ✓ Compiled in 522ms (875 modules)
 ✓ Compiled in 521ms (875 modules)
 GET /journey 200 in 620ms
 ✓ Compiled in 510ms (875 modules)
 GET /journey 200 in 598ms
 ✓ Compiled in 514ms (875 modules)
 GET /journey 200 in 827ms
 ✓ Compiled in 487ms (875 modules)
 GET /journey 200 in 635ms
 ✓ Compiled in 511ms (875 modules)
 ✓ Compiled in 525ms (875 modules)
 GET /journey 200 in 653ms
 ✓ Compiled in 694ms (875 modules)
 GET /journey 200 in 802ms
 ✓ Compiled in 539ms (875 modules)
 GET /journey 200 in 833ms
 ✓ Compiled in 481ms (875 modules)
 ✓ Compiled in 498ms (875 modules)
 GET /journey 200 in 938ms
 ✓ Compiled in 530ms (875 modules)
 GET /journey 200 in 620ms
 ✓ Compiled in 512ms (875 modules)
 GET /journey 200 in 811ms
 ✓ Compiled in 532ms (875 modules)
 GET /journey 200 in 827ms
 ✓ Compiled in 490ms (875 modules)
 GET /journey 200 in 646ms
 ✓ Compiled in 521ms (875 modules)
 ✓ Compiled in 512ms (875 modules)
 GET /journey 200 in 603ms
 ✓ Compiled in 510ms (875 modules)
 GET /journey 200 in 595ms
 ✓ Compiled in 516ms (875 modules)
 GET /journey 200 in 835ms
 ✓ Compiled in 489ms (875 modules)
 GET /journey 200 in 651ms
 ✓ Compiled in 538ms (875 modules)
 ✓ Compiled in 526ms (875 modules)
 GET /journey 200 in 674ms
 ✓ Compiled in 512ms (875 modules)
 GET /journey 200 in 591ms
 ✓ Compiled in 549ms (875 modules)
 GET /journey 200 in 869ms
 ✓ Compiled in 538ms (875 modules)
 GET /journey 200 in 832ms
 ✓ Compiled in 478ms (875 modules)
 GET /journey 200 in 627ms
 ✓ Compiled in 507ms (875 modules)
 ✓ Compiled in 512ms (875 modules)
 GET /journey 200 in 604ms
 ✓ Compiled in 515ms (875 modules)
 GET /journey 200 in 600ms
 ✓ Compiled in 510ms (875 modules)
 GET /journey 200 in 825ms
 ✓ Compiled in 487ms (875 modules)
 GET /journey 200 in 624ms
 ✓ Compiled in 512ms (875 modules)
 ✓ Compiled in 512ms (875 modules)
 GET /journey 200 in 645ms
 ✓ Compiled in 507ms (875 modules)
 GET /journey 200 in 594ms
 ✓ Compiled in 516ms (875 modules)
 GET /journey 200 in 603ms
 ✓ Compiled in 488ms (875 modules)
 ✓ Compiled in 563ms (875 modules)
 GET /journey 200 in 1024ms
 ✓ Compiled in 521ms (875 modules)
 GET /journey 200 in 602ms
 ✓ Compiled in 510ms (875 modules)
 GET /journey 200 in 818ms
 ✓ Compiled in 527ms (875 modules)
 GET /journey 200 in 815ms
 ✓ Compiled in 482ms (875 modules)
 GET /journey 200 in 649ms
 ✓ Compiled in 529ms (875 modules)
 ✓ Compiled in 526ms (875 modules)
 GET /journey 200 in 618ms
 ✓ Compiled in 514ms (875 modules)
 GET /journey 200 in 599ms
 ✓ Compiled in 542ms (875 modules)
 GET /journey 200 in 988ms
 ✓ Compiled in 658ms (875 modules)
 GET /journey 200 in 715ms
 ✓ Compiled in 554ms (875 modules)
 ✓ Compiled in 521ms (875 modules)
 GET /journey 200 in 670ms
 ✓ Compiled in 523ms (875 modules)
 GET /journey 200 in 605ms
 ✓ Compiled in 518ms (875 modules)
 GET /journey 200 in 612ms
 ✓ Compiled in 521ms (875 modules)
 GET /journey 200 in 828ms
 ✓ Compiled in 501ms (875 modules)
 GET /journey 200 in 651ms
 ✓ Compiled in 531ms (875 modules)
 ✓ Compiled in 523ms (875 modules)
 GET /journey 200 in 658ms
 ✓ Compiled in 514ms (875 modules)
 GET /journey 200 in 610ms
 ✓ Compiled in 528ms (875 modules)
 GET /journey 200 in 838ms
 ✓ Compiled in 522ms (875 modules)
 GET /journey 200 in 824ms
 ✓ Compiled in 487ms (875 modules)
 GET /journey 200 in 635ms
 ✓ Compiled in 515ms (875 modules)
 ✓ Compiled in 508ms (875 modules)
 GET /journey 200 in 599ms
 ✓ Compiled in 526ms (875 modules)
 GET /journey 200 in 608ms
 ✓ Compiled in 515ms (875 modules)
 GET /journey 200 in 826ms
 ✓ Compiled in 496ms (875 modules)
 GET /journey 200 in 864ms
 ✓ Compiled in 511ms (875 modules)
 ✓ Compiled in 582ms (875 modules)
 GET /journey 200 in 714ms
 ✓ Compiled in 557ms (875 modules)
 GET /journey 200 in 665ms
 ✓ Compiled in 530ms (875 modules)
 GET /journey 200 in 611ms
 ✓ Compiled in 517ms (875 modules)
 GET /journey 200 in 822ms
 ✓ Compiled in 485ms (875 modules)
 GET /journey 200 in 638ms
 ✓ Compiled in 519ms (875 modules)
 ✓ Compiled in 523ms (875 modules)
 GET /journey 200 in 618ms
 ✓ Compiled in 525ms (875 modules)
 GET /journey 200 in 604ms
 ✓ Compiled in 514ms (875 modules)
 GET /journey 200 in 831ms
 ✓ Compiled in 545ms (875 modules)
 GET /journey 200 in 847ms
 ✓ Compiled in 487ms (875 modules)
 GET /journey 200 in 636ms
 ✓ Compiled in 516ms (875 modules)
 ✓ Compiled in 519ms (875 modules)
 GET /journey 200 in 615ms
 ✓ Compiled in 518ms (875 modules)
 GET /journey 200 in 598ms
 ✓ Compiled in 530ms (875 modules)
 GET /journey 200 in 849ms
 ✓ Compiled in 491ms (875 modules)
 GET /journey 200 in 861ms
 ✓ Compiled in 512ms (875 modules)
 ✓ Compiled in 516ms (875 modules)
 GET /journey 200 in 641ms
 ✓ Compiled in 508ms (875 modules)
 GET /journey 200 in 596ms
 ✓ Compiled in 515ms (875 modules)
 GET /journey 200 in 610ms
 ✓ Compiled in 502ms (875 modules)
 ✓ Compiled in 521ms (875 modules)
 GET /journey 200 in 987ms
 ✓ Compiled in 515ms (875 modules)
 GET /journey 200 in 609ms
 ✓ Compiled in 511ms (875 modules)
 GET /journey 200 in 827ms
 ✓ Compiled in 528ms (875 modules)
 GET /journey 200 in 842ms
 ✓ Compiled in 493ms (875 modules)
 GET /journey 200 in 630ms
 ✓ Compiled in 507ms (875 modules)
 ✓ Compiled in 514ms (875 modules)
 GET /journey 200 in 606ms
 ✓ Compiled in 522ms (875 modules)
 GET /journey 200 in 609ms
 ✓ Compiled in 589ms (875 modules)
 GET /journey 200 in 899ms
 ✓ Compiled in 490ms (875 modules)
 GET /journey 200 in 864ms
 ✓ Compiled in 517ms (875 modules)
 ✓ Compiled in 540ms (875 modules)
 GET /journey 200 in 671ms
 ✓ Compiled in 527ms (875 modules)
 GET /journey 200 in 614ms
 ✓ Compiled in 551ms (875 modules)
 GET /journey 200 in 1078ms
 ✓ Compiled in 736ms (875 modules)
 GET /journey 200 in 1015ms
 ✓ Compiled in 524ms (875 modules)
 GET /journey 200 in 690ms
 ✓ Compiled in 532ms (875 modules)
 ✓ Compiled in 523ms (875 modules)
 GET /journey 200 in 617ms
 ✓ Compiled in 524ms (875 modules)
 GET /journey 200 in 608ms
 ✓ Compiled in 532ms (875 modules)
 GET /journey 200 in 946ms
 ✓ Compiled in 747ms (875 modules)
 GET /journey 200 in 1204ms
 ✓ Compiled in 600ms (875 modules)
 GET /journey 200 in 672ms
 ✓ Compiled in 536ms (875 modules)
 ✓ Compiled in 528ms (875 modules)
 GET /journey 200 in 625ms
 ✓ Compiled in 528ms (875 modules)
 GET /journey 200 in 617ms
 ✓ Compiled in 526ms (875 modules)
 GET /journey 200 in 846ms
 ✓ Compiled in 489ms (875 modules)
 GET /journey 200 in 645ms
 ✓ Compiled in 526ms (875 modules)
 ✓ Compiled in 523ms (875 modules)
 GET /journey 200 in 661ms
 ✓ Compiled in 532ms (875 modules)
 GET /journey 200 in 624ms
 ✓ Compiled in 515ms (875 modules)
 GET /journey 200 in 863ms
 ✓ Compiled in 531ms (875 modules)
 ✓ Compiled in 517ms (875 modules)
 GET /journey 200 in 988ms
 ✓ Compiled in 519ms (875 modules)
 GET /journey 200 in 610ms
 ✓ Compiled in 519ms (875 modules)
 GET /journey 200 in 826ms
 ✓ Compiled in 590ms (875 modules)
 GET /journey 200 in 978ms
 ✓ Compiled in 573ms (875 modules)
 GET /journey 200 in 695ms
 ✓ Compiled in 580ms (875 modules)
 ✓ Compiled in 553ms (875 modules)
 GET /journey 200 in 653ms
 ✓ Compiled in 539ms (875 modules)
 GET /journey 200 in 637ms
 ✓ Compiled in 550ms (875 modules)
 GET /journey 200 in 866ms
 ✓ Compiled in 497ms (875 modules)
 GET /journey 200 in 877ms
 ✓ Compiled in 518ms (875 modules)
 ✓ Compiled in 524ms (875 modules)
 GET /journey 200 in 660ms
 ✓ Compiled in 525ms (875 modules)
 GET /journey 200 in 607ms
 ✓ Compiled in 522ms (875 modules)
 GET /journey 200 in 835ms
 ✓ Compiled in 515ms (875 modules)
 GET /journey 200 in 837ms
 ✓ Compiled in 495ms (875 modules)
 GET /journey 200 in 635ms
 ✓ Compiled in 526ms (875 modules)
 ✓ Compiled in 522ms (875 modules)
 GET /journey 200 in 614ms
 ✓ Compiled in 514ms (875 modules)
 GET /journey 200 in 596ms
 ✓ Compiled in 518ms (875 modules)
 GET /journey 200 in 843ms
 ✓ Compiled in 500ms (875 modules)
 GET /journey 200 in 885ms
 ✓ Compiled in 528ms (875 modules)
 ✓ Compiled in 511ms (875 modules)
 GET /journey 200 in 634ms
 ✓ Compiled in 544ms (875 modules)
 GET /journey 200 in 637ms
 ✓ Compiled in 609ms (875 modules)
 GET /journey 200 in 739ms
 ✓ Compiled in 537ms (875 modules)
 ✓ Compiled in 542ms (875 modules)
 GET /journey 200 in 1015ms
 ✓ Compiled in 548ms (875 modules)
 GET /journey 200 in 649ms
 ✓ Compiled in 545ms (875 modules)
 GET /journey 200 in 863ms
 ✓ Compiled in 532ms (875 modules)
 GET /journey 200 in 852ms
 ✓ Compiled in 528ms (875 modules)
 GET /journey 200 in 727ms
 ✓ Compiled in 585ms (875 modules)
 ✓ Compiled in 550ms (875 modules)
 GET /journey 200 in 656ms
 ✓ Compiled in 516ms (875 modules)
 GET /journey 200 in 599ms
 ✓ Compiled in 534ms (875 modules)
 GET /journey 200 in 845ms
 ✓ Compiled in 484ms (875 modules)
 GET /journey 200 in 857ms
 ✓ Compiled in 513ms (875 modules)
 ✓ Compiled in 527ms (875 modules)
 GET /journey 200 in 652ms
 ✓ Compiled in 508ms (875 modules)
 GET /journey 200 in 602ms
 ✓ Compiled in 512ms (875 modules)
 GET /journey 200 in 592ms
 ✓ Compiled in 489ms (875 modules)
 ✓ Compiled in 512ms (875 modules)
 GET /journey 200 in 980ms
 ✓ Compiled in 567ms (875 modules)
 GET /journey 200 in 691ms
 ✓ Compiled in 790ms (875 modules)
 GET /journey 200 in 1112ms
 ✓ Compiled in 547ms (875 modules)
 ✓ Compiled in 571ms (875 modules)
 GET /journey 200 in 1067ms
 ✓ Compiled in 541ms (875 modules)
 GET /journey 200 in 625ms
 ✓ Compiled in 531ms (875 modules)
 GET /journey 200 in 848ms
 ✓ Compiled in 514ms (875 modules)
 ✓ Compiled in 520ms (875 modules)
 GET /journey 200 in 995ms
 ✓ Compiled in 559ms (875 modules)
 GET /journey 200 in 644ms
 ✓ Compiled in 521ms (875 modules)
 GET /journey 200 in 843ms
 ✓ Compiled in 494ms (875 modules)
 GET /journey 200 in 879ms
 ✓ Compiled in 525ms (875 modules)
 ✓ Compiled in 520ms (875 modules)
 GET /journey 200 in 645ms
 ✓ Compiled in 518ms (875 modules)
 GET /journey 200 in 607ms
 ✓ Compiled in 526ms (875 modules)
 GET /journey 200 in 616ms
 ✓ Compiled in 497ms (875 modules)
 ✓ Compiled in 555ms (875 modules)
 GET /journey 200 in 1018ms
 ✓ Compiled in 572ms (875 modules)
 GET /journey 200 in 681ms
 ✓ Compiled in 566ms (875 modules)
 GET /journey 200 in 879ms
 ✓ Compiled in 578ms (875 modules)
 GET /journey 200 in 936ms
 ✓ Compiled in 544ms (875 modules)
 GET /journey 200 in 668ms
 ✓ Compiled in 551ms (875 modules)
 ✓ Compiled in 540ms (875 modules)
 GET /journey 200 in 638ms
 ✓ Compiled in 542ms (875 modules)
 GET /journey 200 in 624ms
 ✓ Compiled in 542ms (875 modules)
 GET /journey 200 in 862ms
 ✓ Compiled in 502ms (875 modules)
 GET /journey 200 in 890ms
 ✓ Compiled in 521ms (875 modules)
 ✓ Compiled in 524ms (875 modules)
 GET /journey 200 in 661ms
 ✓ Compiled in 544ms (875 modules)
 GET /journey 200 in 639ms
 ✓ Compiled in 533ms (875 modules)
 GET /journey 200 in 839ms
 ✓ Compiled in 521ms (875 modules)
 GET /journey 200 in 836ms
 ✓ Compiled in 500ms (875 modules)
 GET /journey 200 in 643ms
 ✓ Compiled in 522ms (875 modules)
 ✓ Compiled in 527ms (875 modules)
 GET /journey 200 in 617ms
 ✓ Compiled in 515ms (875 modules)
 GET /journey 200 in 608ms
 ✓ Compiled in 491ms (874 modules)
 ✓ Compiled in 512ms (874 modules)
 GET /journey 200 in 993ms
 ✓ Compiled in 526ms (874 modules)
 GET /journey 200 in 859ms
 ✓ Compiled in 516ms (874 modules)
 GET /journey 200 in 882ms
 ✓ Compiled in 488ms (874 modules)
 ✓ Compiled in 502ms (874 modules)
 GET /journey 200 in 650ms
 ✓ Compiled in 505ms (874 modules)
 GET /journey 200 in 622ms
 ✓ Compiled in 514ms (874 modules)
 GET /journey 200 in 845ms
 ✓ Compiled in 488ms (874 modules)
 GET /journey 200 in 650ms
 ✓ Compiled in 511ms (874 modules)
 ✓ Compiled in 524ms (874 modules)
 GET /journey 200 in 662ms
 ✓ Compiled in 581ms (874 modules)
 GET /journey 200 in 914ms
 ✓ Compiled in 519ms (874 modules)
 GET /journey 200 in 902ms
 ✓ Compiled in 499ms (874 modules)
 ✓ Compiled in 499ms (874 modules)
 GET /journey 200 in 657ms
 ✓ Compiled in 506ms (874 modules)
 GET /journey 200 in 845ms
 ✓ Compiled in 534ms (874 modules)
 GET /journey 200 in 901ms
 ✓ Compiled in 480ms (874 modules)
 ✓ Compiled in 507ms (874 modules)
 GET /journey 200 in 656ms
 ✓ Compiled in 618ms (874 modules)
 GET /journey 200 in 1304ms
 ✓ Compiled in 865ms (874 modules)
 GET /journey 200 in 1181ms
 ✓ Compiled in 615ms (874 modules)
 ✓ Compiled in 641ms (874 modules)
 GET /journey 200 in 840ms
 ✓ Compiled in 565ms (874 modules)
 GET /journey 200 in 700ms
 ✓ Compiled in 504ms (874 modules)
 ✓ Compiled in 540ms (874 modules)
 GET /journey 200 in 1038ms
 ✓ Compiled in 539ms (874 modules)
 GET /journey 200 in 653ms
 ✓ Compiled in 538ms (874 modules)
 GET /journey 200 in 919ms
 ✓ Compiled in 509ms (874 modules)
 ✓ Compiled in 529ms (874 modules)
 GET /journey 200 in 686ms
 ✓ Compiled in 524ms (874 modules)
 GET /journey 200 in 653ms
 ✓ Compiled in 529ms (874 modules)
 GET /journey 200 in 862ms
 ✓ Compiled in 481ms (874 modules)
 GET /journey 200 in 645ms
 ✓ Compiled in 512ms (874 modules)
 ✓ Compiled in 522ms (874 modules)
 GET /journey 200 in 632ms
 ✓ Compiled in 526ms (874 modules)
 GET /journey 200 in 866ms
 ✓ Compiled in 535ms (874 modules)
 GET /journey 200 in 906ms
 ✓ Compiled in 494ms (874 modules)
 ✓ Compiled in 581ms (874 modules)
 GET /journey 200 in 782ms
 ✓ Compiled in 652ms (874 modules)
 GET /journey 200 in 1018ms
 ✓ Compiled in 569ms (874 modules)
 GET /journey 200 in 958ms
 ✓ Compiled in 509ms (874 modules)
 ✓ Compiled in 525ms (874 modules)
 GET /journey 200 in 693ms
 ✓ Compiled in 599ms (874 modules)
 GET /journey 200 in 951ms
 ✓ Compiled in 497ms (874 modules)
 ✓ Compiled in 523ms (874 modules)
 GET /journey 200 in 1002ms
 ✓ Compiled in 519ms (874 modules)
 GET /journey 200 in 860ms
 ✓ Compiled in 532ms (874 modules)
 GET /journey 200 in 901ms
 ✓ Compiled in 486ms (874 modules)
 ✓ Compiled in 514ms (874 modules)
 GET /journey 200 in 659ms
 ✓ Compiled in 521ms (874 modules)
 GET /journey 200 in 859ms
 ✓ Compiled in 515ms (874 modules)
 GET /journey 200 in 891ms
 ✓ Compiled in 489ms (874 modules)
 ✓ Compiled in 537ms (874 modules)
 GET /journey 200 in 691ms
 ✓ Compiled in 559ms (874 modules)
 GET /journey 200 in 675ms
 ✓ Compiled in 507ms (874 modules)
 GET /journey 200 in 856ms
 ✓ Compiled in 498ms (874 modules)
 GET /journey 200 in 692ms
 ✓ Compiled in 559ms (874 modules)
 ✓ Compiled in 509ms (874 modules)
 GET /journey 200 in 638ms
 ✓ Compiled in 545ms (874 modules)
 GET /journey 200 in 902ms
 ✓ Compiled in 555ms (874 modules)
 GET /journey 200 in 938ms
 ✓ Compiled in 519ms (874 modules)
 ✓ Compiled in 527ms (874 modules)
 GET /journey 200 in 682ms
 ✓ Compiled in 512ms (874 modules)
 GET /journey 200 in 856ms
 ✓ Compiled in 524ms (874 modules)
 GET /journey 200 in 902ms
 ✓ Compiled in 490ms (874 modules)
 ✓ Compiled in 521ms (874 modules)
 GET /journey 200 in 665ms
 ✓ Compiled in 565ms (874 modules)
 GET /journey 200 in 678ms
 ✓ Compiled in 519ms (874 modules)
 GET /journey 200 in 856ms
 ✓ Compiled in 493ms (874 modules)
 GET /journey 200 in 655ms
 ✓ Compiled in 511ms (874 modules)
 ✓ Compiled in 514ms (874 modules)
 GET /journey 200 in 619ms
 ✓ Compiled in 517ms (874 modules)
 GET /journey 200 in 1013ms
 ✓ Compiled in 745ms (874 modules)
 GET /journey 200 in 1126ms
 ✓ Compiled in 514ms (874 modules)
 ✓ Compiled in 534ms (874 modules)
 GET /journey 200 in 707ms
 ✓ Compiled in 602ms (874 modules)
 GET /journey 200 in 710ms
 ✓ Compiled in 530ms (874 modules)
 GET /journey 200 in 922ms
 ✓ Compiled in 504ms (874 modules)
 ✓ Compiled in 549ms (874 modules)
 GET /journey 200 in 708ms
 ✓ Compiled in 528ms (874 modules)
 GET /journey 200 in 648ms
 ✓ Compiled in 562ms (874 modules)
 GET /journey 200 in 913ms
 ✓ Compiled in 501ms (874 modules)
 GET /journey 200 in 656ms
 ✓ Compiled in 517ms (874 modules)
 ✓ Compiled in 527ms (874 modules)
 GET /journey 200 in 643ms
 ✓ Compiled in 519ms (874 modules)
 GET /journey 200 in 857ms
 ✓ Compiled in 485ms (874 modules)
 GET /journey 200 in 885ms
 ✓ Compiled in 511ms (874 modules)
 ✓ Compiled in 512ms (874 modules)
 GET /journey 200 in 620ms
 ✓ Compiled in 520ms (874 modules)
 GET /journey 200 in 871ms
 ✓ Compiled in 544ms (874 modules)
 GET /journey 200 in 901ms
 ✓ Compiled in 490ms (874 modules)
 ✓ Compiled in 515ms (874 modules)
 GET /journey 200 in 667ms
 ✓ Compiled in 506ms (874 modules)
 GET /journey 200 in 627ms
 ✓ Compiled in 543ms (874 modules)
 GET /journey 200 in 955ms
 ✓ Compiled in 573ms (874 modules)
 ✓ Compiled in 543ms (874 modules)
 GET /journey 200 in 703ms
 ✓ Compiled in 544ms (874 modules)
 GET /journey 200 in 665ms
 ✓ Compiled in 620ms (874 modules)
 GET /journey 200 in 969ms
 ✓ Compiled in 518ms (874 modules)
 GET /journey 200 in 680ms
 ✓ Compiled in 528ms (874 modules)
 ✓ Compiled in 553ms (874 modules)
 GET /journey 200 in 666ms
 ✓ Compiled in 517ms (874 modules)
 GET /journey 200 in 873ms
 ✓ Compiled in 547ms (874 modules)
 GET /journey 200 in 902ms
 ✓ Compiled in 484ms (874 modules)
 ✓ Compiled in 518ms (874 modules)
 GET /journey 200 in 670ms
 ✓ Compiled in 592ms (874 modules)
 GET /journey 200 in 955ms
 ✓ Compiled in 551ms (874 modules)
 GET /journey 200 in 916ms
 ✓ Compiled in 495ms (874 modules)
 ✓ Compiled in 510ms (874 modules)
 GET /journey 200 in 658ms
 ✓ Compiled in 539ms (874 modules)
 GET /journey 200 in 888ms
 ✓ Compiled in 528ms (874 modules)
 GET /journey 200 in 899ms
 ✓ Compiled in 493ms (874 modules)
 ✓ Compiled in 557ms (874 modules)
 GET /journey 200 in 706ms
 ✓ Compiled in 535ms (874 modules)
 GET /journey 200 in 660ms
 ✓ Compiled in 537ms (874 modules)
 GET /journey 200 in 912ms
 ✓ Compiled in 539ms (874 modules)
 GET /journey 200 in 703ms
 ✓ Compiled in 551ms (874 modules)
 ✓ Compiled in 545ms (874 modules)
 GET /journey 200 in 671ms
 ✓ Compiled in 534ms (874 modules)
 GET /journey 200 in 902ms
 ✓ Compiled in 515ms (874 modules)
 GET /journey 200 in 649ms
 ✓ Compiled in 513ms (874 modules)
 ✓ Compiled in 525ms (874 modules)
 GET /journey 200 in 634ms
 ✓ Compiled in 580ms (874 modules)
 GET /journey 200 in 922ms
 ✓ Compiled in 496ms (874 modules)
 GET /journey 200 in 899ms
 ✓ Compiled in 512ms (874 modules)
 ✓ Compiled in 535ms (874 modules)
 GET /journey 200 in 706ms
 ✓ Compiled in 820ms (874 modules)
 GET /journey 200 in 1168ms
 ✓ Compiled in 552ms (874 modules)
 GET /journey 200 in 969ms
 ✓ Compiled in 554ms (874 modules)
 ✓ Compiled in 595ms (874 modules)
 GET /journey 200 in 782ms
 ✓ Compiled in 657ms (874 modules)
 GET /journey 200 in 782ms
 ✓ Compiled in 545ms (874 modules)
 GET /journey 200 in 902ms
 ✓ Compiled in 511ms (874 modules)
 GET /journey 200 in 701ms
 ✓ Compiled in 556ms (874 modules)
 ✓ Compiled in 531ms (874 modules)
 GET /journey 200 in 645ms
 ✓ Compiled in 539ms (874 modules)
 GET /journey 200 in 904ms
 ✓ Compiled in 513ms (874 modules)
 GET /journey 200 in 957ms
 ✓ Compiled in 561ms (874 modules)
 ✓ Compiled in 540ms (874 modules)
 GET /journey 200 in 661ms
 ✓ Compiled in 549ms (874 modules)
 GET /journey 200 in 914ms
 ✓ Compiled in 570ms (874 modules)
 GET /journey 200 in 959ms
 ✓ Compiled in 523ms (874 modules)
 ✓ Compiled in 544ms (874 modules)
 GET /journey 200 in 713ms
 ✓ Compiled in 540ms (874 modules)
 GET /journey 200 in 900ms
 ✓ Compiled in 523ms (874 modules)
 ✓ Compiled in 537ms (874 modules)
 GET /journey 200 in 1029ms
 ✓ Compiled in 545ms (874 modules)
 GET /journey 200 in 895ms
 ✓ Compiled in 518ms (874 modules)
 ✓ Compiled in 567ms (874 modules)
 GET /journey 200 in 1070ms
 ✓ Compiled in 656ms (874 modules)
 GET /journey 200 in 1004ms
 ✓ Compiled in 546ms (874 modules)
 GET /journey 200 in 965ms
 ✓ Compiled in 536ms (874 modules)
 ✓ Compiled in 614ms (874 modules)
 GET /journey 200 in 784ms
 ✓ Compiled in 534ms (874 modules)
 GET /journey 200 in 649ms
 ✓ Compiled in 534ms (874 modules)
 GET /journey 200 in 906ms
 ✓ Compiled in 521ms (874 modules)
 GET /journey 200 in 660ms
 ✓ Compiled in 522ms (874 modules)
 ✓ Compiled in 534ms (874 modules)
 GET /journey 200 in 643ms
 ✓ Compiled in 524ms (874 modules)
 GET /journey 200 in 867ms
 ✓ Compiled in 527ms (874 modules)
 GET /journey 200 in 911ms
 ✓ Compiled in 510ms (874 modules)
 ✓ Compiled in 520ms (874 modules)
 GET /journey 200 in 677ms
 ✓ Compiled in 519ms (874 modules)
 GET /journey 200 in 868ms
 ✓ Compiled in 551ms (874 modules)
 GET /journey 200 in 975ms
 ✓ Compiled in 539ms (874 modules)
 ✓ Compiled in 516ms (874 modules)
 GET /journey 200 in 667ms
 ✓ Compiled in 542ms (874 modules)
 GET /journey 200 in 656ms
 ✓ Compiled in 553ms (874 modules)
 GET /journey 200 in 941ms
 ✓ Compiled in 512ms (874 modules)
 ✓ Compiled in 550ms (874 modules)
 GET /journey 200 in 700ms
 ✓ Compiled in 590ms (874 modules)
 GET /journey 200 in 717ms
 ✓ Compiled in 551ms (874 modules)
 GET /journey 200 in 899ms
 ✓ Compiled in 496ms (874 modules)
 GET /journey 200 in 669ms
 ✓ Compiled in 535ms (874 modules)
 ✓ Compiled in 514ms (874 modules)
 GET /journey 200 in 624ms
 ✓ Compiled in 526ms (874 modules)
 GET /journey 200 in 891ms
 ✓ Compiled in 633ms (874 modules)
 GET /journey 200 in 1078ms
 ✓ Compiled in 571ms (874 modules)
 ✓ Compiled in 516ms (874 modules)
 GET /journey 200 in 667ms
 ✓ Compiled in 545ms (874 modules)
 GET /journey 200 in 1162ms
 ✓ Compiled in 855ms (874 modules)
 GET /journey 200 in 1171ms
 ✓ Compiled in 531ms (874 modules)
 ✓ Compiled in 543ms (874 modules)
 GET /journey 200 in 717ms
 ✓ Compiled in 530ms (874 modules)
 GET /journey 200 in 650ms
 ✓ Compiled in 500ms (874 modules)
 ✓ Compiled in 511ms (874 modules)
 GET /journey 200 in 1011ms
 ✓ Compiled in 521ms (874 modules)
 GET /journey 200 in 869ms
 ✓ Compiled in 531ms (874 modules)
 GET /journey 200 in 919ms
 ✓ Compiled in 504ms (874 modules)
 ✓ Compiled in 515ms (874 modules)
 GET /journey 200 in 666ms
 ✓ Compiled in 515ms (874 modules)
 GET /journey 200 in 630ms
 ✓ Compiled in 517ms (874 modules)
 GET /journey 200 in 874ms
 ✓ Compiled in 501ms (874 modules)
 GET /journey 200 in 659ms
 ✓ Compiled in 524ms (874 modules)
 ✓ Compiled in 519ms (874 modules)
 GET /journey 200 in 669ms
 ✓ Compiled in 574ms (874 modules)
 GET /journey 200 in 920ms
 ✓ Compiled in 573ms (874 modules)
 GET /journey 200 in 975ms
 ✓ Compiled in 527ms (874 modules)
 ✓ Compiled in 518ms (874 modules)
 GET /journey 200 in 671ms
 ✓ Compiled in 521ms (874 modules)
 GET /journey 200 in 865ms
 ✓ Compiled in 524ms (874 modules)
 GET /journey 200 in 919ms
 ✓ Compiled in 525ms (874 modules)
 ✓ Compiled in 517ms (874 modules)
 GET /journey 200 in 687ms
 ✓ Compiled in 621ms (874 modules)
 GET /journey 200 in 799ms
 ✓ Compiled in 720ms (874 modules)
 GET /journey 200 in 1082ms
 ✓ Compiled in 539ms (874 modules)
 ✓ Compiled in 589ms (874 modules)
 GET /journey 200 in 749ms
 ✓ Compiled in 623ms (874 modules)
 GET /journey 200 in 746ms
 ✓ Compiled in 553ms (874 modules)
 GET /journey 200 in 915ms
 ✓ Compiled in 532ms (874 modules)
 GET /journey 200 in 684ms
 ✓ Compiled in 527ms (874 modules)
 ✓ Compiled in 593ms (874 modules)
 GET /journey 200 in 701ms
 ✓ Compiled in 524ms (874 modules)
 GET /journey 200 in 884ms
 ✓ Compiled in 549ms (874 modules)
 GET /journey 200 in 917ms
 ✓ Compiled in 493ms (874 modules)
 ✓ Compiled in 529ms (874 modules)
 GET /journey 200 in 673ms
 ✓ Compiled in 524ms (874 modules)
 GET /journey 200 in 880ms
 ✓ Compiled in 536ms (874 modules)
 GET /journey 200 in 970ms
 ✓ Compiled in 557ms (874 modules)
 ✓ Compiled in 528ms (874 modules)
 GET /journey 200 in 686ms
 ✓ Compiled in 542ms (874 modules)
 GET /journey 200 in 655ms
 ✓ Compiled in 516ms (874 modules)
 GET /journey 200 in 871ms
 ✓ Compiled in 501ms (874 modules)
 GET /journey 200 in 696ms
 ✓ Compiled in 555ms (874 modules)
 ✓ Compiled in 527ms (874 modules)
 GET /journey 200 in 633ms
 ✓ Compiled in 533ms (874 modules)
 GET /journey 200 in 899ms
 ✓ Compiled in 513ms (874 modules)
 GET /journey 200 in 929ms
 ✓ Compiled in 521ms (874 modules)
 ✓ Compiled in 539ms (874 modules)
 GET /journey 200 in 686ms
 ✓ Compiled in 571ms (874 modules)
 GET /journey 200 in 915ms
 ✓ Compiled in 502ms (874 modules)
 ✓ Compiled in 578ms (874 modules)
 GET /journey 200 in 1061ms
 ✓ Compiled in 537ms (874 modules)
 GET /journey 200 in 1112ms
 ✓ Compiled in 818ms (874 modules)
 GET /journey 200 in 1233ms
 ✓ Compiled in 546ms (874 modules)
 ✓ Compiled in 539ms (874 modules)
 GET /journey 200 in 721ms
 ✓ Compiled in 546ms (874 modules)
 GET /journey 200 in 666ms
 ○ Compiling /_error ...
 ✓ Compiled /_error in 1691ms (1950 modules)
 GET /journey 500 in 2098ms
 ✓ Compiled in 591ms (875 modules)
 GET /journey 200 in 818ms
 ✓ Compiled in 689ms (875 modules)
 ✓ Compiled in 535ms (875 modules)
 GET /journey 200 in 627ms
 ✓ Compiled in 559ms (875 modules)
 GET /journey 200 in 653ms
 ✓ Compiled in 550ms (875 modules)
 GET /journey 200 in 878ms
 ✓ Compiled in 507ms (875 modules)
 GET /journey 200 in 906ms
 ✓ Compiled in 547ms (875 modules)
 ✓ Compiled in 580ms (875 modules)
 GET /journey 200 in 716ms
 ✓ Compiled in 585ms (875 modules)
 GET /journey 200 in 695ms
 ✓ Compiled in 587ms (875 modules)
 GET /journey 200 in 675ms
 ✓ Compiled in 525ms (875 modules)
 ✓ Compiled in 636ms (875 modules)
 GET /journey 200 in 1108ms
 ✓ Compiled in 538ms (875 modules)
 GET /journey 200 in 634ms
 ✓ Compiled in 538ms (875 modules)
 GET /journey 200 in 623ms
 ✓ Compiled in 513ms (875 modules)
 ✓ Compiled in 540ms (875 modules)
 GET /journey 200 in 1027ms
 ✓ Compiled in 548ms (875 modules)
 GET /journey 200 in 631ms
 ✓ Compiled in 596ms (875 modules)
 GET /journey 200 in 959ms
 ✓ Compiled in 572ms (875 modules)
 ✓ Compiled in 545ms (875 modules)
 GET /journey 200 in 1062ms
 ✓ Compiled in 536ms (875 modules)
 GET /journey 200 in 625ms
 ✓ Compiled in 536ms (875 modules)
 GET /journey 200 in 896ms
 ✓ Compiled in 591ms (875 modules)
 GET /journey 200 in 922ms
 ✓ Compiled in 531ms (875 modules)
 GET /journey 200 in 659ms
 ✓ Compiled in 530ms (875 modules)
 ✓ Compiled in 585ms (875 modules)
 GET /journey 200 in 726ms
 ✓ Compiled in 584ms (875 modules)
 GET /journey 200 in 680ms
 ✓ Compiled in 555ms (875 modules)
 GET /journey 200 in 906ms
 ✓ Compiled in 594ms (875 modules)
 GET /journey 200 in 927ms
 ✓ Compiled in 541ms (875 modules)
 GET /journey 200 in 677ms
 ✓ Compiled in 546ms (875 modules)
 ✓ Compiled in 556ms (875 modules)
 GET /journey 200 in 648ms
 ✓ Compiled in 558ms (875 modules)
 GET /journey 200 in 643ms
 ✓ Compiled in 539ms (875 modules)
 GET /journey 200 in 871ms
 ✓ Compiled in 503ms (875 modules)
 GET /journey 200 in 899ms
 ✓ Compiled in 537ms (875 modules)
 ✓ Compiled in 543ms (875 modules)
 GET /journey 200 in 670ms
 ✓ Compiled in 542ms (875 modules)
 GET /journey 200 in 631ms
 ✓ Compiled in 529ms (875 modules)
 GET /journey 200 in 619ms
 ✓ Compiled in 513ms (875 modules)
 ✓ Compiled in 543ms (875 modules)
 GET /journey 200 in 1023ms
 ✓ Compiled in 537ms (875 modules)
 GET /journey 200 in 631ms
 ✓ Compiled in 532ms (875 modules)
 GET /journey 200 in 866ms
 ✓ Compiled in 558ms (875 modules)
 GET /journey 200 in 876ms
 ✓ Compiled in 525ms (875 modules)
 GET /journey 200 in 794ms
 ✓ Compiled in 659ms (875 modules)
 ✓ Compiled in 556ms (875 modules)
 GET /journey 200 in 646ms
 ✓ Compiled in 534ms (875 modules)
 GET /journey 200 in 619ms
 ✓ Compiled in 541ms (875 modules)
 GET /journey 200 in 878ms
 ✓ Compiled in 555ms (875 modules)
 GET /journey 200 in 877ms
 ✓ Compiled in 509ms (875 modules)
 GET /journey 200 in 655ms
 ✓ Compiled in 539ms (875 modules)
 ✓ Compiled in 754ms (875 modules)
 GET /journey 200 in 1007ms
 ✓ Compiled in 692ms (875 modules)
 GET /journey 200 in 775ms
 ✓ Compiled in 622ms (875 modules)
 GET /journey 200 in 1040ms
 ✓ Compiled in 636ms (875 modules)
 GET /journey 200 in 1040ms
 ✓ Compiled in 564ms (875 modules)
 ✓ Compiled in 551ms (875 modules)
 GET /journey 200 in 685ms
 ✓ Compiled in 581ms (875 modules)
 GET /journey 200 in 682ms
 ✓ Compiled in 589ms (875 modules)
 GET /journey 200 in 684ms
 ✓ Compiled in 519ms (875 modules)
 ✓ Compiled in 540ms (875 modules)
 GET /journey 200 in 1028ms
 ✓ Compiled in 537ms (875 modules)
 GET /journey 200 in 635ms
 ✓ Compiled in 557ms (875 modules)
 GET /journey 200 in 921ms
 ✓ Compiled in 592ms (875 modules)
 GET /journey 200 in 908ms
 ✓ Compiled in 522ms (875 modules)
 GET /journey 200 in 673ms
 ✓ Compiled in 554ms (875 modules)
 ✓ Compiled in 544ms (875 modules)
 GET /journey 200 in 636ms
 ✓ Compiled in 545ms (875 modules)
 GET /journey 200 in 632ms
 ✓ Compiled in 563ms (875 modules)
 GET /journey 200 in 926ms
 ✓ Compiled in 621ms (875 modules)
 GET /journey 200 in 1029ms
 ✓ Compiled in 557ms (875 modules)
 GET /journey 200 in 688ms
 ✓ Compiled in 559ms (875 modules)
 ✓ Compiled in 544ms (875 modules)
 GET /journey 200 in 633ms
 ✓ Compiled in 581ms (875 modules)
 GET /journey 200 in 673ms
 ✓ Compiled in 542ms (875 modules)
 ✓ Compiled in 572ms (875 modules)
 GET /journey 200 in 1062ms
 ✓ Compiled in 542ms (875 modules)
 GET /journey 200 in 633ms
 ✓ Compiled in 548ms (875 modules)
 GET /journey 200 in 636ms
 ✓ Compiled in 1362ms (1950 modules)
 GET /journey 500 in 1725ms
 ✓ Compiled in 548ms (875 modules)
 GET /journey 200 in 773ms
 ✓ Compiled in 655ms (875 modules)
 ✓ Compiled in 544ms (875 modules)
 GET /journey 200 in 635ms
 ✓ Compiled in 536ms (875 modules)
 GET /journey 200 in 622ms
 ✓ Compiled in 552ms (875 modules)
 GET /journey 200 in 897ms
 ✓ Compiled in 525ms (875 modules)
 GET /journey 200 in 929ms
 ✓ Compiled in 544ms (875 modules)
 ✓ Compiled in 542ms (875 modules)
 GET /journey 200 in 664ms
 ✓ Compiled in 745ms (875 modules)
 GET /journey 200 in 845ms
 ✓ Compiled in 634ms (875 modules)
 GET /journey 200 in 739ms
 ✓ Compiled in 545ms (875 modules)
 ✓ Compiled in 578ms (875 modules)
 GET /journey 200 in 1076ms
 ✓ Compiled in 544ms (875 modules)
 GET /journey 200 in 635ms
 ✓ Compiled in 541ms (875 modules)
 GET /journey 200 in 894ms
 ✓ Compiled in 539ms (875 modules)
 ✓ Compiled in 587ms (875 modules)
 GET /journey 200 in 1082ms
 ✓ Compiled in 556ms (875 modules)
 GET /journey 200 in 653ms
 ✓ Compiled in 570ms (875 modules)
 GET /journey 200 in 914ms
 ✓ Compiled in 569ms (875 modules)
 GET /journey 200 in 894ms
 ✓ Compiled in 516ms (875 modules)
 GET /journey 200 in 661ms
 ✓ Compiled in 544ms (875 modules)
 ✓ Compiled in 537ms (875 modules)
 GET /journey 200 in 631ms
 ✓ Compiled in 550ms (875 modules)
 GET /journey 200 in 636ms
 ✓ Compiled in 555ms (875 modules)
 GET /journey 200 in 900ms
 ✓ Compiled in 531ms (875 modules)
 GET /journey 200 in 1181ms
 ✓ Compiled in 797ms (875 modules)
 ✓ Compiled in 587ms (875 modules)
 GET /journey 200 in 797ms
 ✓ Compiled in 560ms (875 modules)
 GET /journey 200 in 655ms
 ✓ Compiled in 565ms (875 modules)
 GET /journey 200 in 647ms
 ✓ Compiled in 556ms (875 modules)
 GET /journey 200 in 887ms
 ✓ Compiled in 519ms (875 modules)
 GET /journey 200 in 683ms
 ✓ Compiled in 549ms (875 modules)
 ✓ Compiled in 539ms (875 modules)
 GET /journey 200 in 632ms
 ✓ Compiled in 543ms (875 modules)
 GET /journey 200 in 628ms
 ✓ Compiled in 545ms (875 modules)
 GET /journey 200 in 880ms
 ✓ Compiled in 547ms (875 modules)
 GET /journey 200 in 875ms
 ✓ Compiled in 512ms (875 modules)
 GET /journey 200 in 666ms
 ✓ Compiled in 549ms (875 modules)
 ✓ Compiled in 541ms (875 modules)
 GET /journey 200 in 629ms
 ✓ Compiled in 534ms (875 modules)
 GET /journey 200 in 635ms
 ✓ Compiled in 583ms (875 modules)
 GET /journey 200 in 917ms
 ✓ Compiled in 527ms (875 modules)
 GET /journey 200 in 965ms
 ✓ Compiled in 577ms (875 modules)
 ✓ Compiled in 535ms (875 modules)
 GET /journey 200 in 693ms
 ✓ Compiled in 546ms (875 modules)
 GET /journey 200 in 632ms
 ✓ Compiled in 553ms (875 modules)
 GET /journey 200 in 892ms
 ✓ Compiled in 555ms (875 modules)
 GET /journey 200 in 933ms
 ✓ Compiled in 520ms (875 modules)
 GET /journey 200 in 684ms
 ✓ Compiled in 566ms (875 modules)
 ✓ Compiled in 550ms (875 modules)
 GET /journey 200 in 642ms
 ✓ Compiled in 553ms (875 modules)
 GET /journey 200 in 636ms
 ✓ Compiled in 543ms (875 modules)
 GET /journey 200 in 891ms
 ✓ Compiled in 522ms (875 modules)
 GET /journey 200 in 925ms
 ✓ Compiled in 546ms (875 modules)
 ✓ Compiled in 542ms (875 modules)
 GET /journey 200 in 671ms
 ✓ Compiled in 553ms (875 modules)
 GET /journey 200 in 640ms
 ✓ Compiled in 550ms (875 modules)
 GET /journey 200 in 640ms
 ✓ Compiled in 518ms (875 modules)
 ✓ Compiled in 535ms (875 modules)
 GET /journey 200 in 1021ms
 ✓ Compiled in 544ms (875 modules)
 GET /journey 200 in 637ms
 ✓ Compiled in 557ms (875 modules)
 GET /journey 200 in 902ms
 ✓ Compiled in 565ms (875 modules)
 GET /journey 200 in 895ms
 ✓ Compiled in 517ms (875 modules)
 GET /journey 200 in 661ms
 ✓ Compiled in 547ms (875 modules)
 ✓ Compiled in 543ms (875 modules)
 GET /journey 200 in 641ms
 ✓ Compiled in 620ms (875 modules)
 GET /journey 200 in 712ms
 ✓ Compiled in 553ms (875 modules)
 GET /journey 200 in 897ms
 ✓ Compiled in 559ms (875 modules)
 GET /journey 200 in 928ms
 ✓ Compiled in 524ms (875 modules)
 GET /journey 200 in 729ms
 ✓ Compiled in 607ms (875 modules)
 ✓ Compiled in 547ms (875 modules)
 GET /journey 200 in 655ms
 ✓ Compiled in 551ms (875 modules)
 GET /journey 200 in 634ms
 ✓ Compiled in 540ms (875 modules)
 GET /journey 200 in 884ms
 ✓ Compiled in 529ms (875 modules)
 GET /journey 200 in 929ms
 ✓ Compiled in 543ms (875 modules)
 ✓ Compiled in 532ms (875 modules)
 GET /journey 200 in 676ms
 ✓ Compiled in 545ms (875 modules)
 GET /journey 200 in 626ms
 ✓ Compiled in 553ms (875 modules)
 GET /journey 200 in 1053ms
 ✓ Compiled in 784ms (875 modules)
 GET /journey 200 in 1115ms
 ✓ Compiled in 562ms (875 modules)
 GET /journey 200 in 722ms
 ✓ Compiled in 564ms (875 modules)
 ✓ Compiled in 555ms (875 modules)
 GET /journey 200 in 651ms
 ✓ Compiled in 554ms (875 modules)
 GET /journey 200 in 650ms
 ✓ Compiled in 553ms (875 modules)
 GET /journey 200 in 934ms
 ✓ Compiled in 606ms (875 modules)
 GET /journey 200 in 979ms
 ✓ Compiled in 531ms (875 modules)
 GET /journey 200 in 700ms
 ✓ Compiled in 577ms (875 modules)
 ✓ Compiled in 556ms (875 modules)
 GET /journey 200 in 659ms
 ✓ Compiled in 563ms (875 modules)
 GET /journey 200 in 648ms
 ✓ Compiled in 563ms (875 modules)
 GET /journey 200 in 906ms
 ✓ Compiled in 527ms (875 modules)
 GET /journey 200 in 921ms
 ✓ Compiled in 542ms (875 modules)
 ✓ Compiled in 544ms (875 modules)
 GET /journey 200 in 692ms
 ✓ Compiled in 552ms (875 modules)
 GET /journey 200 in 633ms
 ✓ Compiled in 553ms (875 modules)
 GET /journey 200 in 899ms
 ✓ Compiled in 556ms (875 modules)
 GET /journey 200 in 1015ms
 ✓ Compiled in 649ms (875 modules)
 GET /journey 200 in 696ms
 ✓ Compiled in 559ms (875 modules)
 ✓ Compiled in 568ms (875 modules)
 GET /journey 200 in 735ms
 ✓ Compiled in 573ms (875 modules)
 GET /journey 200 in 661ms
 ✓ Compiled in 551ms (875 modules)
 GET /journey 200 in 894ms
 ✓ Compiled in 561ms (875 modules)
 GET /journey 200 in 924ms
 ✓ Compiled in 575ms (875 modules)
 GET /journey 200 in 706ms
 ✓ Compiled in 553ms (875 modules)
 ✓ Compiled in 544ms (875 modules)
 GET /journey 200 in 643ms
 ✓ Compiled in 548ms (875 modules)
 GET /journey 200 in 632ms
 ✓ Compiled in 553ms (875 modules)
 GET /journey 200 in 897ms
 ✓ Compiled in 519ms (875 modules)
 GET /journey 200 in 925ms
 ✓ Compiled in 547ms (875 modules)
 ✓ Compiled in 560ms (875 modules)
 GET /journey 200 in 686ms
 ✓ Compiled in 548ms (875 modules)
 GET /journey 200 in 641ms
 ✓ Compiled in 548ms (875 modules)
 GET /journey 200 in 638ms
 ✓ Compiled in 525ms (875 modules)
 ✓ Compiled in 557ms (875 modules)
 GET /journey 200 in 1054ms
 ✓ Compiled in 551ms (875 modules)
 GET /journey 200 in 654ms
 ✓ Compiled in 541ms (875 modules)
 GET /journey 200 in 883ms
 ✓ Compiled in 523ms (875 modules)
 ✓ Compiled in 535ms (875 modules)
 GET /journey 200 in 1014ms
 ✓ Compiled in 542ms (875 modules)
 GET /journey 200 in 629ms
 ✓ Compiled in 552ms (875 modules)
 GET /journey 200 in 895ms
 ✓ Compiled in 517ms (875 modules)
 GET /journey 200 in 926ms
 ✓ Compiled in 551ms (875 modules)
 ✓ Compiled in 547ms (875 modules)
 GET /journey 200 in 676ms
 ✓ Compiled in 597ms (875 modules)
 GET /journey 200 in 687ms
 ✓ Compiled in 547ms (875 modules)
 GET /journey 200 in 640ms
 ✓ Compiled in 528ms (875 modules)
 ✓ Compiled in 571ms (875 modules)
 GET /journey 200 in 1076ms
 ✓ Compiled in 568ms (875 modules)
 GET /journey 200 in 668ms
 ✓ Compiled in 562ms (875 modules)
 GET /journey 200 in 909ms
 ✓ Compiled in 562ms (875 modules)
 GET /journey 200 in 891ms
 ✓ Compiled in 518ms (875 modules)
 GET /journey 200 in 1016ms
 ✓ Compiled in 904ms (875 modules)
 ✓ Compiled in 586ms (875 modules)
 GET /journey 200 in 684ms
 ✓ Compiled in 575ms (875 modules)
 GET /journey 200 in 666ms
 ✓ Compiled in 561ms (875 modules)
 GET /journey 200 in 916ms
 ✓ Compiled in 537ms (875 modules)
 GET /journey 200 in 688ms
 ✓ Compiled in 551ms (875 modules)
 ✓ Compiled in 570ms (875 modules)
 GET /journey 200 in 703ms
 ✓ Compiled in 540ms (875 modules)
 GET /journey 200 in 633ms
 ✓ Compiled in 558ms (875 modules)
 GET /journey 200 in 906ms
 ✓ Compiled in 556ms (875 modules)
 GET /journey 200 in 892ms
 ✓ Compiled in 521ms (875 modules)
 GET /journey 200 in 675ms
 ✓ Compiled in 553ms (875 modules)
 ✓ Compiled in 558ms (875 modules)
 GET /journey 200 in 650ms
 ✓ Compiled in 560ms (875 modules)
 GET /journey 200 in 644ms
 ✓ Compiled in 551ms (875 modules)
 GET /journey 200 in 899ms
 ✓ Compiled in 533ms (875 modules)
 GET /journey 200 in 931ms
 ✓ Compiled in 545ms (875 modules)
 ✓ Compiled in 564ms (875 modules)
 GET /journey 200 in 694ms
 ✓ Compiled in 607ms (875 modules)
 GET /journey 200 in 707ms
 ✓ Compiled in 574ms (875 modules)
 GET /journey 200 in 654ms
 ✓ Compiled in 531ms (875 modules)
 ✓ Compiled in 554ms (875 modules)
 GET /journey 200 in 1060ms
 ✓ Compiled in 558ms (875 modules)
 GET /journey 200 in 649ms
 ✓ Compiled in 606ms (875 modules)
 GET /journey 200 in 1023ms
 ✓ Compiled in 598ms (875 modules)
 ✓ Compiled in 578ms (875 modules)
 GET /journey 200 in 1085ms
 ✓ Compiled in 561ms (875 modules)
 GET /journey 200 in 646ms
 ✓ Compiled in 567ms (875 modules)
 GET /journey 200 in 910ms
 ✓ Compiled in 529ms (875 modules)
 GET /journey 200 in 961ms
 ✓ Compiled in 585ms (875 modules)
 ✓ Compiled in 646ms (875 modules)
 GET /journey 200 in 808ms
 ✓ Compiled in 596ms (875 modules)
 GET /journey 200 in 683ms
 ✓ Compiled in 553ms (875 modules)
 GET /journey 200 in 933ms
 ✓ Compiled in 585ms (875 modules)
 GET /journey 200 in 968ms
 ✓ Compiled in 580ms (875 modules)
 GET /journey 200 in 705ms
 ✓ Compiled in 574ms (875 modules)
 ✓ Compiled in 561ms (875 modules)
 GET /journey 200 in 713ms
 ✓ Compiled in 560ms (875 modules)
 GET /journey 200 in 645ms
 ✓ Compiled in 559ms (875 modules)
 GET /journey 200 in 900ms
 ✓ Compiled in 531ms (875 modules)
 ✓ Compiled in 554ms (875 modules)
 GET /journey 200 in 1038ms
 ✓ Compiled in 569ms (875 modules)
 GET /journey 200 in 661ms
 ✓ Compiled in 565ms (875 modules)
 GET /journey 200 in 910ms
 ✓ Compiled in 571ms (875 modules)
 GET /journey 200 in 979ms
 ✓ Compiled in 577ms (875 modules)
 GET /journey 200 in 709ms
 ✓ Compiled in 563ms (875 modules)
 ✓ Compiled in 553ms (875 modules)
 GET /journey 200 in 654ms
 ✓ Compiled in 560ms (875 modules)
 GET /journey 200 in 645ms
 ✓ Compiled in 590ms (875 modules)
 GET /journey 200 in 1013ms
 ✓ Compiled in 608ms (875 modules)
 GET /journey 200 in 1030ms
 ✓ Compiled in 609ms (875 modules)
 ✓ Compiled in 597ms (875 modules)
 GET /journey 200 in 750ms
 ✓ Compiled in 580ms (875 modules)
 GET /journey 200 in 678ms
 ✓ Compiled in 598ms (875 modules)
 GET /journey 200 in 1063ms
 ✓ Compiled in 1037ms (875 modules)
 ✓ Compiled in 617ms (875 modules)
 GET /journey 200 in 1266ms
 ✓ Compiled in 596ms (875 modules)
 GET /journey 200 in 691ms
 ✓ Compiled in 589ms (875 modules)
 GET /journey 200 in 956ms
 ✓ Compiled in 585ms (875 modules)
 GET /journey 200 in 931ms
 ✓ Compiled in 544ms (875 modules)
 GET /journey 200 in 674ms
 ✓ Compiled in 548ms (875 modules)
 ✓ Compiled in 554ms (875 modules)
 GET /journey 200 in 646ms
 ✓ Compiled in 557ms (875 modules)
 GET /journey 200 in 652ms
 ✓ Compiled in 563ms (875 modules)
 GET /journey 200 in 919ms
 ✓ Compiled in 534ms (875 modules)
 GET /journey 200 in 938ms
 ✓ Compiled in 555ms (875 modules)
 ✓ Compiled in 560ms (875 modules)
 GET /journey 200 in 695ms
 ✓ Compiled in 558ms (875 modules)
 GET /journey 200 in 649ms
 ✓ Compiled in 556ms (875 modules)
 GET /journey 200 in 643ms
 ✓ Compiled in 571ms (875 modules)
 GET /journey 200 in 1151ms
 ✓ Compiled in 663ms (875 modules)
 ✓ Compiled in 562ms (875 modules)
 GET /journey 200 in 696ms
 ✓ Compiled in 566ms (875 modules)
 GET /journey 200 in 671ms
 ✓ Compiled in 573ms (875 modules)
 GET /journey 200 in 923ms
 ✓ Compiled in 557ms (875 modules)
 GET /journey 200 in 887ms
 ✓ Compiled in 523ms (875 modules)
 GET /journey 200 in 689ms
 ✓ Compiled in 566ms (875 modules)
 ✓ Compiled in 608ms (875 modules)
 GET /journey 200 in 703ms
 ✓ Compiled in 563ms (875 modules)
 GET /journey 200 in 647ms
 ✓ Compiled in 564ms (875 modules)
 GET /journey 200 in 911ms
 ✓ Compiled in 524ms (875 modules)
 GET /journey 200 in 939ms
 ✓ Compiled in 555ms (875 modules)
 ✓ Compiled in 577ms (875 modules)
 GET /journey 200 in 707ms
 ✓ Compiled in 585ms (875 modules)
 GET /journey 200 in 680ms
 ✓ Compiled in 557ms (875 modules)
 GET /journey 200 in 647ms
 ✓ Compiled in 529ms (875 modules)
 ✓ Compiled in 555ms (875 modules)
 GET /journey 200 in 1048ms
 ✓ Compiled in 558ms (875 modules)
 GET /journey 200 in 656ms
 ✓ Compiled in 554ms (875 modules)
 GET /journey 200 in 921ms
 ✓ Compiled in 586ms (875 modules)
 GET /journey 200 in 919ms
 ✓ Compiled in 529ms (875 modules)
 GET /journey 200 in 679ms
 ✓ Compiled in 556ms (875 modules)
 ✓ Compiled in 545ms (875 modules)
 GET /journey 200 in 635ms
 ✓ Compiled in 549ms (875 modules)
 GET /journey 200 in 633ms
 ✓ Compiled in 566ms (875 modules)
 GET /journey 200 in 928ms
 ✓ Compiled in 561ms (875 modules)
 GET /journey 200 in 1026ms
 ✓ Compiled in 611ms (875 modules)
 ✓ Compiled in 555ms (875 modules)
 GET /journey 200 in 700ms
 ✓ Compiled in 555ms (875 modules)
 GET /journey 200 in 638ms
 ✓ Compiled in 562ms (875 modules)
 GET /journey 200 in 929ms
 ✓ Compiled in 615ms (875 modules)
 GET /journey 200 in 995ms
 ✓ Compiled in 576ms (875 modules)
 GET /journey 200 in 697ms
 ✓ Compiled in 560ms (875 modules)
 ✓ Compiled in 551ms (875 modules)
 GET /journey 200 in 642ms
 ✓ Compiled in 552ms (875 modules)
 GET /journey 200 in 636ms
 ✓ Compiled in 551ms (875 modules)
 GET /journey 200 in 909ms
 ✓ Compiled in 556ms (875 modules)
 GET /journey 200 in 1455ms
 ✓ Compiled in 1046ms (875 modules)
 ✓ Compiled in 620ms (875 modules)
 GET /journey 200 in 825ms
 ✓ Compiled in 650ms (875 modules)
 GET /journey 200 in 750ms
 ✓ Compiled in 621ms (875 modules)
 GET /journey 200 in 716ms
 ✓ Compiled in 575ms (875 modules)
 ✓ Compiled in 608ms (875 modules)
 GET /journey 200 in 1147ms
 ✓ Compiled in 598ms (875 modules)
 GET /journey 200 in 688ms
 ✓ Compiled in 596ms (875 modules)
 GET /journey 200 in 960ms
 ✓ Compiled in 578ms (875 modules)
 GET /journey 200 in 942ms
 ✓ Compiled in 555ms (875 modules)
 GET /journey 200 in 725ms
 ✓ Compiled in 596ms (875 modules)
 ✓ Compiled in 578ms (875 modules)
 GET /journey 200 in 729ms
 ✓ Compiled in 577ms (875 modules)
 GET /journey 200 in 664ms
 ✓ Compiled in 570ms (875 modules)
 GET /journey 200 in 959ms
 ✓ Compiled in 603ms (875 modules)
 GET /journey 200 in 959ms
 ✓ Compiled in 542ms (875 modules)
 GET /journey 200 in 699ms
 ✓ Compiled in 573ms (875 modules)
 ✓ Compiled in 562ms (875 modules)
 GET /journey 200 in 661ms
 ✓ Compiled in 588ms (875 modules)
 GET /journey 200 in 684ms
 ✓ Compiled in 566ms (875 modules)
 GET /journey 200 in 925ms
 ✓ Compiled in 557ms (875 modules)
 GET /journey 200 in 1012ms
 ✓ Compiled in 605ms (875 modules)
 ✓ Compiled in 633ms (875 modules)
 GET /journey 200 in 778ms
 ✓ Compiled in 601ms (875 modules)
 GET /journey 200 in 692ms
 ✓ Compiled in 642ms (875 modules)
 GET /journey 200 in 767ms
 ✓ Compiled in 625ms (875 modules)
 ✓ Compiled in 648ms (875 modules)
 GET /journey 200 in 1207ms
 ✓ Compiled in 669ms (875 modules)
 GET /journey 200 in 797ms
 ✓ Compiled in 702ms (875 modules)
 GET /journey 200 in 829ms
 ✓ Compiled in 672ms (875 modules)
 GET /journey 200 in 1044ms
 ✓ Compiled in 633ms (875 modules)
 GET /journey 200 in 814ms
 ✓ Compiled in 639ms (875 modules)
 ✓ Compiled in 672ms (875 modules)
 GET /journey 200 in 782ms
 ✓ Compiled in 622ms (875 modules)
 GET /journey 200 in 717ms
 ✓ Compiled in 605ms (875 modules)
 GET /journey 200 in 964ms
 ✓ Compiled in 629ms (875 modules)
 GET /journey 200 in 1049ms
 ✓ Compiled in 625ms (875 modules)
 GET /journey 200 in 920ms
 ✓ Compiled in 775ms (875 modules)
 ✓ Compiled in 653ms (875 modules)
 GET /journey 200 in 755ms
 ✓ Compiled in 581ms (875 modules)
 GET /journey 200 in 667ms
 ✓ Compiled in 599ms (875 modules)
 GET /journey 200 in 964ms
 ✓ Compiled in 549ms (875 modules)
 GET /journey 200 in 966ms
 ✓ Compiled in 566ms (875 modules)
 ✓ Compiled in 572ms (875 modules)
 GET /journey 200 in 703ms
 ✓ Compiled in 578ms (875 modules)
 GET /journey 200 in 678ms
 ✓ Compiled in 601ms (875 modules)
 GET /journey 200 in 694ms
 ✓ Compiled in 577ms (875 modules)
 GET /journey 200 in 920ms
 ✓ Compiled in 524ms (875 modules)
 GET /journey 200 in 667ms
 ✓ Compiled in 550ms (875 modules)
 ✓ Compiled in 573ms (875 modules)
 GET /journey 200 in 662ms
 ✓ Compiled in 563ms (875 modules)
 GET /journey 200 in 649ms
 ✓ Compiled in 552ms (875 modules)
 GET /journey 200 in 913ms
 ✓ Compiled in 578ms (875 modules)
 GET /journey 200 in 1133ms
 ✓ Compiled in 835ms (875 modules)
 GET /journey 200 in 835ms
 ✓ Compiled in 625ms (875 modules)
 ✓ Compiled in 574ms (875 modules)
 GET /journey 200 in 668ms
 ✓ Compiled in 580ms (875 modules)
 GET /journey 200 in 671ms
 ✓ Compiled in 574ms (875 modules)
 GET /journey 200 in 967ms
 ✓ Compiled in 622ms (875 modules)
 GET /journey 200 in 925ms
 ✓ Compiled in 543ms (875 modules)
 GET /journey 200 in 707ms
 ✓ Compiled in 574ms (875 modules)
 ✓ Compiled in 569ms (875 modules)
 GET /journey 200 in 671ms
 ✓ Compiled in 573ms (875 modules)
 GET /journey 200 in 659ms
 ✓ Compiled in 649ms (875 modules)
 GET /journey 200 in 1076ms
 ✓ Compiled in 618ms (875 modules)
 GET /journey 200 in 1167ms
 ✓ Compiled in 781ms (875 modules)
 ✓ Compiled in 665ms (875 modules)
 GET /journey 200 in 1100ms
 ✓ Compiled in 581ms (875 modules)
 GET /journey 200 in 708ms
 ✓ Compiled in 573ms (875 modules)
 GET /journey 200 in 949ms
 ✓ Compiled in 591ms (875 modules)
 GET /journey 200 in 951ms
 ✓ Compiled in 547ms (875 modules)
 GET /journey 200 in 884ms
 ✓ Compiled in 753ms (875 modules)
 ✓ Compiled in 781ms (875 modules)
 GET /journey 200 in 1120ms
 ✓ Compiled in 612ms (875 modules)
 GET /journey 200 in 745ms
 ✓ Compiled in 613ms (875 modules)
 GET /journey 200 in 973ms
 ✓ Compiled in 585ms (875 modules)
 GET /journey 200 in 973ms
 ✓ Compiled in 606ms (875 modules)
 GET /journey 200 in 747ms
 ✓ Compiled in 593ms (875 modules)
 ✓ Compiled in 580ms (875 modules)
 GET /journey 200 in 697ms
 ✓ Compiled in 564ms (875 modules)
 GET /journey 200 in 654ms
 ✓ Compiled in 573ms (875 modules)
 GET /journey 200 in 1042ms
 ✓ Compiled in 686ms (875 modules)
 GET /journey 200 in 1139ms
 ✓ Compiled in 644ms (875 modules)
 ✓ Compiled in 574ms (875 modules)
 GET /journey 200 in 715ms
 ✓ Compiled in 564ms (875 modules)
 GET /journey 200 in 646ms
 ✓ Compiled in 557ms (875 modules)
 GET /journey 200 in 922ms
 ✓ Compiled in 571ms (875 modules)
 GET /journey 200 in 966ms
 ✓ Compiled in 600ms (875 modules)
 GET /journey 200 in 737ms
 ✓ Compiled in 586ms (875 modules)
 ✓ Compiled in 560ms (875 modules)
 GET /journey 200 in 662ms
 ✓ Compiled in 565ms (875 modules)
 GET /journey 200 in 658ms
 ✓ Compiled in 570ms (875 modules)
 GET /journey 200 in 915ms
 ✓ Compiled in 573ms (875 modules)
 GET /journey 200 in 918ms
 ✓ Compiled in 536ms (875 modules)
 GET /journey 200 in 684ms
 ✓ Compiled in 565ms (875 modules)
 ✓ Compiled in 558ms (875 modules)
 GET /journey 200 in 652ms
 ✓ Compiled in 562ms (875 modules)
 GET /journey 200 in 654ms
 ✓ Compiled in 569ms (875 modules)
 GET /journey 200 in 922ms
 ✓ Compiled in 538ms (875 modules)
 GET /journey 200 in 961ms
 ✓ Compiled in 568ms (875 modules)
 ✓ Compiled in 560ms (875 modules)
 GET /journey 200 in 688ms
 ✓ Compiled in 549ms (875 modules)
 GET /journey 200 in 640ms
 ✓ Compiled in 567ms (875 modules)
 GET /journey 200 in 667ms
 ✓ Compiled in 548ms (875 modules)
 ✓ Compiled in 586ms (875 modules)
 GET /journey 200 in 1090ms
 ✓ Compiled in 564ms (875 modules)
 GET /journey 200 in 810ms
 ✓ Compiled in 1059ms (875 modules)
 GET /journey 200 in 1433ms
 ✓ Compiled in 602ms (875 modules)
 ✓ Compiled in 571ms (875 modules)
 GET /journey 200 in 1118ms
 ✓ Compiled in 560ms (875 modules)
 GET /journey 200 in 649ms
 ✓ Compiled in 584ms (875 modules)
 GET /journey 200 in 946ms
 ✓ Compiled in 580ms (875 modules)
 GET /journey 200 in 923ms
 ✓ Compiled in 537ms (875 modules)
 GET /journey 200 in 772ms
 ✓ Compiled in 645ms (875 modules)
 ✓ Compiled in 563ms (875 modules)
 GET /journey 200 in 660ms
 ✓ Compiled in 571ms (875 modules)
 GET /journey 200 in 656ms
 ✓ Compiled in 571ms (875 modules)
 GET /journey 200 in 946ms
 ✓ Compiled in 554ms (875 modules)
 GET /journey 200 in 1003ms
 ✓ Compiled in 585ms (875 modules)
 ✓ Compiled in 564ms (875 modules)
 GET /journey 200 in 700ms
 ✓ Compiled in 571ms (875 modules)
 GET /journey 200 in 656ms
 ✓ Compiled in 566ms (875 modules)
 GET /journey 200 in 950ms
 ✓ Compiled in 622ms (874 modules)
 GET /journey 200 in 1034ms
 ✓ Compiled in 532ms (874 modules)
 ✓ Compiled in 541ms (874 modules)
 GET /journey 200 in 699ms
 ✓ Compiled in 572ms (874 modules)
 GET /journey 200 in 945ms
 ✓ Compiled in 530ms (874 modules)
 ✓ Compiled in 551ms (874 modules)
 GET /journey 200 in 1052ms
 ✓ Compiled in 553ms (874 modules)
 GET /journey 200 in 933ms
 ✓ Compiled in 573ms (874 modules)
 GET /journey 200 in 972ms
 ✓ Compiled in 524ms (874 modules)
 ✓ Compiled in 565ms (874 modules)
 GET /journey 200 in 721ms
 ✓ Compiled in 553ms (874 modules)
 GET /journey 200 in 923ms
 ✓ Compiled in 556ms (874 modules)
 GET /journey 200 in 983ms
 ✓ Compiled in 549ms (874 modules)
 ✓ Compiled in 548ms (874 modules)
 GET /journey 200 in 705ms
 ✓ Compiled in 557ms (874 modules)
 GET /journey 200 in 670ms
 ✓ Compiled in 561ms (874 modules)
 GET /journey 200 in 964ms
 ✓ Compiled in 522ms (874 modules)
 ✓ Compiled in 602ms (874 modules)
 GET /journey 200 in 761ms
 ✓ Compiled in 575ms (874 modules)
 GET /journey 200 in 708ms
 ✓ Compiled in 561ms (874 modules)
 ✓ Compiled in 551ms (874 modules)
 GET /journey 200 in 1090ms
 ✓ Compiled in 550ms (874 modules)
 GET /journey 200 in 927ms
 ✓ Compiled in 553ms (874 modules)
 GET /journey 200 in 966ms
 ✓ Compiled in 524ms (874 modules)
 ✓ Compiled in 567ms (874 modules)
 GET /journey 200 in 718ms
 ✓ Compiled in 587ms (874 modules)
 GET /journey 200 in 716ms
 ✓ Compiled in 574ms (874 modules)
 GET /journey 200 in 977ms
 ✓ Compiled in 563ms (874 modules)
 GET /journey 200 in 721ms
 ✓ Compiled in 572ms (874 modules)
 ✓ Compiled in 565ms (874 modules)
 GET /journey 200 in 674ms
 ✓ Compiled in 567ms (874 modules)
 GET /journey 200 in 965ms
 ✓ Compiled in 619ms (874 modules)
 GET /journey 200 in 1033ms
 ✓ Compiled in 540ms (874 modules)
 ✓ Compiled in 549ms (874 modules)
 GET /journey 200 in 694ms
 ✓ Compiled in 557ms (874 modules)
 GET /journey 200 in 933ms
 ✓ Compiled in 552ms (874 modules)
 GET /journey 200 in 972ms
 ✓ Compiled in 536ms (874 modules)
 ✓ Compiled in 908ms (874 modules)
 GET /journey 200 in 1065ms
 ✓ Compiled in 582ms (874 modules)
 GET /journey 200 in 706ms
 ✓ Compiled in 588ms (874 modules)
 GET /journey 200 in 969ms
 ✓ Compiled in 539ms (874 modules)
 GET /journey 200 in 725ms
 ✓ Compiled in 569ms (874 modules)
 ✓ Compiled in 563ms (874 modules)
 GET /journey 200 in 678ms
 ✓ Compiled in 619ms (874 modules)
 GET /journey 200 in 1002ms
 ✓ Compiled in 533ms (874 modules)
 GET /journey 200 in 1075ms
 ✓ Compiled in 662ms (874 modules)
 ✓ Compiled in 560ms (874 modules)
 GET /journey 200 in 740ms
 ✓ Compiled in 558ms (874 modules)
 GET /journey 200 in 948ms
 ✓ Compiled in 572ms (874 modules)
 GET /journey 200 in 976ms
 ✓ Compiled in 529ms (874 modules)
 ✓ Compiled in 569ms (874 modules)
 GET /journey 200 in 723ms
 ✓ Compiled in 561ms (874 modules)
 GET /journey 200 in 689ms
 ✓ Compiled in 530ms (874 modules)
 ✓ Compiled in 583ms (874 modules)
 GET /journey 200 in 1104ms
 ✓ Compiled in 640ms (874 modules)
 GET /journey 200 in 749ms
 ✓ Compiled in 572ms (874 modules)
 GET /journey 200 in 995ms
 ✓ Compiled in 543ms (874 modules)
 ✓ Compiled in 551ms (874 modules)
 GET /journey 200 in 702ms
 ✓ Compiled in 567ms (874 modules)
 GET /journey 200 in 687ms
 ✓ Compiled in 570ms (874 modules)
 GET /journey 200 in 953ms
 ✓ Compiled in 530ms (874 modules)
 GET /journey 200 in 690ms
 ✓ Compiled in 555ms (874 modules)
 ✓ Compiled in 562ms (874 modules)
 GET /journey 200 in 667ms
 ✓ Compiled in 552ms (874 modules)
 GET /journey 200 in 930ms
 ✓ Compiled in 561ms (874 modules)
 GET /journey 200 in 966ms
 ✓ Compiled in 528ms (874 modules)
 ✓ Compiled in 561ms (874 modules)
 GET /journey 200 in 711ms
 ✓ Compiled in 549ms (874 modules)
 GET /journey 200 in 925ms
 ✓ Compiled in 525ms (874 modules)
 ✓ Compiled in 553ms (874 modules)
 GET /journey 200 in 1058ms
 ✓ Compiled in 669ms (874 modules)
 GET /journey 200 in 1053ms
 ✓ Compiled in 587ms (874 modules)
 GET /journey 200 in 1015ms
 ✓ Compiled in 558ms (874 modules)
 ✓ Compiled in 614ms (874 modules)
 GET /journey 200 in 792ms
 ✓ Compiled in 609ms (874 modules)
 GET /journey 200 in 722ms
 ✓ Compiled in 593ms (874 modules)
 GET /journey 200 in 1032ms
 ✓ Compiled in 559ms (874 modules)
 ✓ Compiled in 585ms (874 modules)
 GET /journey 200 in 741ms
 ✓ Compiled in 580ms (874 modules)
 GET /journey 200 in 704ms
 ✓ Compiled in 586ms (874 modules)
 GET /journey 200 in 975ms
 ✓ Compiled in 550ms (874 modules)
 GET /journey 200 in 730ms
 ✓ Compiled in 587ms (874 modules)
 ✓ Compiled in 571ms (874 modules)
 GET /journey 200 in 688ms
 ✓ Compiled in 588ms (874 modules)
 GET /journey 200 in 969ms
 ✓ Compiled in 573ms (874 modules)
 GET /journey 200 in 968ms
 ✓ Compiled in 521ms (874 modules)
 ✓ Compiled in 556ms (874 modules)
 GET /journey 200 in 703ms
 ✓ Compiled in 553ms (874 modules)
 GET /journey 200 in 944ms
 ✓ Compiled in 581ms (874 modules)
 GET /journey 200 in 1025ms
 ✓ Compiled in 562ms (874 modules)
 ✓ Compiled in 581ms (874 modules)
 GET /journey 200 in 732ms
 ✓ Compiled in 980ms (874 modules)
 GET /journey 200 in 1118ms
 ✓ Compiled in 614ms (874 modules)
 GET /journey 200 in 1012ms
 ✓ Compiled in 545ms (874 modules)
 GET /journey 200 in 768ms
 ✓ Compiled in 623ms (874 modules)
 ✓ Compiled in 613ms (874 modules)
 GET /journey 200 in 730ms
 ✓ Compiled in 562ms (874 modules)
 GET /journey 200 in 949ms
 ✓ Compiled in 535ms (874 modules)
 GET /journey 200 in 983ms
 ✓ Compiled in 562ms (874 modules)
 ✓ Compiled in 559ms (874 modules)
 GET /journey 200 in 666ms
 ✓ Compiled in 567ms (874 modules)
 GET /journey 200 in 951ms
 ✓ Compiled in 563ms (874 modules)
 GET /journey 200 in 963ms
 ✓ Compiled in 518ms (874 modules)
 ✓ Compiled in 551ms (874 modules)
 GET /journey 200 in 697ms
 ✓ Compiled in 554ms (874 modules)
 GET /journey 200 in 934ms
 ✓ Compiled in 527ms (874 modules)
 ✓ Compiled in 613ms (874 modules)
 GET /journey 200 in 1121ms
 ✓ Compiled in 569ms (874 modules)
 GET /journey 200 in 954ms
 ✓ Compiled in 571ms (874 modules)
 GET /journey 200 in 978ms
 ✓ Compiled in 523ms (874 modules)
 ✓ Compiled in 546ms (874 modules)
 GET /journey 200 in 687ms
 ✓ Compiled in 558ms (874 modules)
 GET /journey 200 in 942ms
 ✓ Compiled in 566ms (874 modules)
 GET /journey 200 in 992ms
 ✓ Compiled in 539ms (874 modules)
 ✓ Compiled in 553ms (874 modules)
 GET /journey 200 in 701ms
 ✓ Compiled in 554ms (874 modules)
 GET /journey 200 in 670ms
 ✓ Compiled in 569ms (874 modules)
 GET /journey 200 in 950ms
 ✓ Compiled in 534ms (874 modules)
 GET /journey 200 in 703ms
 ✓ Compiled in 562ms (874 modules)
 ✓ Compiled in 554ms (874 modules)
 GET /journey 200 in 659ms
 ✓ Compiled in 540ms (874 modules)
 GET /journey 200 in 917ms
 ✓ Compiled in 567ms (874 modules)
 GET /journey 200 in 1021ms
 ✓ Compiled in 576ms (874 modules)
 ✓ Compiled in 544ms (874 modules)
 GET /journey 200 in 686ms
 ✓ Compiled in 572ms (874 modules)
 GET /journey 200 in 691ms
 ✓ Compiled in 571ms (874 modules)
 GET /journey 200 in 937ms
 ✓ Compiled in 519ms (874 modules)
 ✓ Compiled in 560ms (874 modules)
 GET /journey 200 in 702ms
 ✓ Compiled in 539ms (874 modules)
 GET /journey 200 in 659ms
 ✓ Compiled in 567ms (874 modules)
 GET /journey 200 in 948ms
 ✓ Compiled in 531ms (874 modules)
 GET /journey 200 in 697ms
 ✓ Compiled in 559ms (874 modules)
 ✓ Compiled in 550ms (874 modules)
 GET /journey 200 in 652ms
 ✓ Compiled in 565ms (874 modules)
 GET /journey 200 in 955ms
 ✓ Compiled in 581ms (874 modules)
 GET /journey 200 in 983ms
 ✓ Compiled in 522ms (874 modules)
 ✓ Compiled in 540ms (874 modules)
 GET /journey 200 in 687ms
 ✓ Compiled in 564ms (874 modules)
 GET /journey 200 in 952ms
 ✓ Compiled in 532ms (874 modules)
 ✓ Compiled in 540ms (874 modules)
 GET /journey 200 in 1049ms
 ✓ Compiled in 553ms (874 modules)
 GET /journey 200 in 930ms
 ✓ Compiled in 565ms (874 modules)
 GET /journey 200 in 972ms
 ✓ Compiled in 526ms (874 modules)
 ✓ Compiled in 564ms (874 modules)
 GET /journey 200 in 712ms
 ✓ Compiled in 850ms (874 modules)
 GET /journey 200 in 980ms
 ✓ Compiled in 591ms (874 modules)
 GET /journey 200 in 969ms
 ✓ Compiled in 552ms (874 modules)
 ✓ Compiled in 558ms (874 modules)
 GET /journey 200 in 719ms
 ✓ Compiled in 679ms (874 modules)
 GET /journey 200 in 793ms
 ✓ Compiled in 583ms (874 modules)
 GET /journey 200 in 970ms
 ✓ Compiled in 541ms (874 modules)
 GET /journey 200 in 716ms
 ✓ Compiled in 578ms (874 modules)
 ✓ Compiled in 561ms (874 modules)
 GET /journey 200 in 671ms
 ✓ Compiled in 580ms (874 modules)
 GET /journey 200 in 974ms
 ✓ Compiled in 579ms (874 modules)
 GET /journey 200 in 980ms
 ✓ Compiled in 526ms (874 modules)
 ✓ Compiled in 556ms (874 modules)
 GET /journey 200 in 708ms
 ✓ Compiled in 572ms (874 modules)
 GET /journey 200 in 953ms
 ✓ Compiled in 558ms (874 modules)
 GET /journey 200 in 983ms
 ✓ Compiled in 551ms (874 modules)
 ✓ Compiled in 619ms (874 modules)
 GET /journey 200 in 779ms
 ✓ Compiled in 579ms (874 modules)
 GET /journey 200 in 717ms
 ✓ Compiled in 565ms (874 modules)
 GET /journey 200 in 999ms
 ✓ Compiled in 560ms (874 modules)
 ✓ Compiled in 577ms (874 modules)
 GET /journey 200 in 737ms
 ✓ Compiled in 556ms (874 modules)
 GET /journey 200 in 670ms
 ✓ Compiled in 581ms (874 modules)
 GET /journey 200 in 963ms
 ✓ Compiled in 530ms (874 modules)
 GET /journey 200 in 704ms
 ✓ Compiled in 571ms (874 modules)
 ✓ Compiled in 570ms (874 modules)
 GET /journey 200 in 684ms
 ✓ Compiled in 563ms (874 modules)
 GET /journey 200 in 950ms
 ✓ Compiled in 581ms (874 modules)
 GET /journey 200 in 991ms
 ✓ Compiled in 536ms (874 modules)
 ✓ Compiled in 551ms (874 modules)
 GET /journey 200 in 700ms
 ✓ Compiled in 602ms (874 modules)
 GET /journey 200 in 1012ms
 ✓ Compiled in 581ms (874 modules)
 GET /journey 200 in 976ms
 ✓ Compiled in 535ms (874 modules)
 ✓ Compiled in 555ms (874 modules)
 GET /journey 200 in 710ms
 ✓ Compiled in 556ms (874 modules)
 GET /journey 200 in 671ms
 ✓ Compiled in 562ms (874 modules)
 GET /journey 200 in 977ms
 ✓ Compiled in 528ms (874 modules)
 ✓ Compiled in 567ms (874 modules)
 GET /journey 200 in 709ms
 ✓ Compiled in 551ms (874 modules)
 GET /journey 200 in 668ms
 ✓ Compiled in 523ms (874 modules)
 ✓ Compiled in 545ms (874 modules)
 GET /journey 200 in 1070ms
 ✓ Compiled in 586ms (874 modules)
 GET /journey 200 in 991ms
 ✓ Compiled in 587ms (874 modules)
 GET /journey 200 in 1004ms
 ✓ Compiled in 542ms (874 modules)
 ✓ Compiled in 559ms (874 modules)
 GET /journey 200 in 710ms
 ✓ Compiled in 564ms (874 modules)
 GET /journey 200 in 982ms
 ✓ Compiled in 610ms (874 modules)
 GET /journey 200 in 1035ms
 ✓ Compiled in 559ms (874 modules)
 ✓ Compiled in 621ms (874 modules)
 GET /journey 200 in 771ms
 ✓ Compiled in 587ms (874 modules)
 GET /journey 200 in 698ms
 ✓ Compiled in 559ms (874 modules)
 ✓ Compiled in 547ms (874 modules)
 GET /journey 200 in 1104ms
 ✓ Compiled in 593ms (874 modules)
 GET /journey 200 in 1228ms
 ✓ Compiled in 895ms (874 modules)
 GET /journey 200 in 1495ms
 ✓ Compiled in 738ms (874 modules)
 ✓ Compiled in 589ms (874 modules)
 GET /journey 200 in 805ms
 ✓ Compiled in 704ms (874 modules)
 GET /journey 200 in 840ms
 ✓ Compiled in 552ms (874 modules)
 ✓ Compiled in 605ms (874 modules)
 GET /journey 200 in 1153ms
 ✓ Compiled in 587ms (874 modules)
 GET /journey 200 in 989ms
 ✓ Compiled in 590ms (874 modules)
 GET /journey 200 in 1023ms
 ✓ Compiled in 550ms (874 modules)
 ✓ Compiled in 592ms (874 modules)
 GET /journey 200 in 758ms
 ✓ Compiled in 603ms (874 modules)
 GET /journey 200 in 747ms
 ✓ Compiled in 571ms (874 modules)
 GET /journey 200 in 988ms
 ✓ Compiled in 595ms (874 modules)
 GET /journey 200 in 767ms
 ✓ Compiled in 606ms (874 modules)
 ✓ Compiled in 618ms (874 modules)
 GET /journey 200 in 767ms
 ✓ Compiled in 677ms (874 modules)
 GET /journey 200 in 1056ms
 ✓ Compiled in 549ms (874 modules)
 GET /journey 200 in 729ms
 ✓ Compiled in 580ms (874 modules)
 ✓ Compiled in 561ms (874 modules)
 GET /journey 200 in 728ms
 ✓ Compiled in 565ms (874 modules)
 GET /journey 200 in 959ms
 ✓ Compiled in 576ms (874 modules)
 GET /journey 200 in 1008ms
 ✓ Compiled in 573ms (874 modules)
 ✓ Compiled in 600ms (874 modules)
 GET /journey 200 in 759ms
 ✓ Compiled in 566ms (874 modules)
 GET /journey 200 in 689ms
 ✓ Compiled in 585ms (874 modules)
 GET /journey 200 in 1039ms
 ✓ Compiled in 613ms (874 modules)
 GET /journey 200 in 720ms
 ✓ Compiled in 573ms (874 modules)
 ✓ Compiled in 581ms (874 modules)
 GET /journey 200 in 696ms
 ✓ Compiled in 706ms (874 modules)
 GET /journey 200 in 1103ms
 ✓ Compiled in 585ms (874 modules)
 GET /journey 200 in 1159ms
 ✓ Compiled in 710ms (874 modules)
 ✓ Compiled in 736ms (874 modules)
 GET /journey 200 in 914ms
 ✓ Compiled in 626ms (874 modules)
 GET /journey 200 in 758ms
 ✓ Compiled in 604ms (874 modules)
 GET /journey 200 in 1003ms
 ✓ Compiled in 571ms (874 modules)
 ✓ Compiled in 684ms (874 modules)
 GET /journey 200 in 839ms
 ✓ Compiled in 685ms (874 modules)
 GET /journey 200 in 821ms
 ✓ Compiled in 694ms (874 modules)
 GET /journey 200 in 1124ms
 ✓ Compiled in 591ms (874 modules)
 GET /journey 200 in 718ms
 ✓ Compiled in 572ms (874 modules)
 ✓ Compiled in 561ms (874 modules)
 GET /journey 200 in 673ms
 ✓ Compiled in 564ms (874 modules)
 GET /journey 200 in 948ms
 ✓ Compiled in 597ms (874 modules)
 GET /journey 200 in 1048ms
 ✓ Compiled in 579ms (874 modules)
 ✓ Compiled in 557ms (874 modules)
 GET /journey 200 in 726ms
 ✓ Compiled in 554ms (874 modules)
 GET /journey 200 in 674ms
 ✓ Compiled in 538ms (874 modules)
 ✓ Compiled in 547ms (874 modules)
 GET /journey 200 in 1077ms
 ✓ Compiled in 583ms (874 modules)
 GET /journey 200 in 1001ms
 ✓ Compiled in 608ms (874 modules)
 GET /journey 200 in 1052ms
 ✓ Compiled in 560ms (874 modules)
 ✓ Compiled in 566ms (874 modules)
 GET /journey 200 in 727ms
 ✓ Compiled in 554ms (874 modules)
 GET /journey 200 in 718ms
 ✓ Compiled in 1047ms (874 modules)
 ✓ Compiled in 661ms (874 modules)
 GET /journey 200 in 1678ms
 ✓ Compiled in 602ms (874 modules)
 GET /journey 200 in 722ms
 ✓ Compiled in 581ms (874 modules)
 GET /journey 200 in 974ms
 ✓ Compiled in 579ms (874 modules)
 GET /journey 200 in 742ms
 ✓ Compiled in 567ms (874 modules)
 ✓ Compiled in 602ms (874 modules)
 GET /journey 200 in 713ms
 ✓ Compiled in 565ms (874 modules)
 GET /journey 200 in 954ms
 ✓ Compiled in 587ms (874 modules)
 GET /journey 200 in 1016ms
 ✓ Compiled in 562ms (874 modules)
 ✓ Compiled in 576ms (874 modules)
 GET /journey 200 in 734ms
 ✓ Compiled in 643ms (874 modules)
 GET /journey 200 in 1133ms
 ✓ Compiled in 672ms (874 modules)
 GET /journey 200 in 1095ms
 ✓ Compiled in 569ms (874 modules)
 ✓ Compiled in 565ms (874 modules)
 GET /journey 200 in 717ms
 ✓ Compiled in 560ms (874 modules)
 GET /journey 200 in 680ms
 ✓ Compiled in 583ms (874 modules)
 GET /journey 200 in 990ms
 ✓ Compiled in 556ms (874 modules)
 GET /journey 200 in 724ms
 ✓ Compiled in 582ms (874 modules)
 ✓ Compiled in 562ms (874 modules)
 GET /journey 200 in 687ms
 ✓ Compiled in 566ms (874 modules)
 GET /journey 200 in 952ms
 ✓ Compiled in 545ms (874 modules)
 GET /journey 200 in 739ms
 ✓ Compiled in 584ms (874 modules)
 ✓ Compiled in 569ms (874 modules)
 GET /journey 200 in 692ms
 ✓ Compiled in 636ms (874 modules)
 GET /journey 200 in 1097ms
 ✓ Compiled in 620ms (874 modules)
 GET /journey 200 in 1059ms
 ✓ Compiled in 584ms (874 modules)
 ✓ Compiled in 557ms (874 modules)
 GET /journey 200 in 723ms
 ✓ Compiled in 572ms (874 modules)
 GET /journey 200 in 958ms
 ✓ Compiled in 612ms (874 modules)
 GET /journey 200 in 1027ms
 ✓ Compiled in 545ms (874 modules)
 ✓ Compiled in 563ms (874 modules)
 GET /journey 200 in 716ms
 ✓ Compiled in 583ms (874 modules)
 GET /journey 200 in 704ms
 ✓ Compiled in 539ms (874 modules)
 ✓ Compiled in 545ms (874 modules)
 GET /journey 200 in 1083ms
 ✓ Compiled in 582ms (874 modules)
 GET /journey 200 in 1047ms
 ✓ Compiled in 653ms (874 modules)
 GET /journey 200 in 1067ms
 ✓ Compiled in 545ms (874 modules)
 ✓ Compiled in 567ms (874 modules)
 GET /journey 200 in 716ms
 ✓ Compiled in 558ms (874 modules)
 GET /journey 200 in 680ms
 ✓ Compiled in 575ms (874 modules)
 GET /journey 200 in 965ms
 ✓ Compiled in 565ms (874 modules)
 ✓ Compiled in 571ms (874 modules)
 GET /journey 200 in 745ms
 ✓ Compiled in 568ms (874 modules)
 GET /journey 200 in 690ms
 ✓ Compiled in 577ms (874 modules)
 GET /journey 200 in 964ms
 ✓ Compiled in 536ms (874 modules)
 GET /journey 200 in 698ms
 ✓ Compiled in 565ms (874 modules)
 ✓ Compiled in 587ms (874 modules)
 GET /journey 200 in 700ms
 ✓ Compiled in 578ms (874 modules)
 GET /journey 200 in 980ms
 ✓ Compiled in 559ms (874 modules)
 GET /journey 200 in 1008ms
 ✓ Compiled in 564ms (874 modules)
 ✓ Compiled in 697ms (874 modules)
 GET /journey 200 in 850ms
 ✓ Compiled in 579ms (874 modules)
 GET /journey 200 in 1221ms
 ✓ Compiled in 915ms (874 modules)
 ✓ Compiled in 639ms (874 modules)
 GET /journey 200 in 1512ms
 ✓ Compiled in 617ms (874 modules)
 GET /journey 200 in 741ms
 ✓ Compiled in 566ms (874 modules)
 ✓ Compiled in 564ms (874 modules)
 GET /journey 200 in 1121ms
 ✓ Compiled in 604ms (874 modules)
 GET /journey 200 in 742ms
 ✓ Compiled in 595ms (874 modules)
 GET /journey 200 in 988ms
 ✓ Compiled in 559ms (874 modules)
 ✓ Compiled in 620ms (874 modules)
 GET /journey 200 in 772ms
 ✓ Compiled in 565ms (874 modules)
 GET /journey 200 in 689ms
 ✓ Compiled in 671ms (874 modules)
 GET /journey 200 in 1139ms
 ✓ Compiled in 616ms (874 modules)
 GET /journey 200 in 760ms
 ✓ Compiled in 615ms (874 modules)
 ✓ Compiled in 577ms (874 modules)
 GET /journey 200 in 698ms
 ✓ Compiled in 566ms (874 modules)
 GET /journey 200 in 969ms
 ✓ Compiled in 564ms (874 modules)
 GET /journey 200 in 736ms
 ✓ Compiled in 584ms (874 modules)
 ✓ Compiled in 582ms (874 modules)
 GET /journey 200 in 741ms
 ✓ Compiled in 558ms (874 modules)
 GET /journey 200 in 949ms
 ✓ Compiled in 560ms (874 modules)
 ✓ Compiled in 552ms (874 modules)
 GET /journey 200 in 1087ms
 ✓ Compiled in 584ms (874 modules)
 GET /journey 200 in 1030ms
 ✓ Compiled in 683ms (874 modules)
 GET /journey 200 in 1123ms
 ✓ Compiled in 560ms (874 modules)
 ✓ Compiled in 583ms (874 modules)
 GET /journey 200 in 732ms
 ✓ Compiled in 602ms (874 modules)
 GET /journey 200 in 715ms
 ✓ Compiled in 570ms (874 modules)
 GET /journey 200 in 1002ms
 ✓ Compiled in 556ms (874 modules)
 ✓ Compiled in 595ms (874 modules)
 GET /journey 200 in 763ms
 ✓ Compiled in 634ms (874 modules)
 GET /journey 200 in 756ms
 ✓ Compiled in 569ms (874 modules)
 GET /journey 200 in 964ms
 ✓ Compiled in 550ms (874 modules)
 GET /journey 200 in 714ms
 ✓ Compiled in 574ms (874 modules)
 ✓ Compiled in 576ms (874 modules)
 GET /journey 200 in 691ms
 ✓ Compiled in 585ms (874 modules)
 GET /journey 200 in 987ms
 ✓ Compiled in 609ms (874 modules)
 GET /journey 200 in 1039ms
 ✓ Compiled in 557ms (874 modules)
 ✓ Compiled in 559ms (874 modules)
 GET /journey 200 in 706ms
 ✓ Compiled in 584ms (874 modules)
 GET /journey 200 in 704ms
 ✓ Compiled in 580ms (874 modules)
 GET /journey 200 in 1043ms
 ✓ Compiled in 629ms (874 modules)
 ✓ Compiled in 571ms (874 modules)
 GET /journey 200 in 754ms
 ✓ Compiled in 584ms (874 modules)
 GET /journey 200 in 701ms
 ✓ Compiled in 567ms (874 modules)
 GET /journey 200 in 956ms
 ✓ Compiled in 553ms (874 modules)
 GET /journey 200 in 731ms
 ✓ Compiled in 584ms (874 modules)
 ✓ Compiled in 588ms (874 modules)
 GET /journey 200 in 719ms
 ✓ Compiled in 568ms (874 modules)
 GET /journey 200 in 1053ms
 ✓ Compiled in 646ms (874 modules)
 GET /journey 200 in 739ms
 ✓ Compiled in 584ms (874 modules)
 ✓ Compiled in 602ms (874 modules)
 GET /journey 200 in 728ms
 ✓ Compiled in 581ms (874 modules)
 GET /journey 200 in 984ms
 ✓ Compiled in 584ms (874 modules)
 GET /journey 200 in 1344ms
 ✓ Compiled in 884ms (874 modules)
 ✓ Compiled in 649ms (874 modules)
 GET /journey 200 in 894ms
 ✓ Compiled in 616ms (874 modules)
 GET /journey 200 in 1021ms
 ✓ Compiled in 584ms (874 modules)
 ✓ Compiled in 571ms (874 modules)
 GET /journey 200 in 1127ms
 ✓ Compiled in 589ms (874 modules)
 GET /journey 200 in 990ms
 ✓ Compiled in 595ms (874 modules)
 GET /journey 200 in 1018ms
 ✓ Compiled in 560ms (874 modules)
 ✓ Compiled in 659ms (874 modules)
 GET /journey 200 in 811ms
 ✓ Compiled in 664ms (874 modules)
 GET /journey 200 in 790ms
 ✓ Compiled in 585ms (874 modules)
 GET /journey 200 in 976ms
 ✓ Compiled in 549ms (874 modules)
 ✓ Compiled in 573ms (874 modules)
 GET /journey 200 in 733ms
 ✓ Compiled in 571ms (874 modules)
 GET /journey 200 in 705ms
 ✓ Compiled in 599ms (874 modules)
 GET /journey 200 in 989ms
 ✓ Compiled in 564ms (874 modules)
 GET /journey 200 in 766ms
 ✓ Compiled in 619ms (874 modules)
 ✓ Compiled in 588ms (874 modules)
 GET /journey 200 in 704ms
 ✓ Compiled in 575ms (874 modules)
 GET /journey 200 in 972ms
 ✓ Compiled in 637ms (874 modules)
 GET /journey 200 in 1101ms
 ✓ Compiled in 596ms (874 modules)
 ✓ Compiled in 663ms (874 modules)
 GET /journey 200 in 828ms
 ✓ Compiled in 579ms (874 modules)
 GET /journey 200 in 702ms
 ✓ Compiled in 568ms (874 modules)
 GET /journey 200 in 1015ms
 ✓ Compiled in 568ms (874 modules)
 ✓ Compiled in 590ms (874 modules)
 GET /journey 200 in 753ms
 ✓ Compiled in 600ms (874 modules)
 GET /journey 200 in 718ms
 ✓ Compiled in 612ms (874 modules)
 GET /journey 200 in 1009ms
 ✓ Compiled in 566ms (874 modules)
 GET /journey 200 in 734ms
 ✓ Compiled in 569ms (874 modules)
 ✓ Compiled in 568ms (874 modules)
 GET /journey 200 in 678ms
 ✓ Compiled in 595ms (874 modules)
 GET /journey 200 in 1052ms
 ✓ Compiled in 682ms (874 modules)
 GET /journey 200 in 1072ms
 ✓ Compiled in 547ms (874 modules)
 ✓ Compiled in 569ms (874 modules)
 GET /journey 200 in 725ms
 ✓ Compiled in 571ms (874 modules)
 GET /journey 200 in 684ms
 ○ Compiling /_error ...
 ✓ Compiled /_error in 1569ms (1950 modules)
 GET /journey 500 in 1998ms
 ✓ Compiled in 617ms (875 modules)
 GET /journey 200 in 862ms
 ✓ Compiled in 733ms (875 modules)
 ✓ Compiled in 590ms (875 modules)
 GET /journey 200 in 688ms
 ✓ Compiled in 584ms (875 modules)
 GET /journey 200 in 685ms
 ✓ Compiled in 619ms (875 modules)
 GET /journey 200 in 1017ms
 ✓ Compiled in 635ms (875 modules)
 GET /journey 200 in 1072ms
 ✓ Compiled in 649ms (875 modules)
 GET /journey 200 in 710ms
 ✓ Compiled in 585ms (875 modules)
 ✓ Compiled in 598ms (875 modules)
 GET /journey 200 in 696ms
 ✓ Compiled in 592ms (875 modules)
 GET /journey 200 in 691ms
 ✓ Compiled in 603ms (875 modules)
 GET /journey 200 in 978ms
 ✓ Compiled in 571ms (875 modules)
 GET /journey 200 in 1019ms
 ✓ Compiled in 601ms (875 modules)
 ✓ Compiled in 599ms (875 modules)
 GET /journey 200 in 725ms
 ✓ Compiled in 586ms (875 modules)
 GET /journey 200 in 686ms
 ✓ Compiled in 1068ms (875 modules)
 GET /journey 200 in 1209ms
 ✓ Compiled in 747ms (875 modules)
 ✓ Compiled in 663ms (875 modules)
 GET /journey 200 in 1345ms
 ✓ Compiled in 622ms (875 modules)
 GET /journey 200 in 716ms
 ✓ Compiled in 819ms (875 modules)
 GET /journey 200 in 1233ms
 ✓ Compiled in 634ms (875 modules)
 GET /journey 200 in 977ms
 ✓ Compiled in 566ms (875 modules)
 GET /journey 200 in 763ms
 ✓ Compiled in 636ms (875 modules)
 ✓ Compiled in 592ms (875 modules)
 GET /journey 200 in 738ms
 ✓ Compiled in 615ms (875 modules)
 GET /journey 200 in 705ms
 ✓ Compiled in 620ms (875 modules)
 GET /journey 200 in 731ms
 ✓ Compiled in 618ms (875 modules)
 GET /journey 200 in 1005ms
 ✓ Compiled in 576ms (875 modules)
 GET /journey 200 in 713ms
 ✓ Compiled in 602ms (875 modules)
 ✓ Compiled in 706ms (875 modules)
 GET /journey 200 in 857ms
 ✓ Compiled in 627ms (875 modules)
 GET /journey 200 in 738ms
 ✓ Compiled in 616ms (875 modules)
 GET /journey 200 in 994ms
 ✓ Compiled in 579ms (875 modules)
 ✓ Compiled in 600ms (875 modules)
 GET /journey 200 in 1127ms
 ✓ Compiled in 625ms (875 modules)
 GET /journey 200 in 755ms
 ✓ Compiled in 618ms (875 modules)
 GET /journey 200 in 1012ms
 ✓ Compiled in 633ms (875 modules)
 GET /journey 200 in 1027ms
 ✓ Compiled in 619ms (875 modules)
 GET /journey 200 in 748ms
 ✓ Compiled in 613ms (875 modules)
 ✓ Compiled in 590ms (875 modules)
 GET /journey 200 in 694ms
 ✓ Compiled in 598ms (875 modules)
 GET /journey 200 in 694ms
 ✓ Compiled in 630ms (875 modules)
 GET /journey 200 in 1043ms
 ✓ Compiled in 602ms (875 modules)
 GET /journey 200 in 1044ms
 ✓ Compiled in 606ms (875 modules)
 ✓ Compiled in 615ms (875 modules)
 GET /journey 200 in 744ms
 ✓ Compiled in 584ms (875 modules)
 GET /journey 200 in 679ms
 ✓ Compiled in 590ms (875 modules)
 GET /journey 200 in 685ms
 ✓ Compiled in 611ms (875 modules)
 ✓ Compiled in 610ms (875 modules)
 GET /journey 200 in 1183ms
 ✓ Compiled in 580ms (875 modules)
 GET /journey 200 in 682ms
 ✓ Compiled in 606ms (875 modules)
 GET /journey 200 in 977ms
 ✓ Compiled in 605ms (875 modules)
 GET /journey 200 in 988ms
 ✓ Compiled in 579ms (875 modules)
 GET /journey 200 in 766ms
 ✓ Compiled in 627ms (875 modules)
 ✓ Compiled in 659ms (875 modules)
 GET /journey 200 in 822ms
 ✓ Compiled in 615ms (875 modules)
 GET /journey 200 in 712ms
 ✓ Compiled in 593ms (875 modules)
 GET /journey 200 in 965ms
 ✓ Compiled in 560ms (875 modules)
 ✓ Compiled in 607ms (875 modules)
 GET /journey 200 in 1114ms
 ✓ Compiled in 635ms (875 modules)
 GET /journey 200 in 728ms
 ✓ Compiled in 589ms (875 modules)
 GET /journey 200 in 969ms
 ✓ Compiled in 571ms (875 modules)
 ✓ Compiled in 585ms (875 modules)
 GET /journey 200 in 1101ms
 ✓ Compiled in 602ms (875 modules)
 GET /journey 200 in 694ms
 ✓ Compiled in 624ms (875 modules)
 GET /journey 200 in 1010ms
 ✓ Compiled in 569ms (875 modules)
 ✓ Compiled in 593ms (875 modules)
 GET /journey 200 in 1102ms
 ✓ Compiled in 580ms (875 modules)
 GET /journey 200 in 666ms
 ✓ Compiled in 629ms (875 modules)
 GET /journey 200 in 1512ms
 ✓ Compiled in 1191ms (875 modules)
 ✓ Compiled in 723ms (875 modules)
 GET /journey 200 in 1797ms
 ✓ Compiled in 647ms (875 modules)
 GET /journey 200 in 758ms
 ✓ Compiled in 780ms (875 modules)
 GET /journey 200 in 1307ms
 ✓ Compiled in 767ms (875 modules)
 GET /journey 200 in 1102ms
 ✓ Compiled in 580ms (875 modules)
 GET /journey 200 in 730ms
 ✓ Compiled in 597ms (875 modules)
 ✓ Compiled in 638ms (875 modules)
 GET /journey 200 in 742ms
 ✓ Compiled in 639ms (875 modules)
 GET /journey 200 in 732ms
 ✓ Compiled in 605ms (875 modules)
 GET /journey 200 in 1002ms
 ✓ Compiled in 665ms (875 modules)
 GET /journey 200 in 1088ms
 ✓ Compiled in 579ms (875 modules)
 GET /journey 200 in 725ms
 ✓ Compiled in 601ms (875 modules)
 ✓ Compiled in 590ms (875 modules)
 GET /journey 200 in 697ms
 ✓ Compiled in 597ms (875 modules)
 GET /journey 200 in 685ms
 ✓ Compiled in 633ms (875 modules)
 GET /journey 200 in 1019ms
 ✓ Compiled in 601ms (875 modules)
 GET /journey 200 in 1013ms
 ✓ Compiled in 581ms (875 modules)
 GET /journey 200 in 760ms
 ✓ Compiled in 624ms (875 modules)
 ✓ Compiled in 581ms (875 modules)
 GET /journey 200 in 687ms
 ✓ Compiled in 593ms (875 modules)
 GET /journey 200 in 683ms
 ✓ Compiled in 629ms (875 modules)
 GET /journey 200 in 1013ms
 ✓ Compiled in 569ms (875 modules)
 GET /journey 200 in 1016ms
 ✓ Compiled in 597ms (875 modules)
 ✓ Compiled in 608ms (875 modules)
 GET /journey 200 in 743ms
 ✓ Compiled in 611ms (875 modules)
 GET /journey 200 in 713ms
 ✓ Compiled in 605ms (875 modules)
 GET /journey 200 in 704ms
 ✓ Compiled in 567ms (875 modules)
 ✓ Compiled in 581ms (875 modules)
 GET /journey 200 in 1111ms
 ✓ Compiled in 601ms (875 modules)
 GET /journey 200 in 701ms
 ✓ Compiled in 592ms (875 modules)
 GET /journey 200 in 979ms
 ✓ Compiled in 592ms (875 modules)
 GET /journey 200 in 1066ms
 ✓ Compiled in 697ms (875 modules)
 GET /journey 200 in 821ms
 ✓ Compiled in 657ms (875 modules)
 ✓ Compiled in 615ms (875 modules)
 GET /journey 200 in 715ms
 ✓ Compiled in 596ms (875 modules)
 GET /journey 200 in 683ms
 ✓ Compiled in 603ms (875 modules)
 GET /journey 200 in 997ms
 ✓ Compiled in 625ms (875 modules)
 GET /journey 200 in 1011ms
 ✓ Compiled in 585ms (875 modules)
 GET /journey 200 in 747ms
 ✓ Compiled in 625ms (875 modules)
 ✓ Compiled in 589ms (875 modules)
 GET /journey 200 in 696ms
 ✓ Compiled in 637ms (875 modules)
 GET /journey 200 in 729ms
 ✓ Compiled in 596ms (875 modules)
 GET /journey 200 in 973ms
 ✓ Compiled in 601ms (875 modules)
 GET /journey 200 in 993ms
 ✓ Compiled in 596ms (875 modules)
 GET /journey 200 in 755ms
 ✓ Compiled in 617ms (875 modules)
 ✓ Compiled in 607ms (875 modules)
 GET /journey 200 in 701ms
 ✓ Compiled in 673ms (875 modules)
 GET /journey 200 in 815ms
 ✓ Compiled in 644ms (875 modules)
 GET /journey 200 in 1042ms
 ✓ Compiled in 604ms (875 modules)
 GET /journey 200 in 1030ms
 ✓ Compiled in 599ms (875 modules)
 ✓ Compiled in 592ms (875 modules)
 GET /journey 200 in 724ms
 ✓ Compiled in 610ms (875 modules)
 GET /journey 200 in 704ms
 ✓ Compiled in 1102ms (875 modules)
 GET /journey 200 in 1244ms
 ✓ Compiled in 733ms (875 modules)
 GET /journey 200 in 1099ms
 ✓ Compiled in 615ms (875 modules)
 GET /journey 200 in 836ms
 ✓ Compiled in 685ms (875 modules)
 ✓ Compiled in 609ms (875 modules)
 GET /journey 200 in 768ms
 ✓ Compiled in 598ms (875 modules)
 GET /journey 200 in 703ms
 ✓ Compiled in 620ms (875 modules)
 GET /journey 200 in 1038ms
 ✓ Compiled in 623ms (875 modules)
 ✓ Compiled in 594ms (875 modules)
 GET /journey 200 in 1126ms
 ✓ Compiled in 621ms (875 modules)
 GET /journey 200 in 740ms
 ✓ Compiled in 611ms (874 modules)
 GET /journey 200 in 1026ms
 ✓ Compiled in 560ms (874 modules)
 GET /journey 200 in 751ms
 ✓ Compiled in 612ms (874 modules)
 ✓ Compiled in 635ms (874 modules)
 GET /journey 200 in 764ms
 ✓ Compiled in 592ms (874 modules)
 GET /journey 200 in 994ms
 ✓ Compiled in 554ms (874 modules)
 GET /journey 200 in 738ms
 ✓ Compiled in 593ms (874 modules)
 ✓ Compiled in 594ms (874 modules)
 GET /journey 200 in 709ms
 ✓ Compiled in 659ms (874 modules)
 GET /journey 200 in 1069ms
 ✓ Compiled in 599ms (874 modules)
 GET /journey 200 in 1042ms
 ✓ Compiled in 565ms (874 modules)
 ✓ Compiled in 583ms (874 modules)
 GET /journey 200 in 728ms
 ✓ Compiled in 580ms (874 modules)
 GET /journey 200 in 698ms
 ✓ Compiled in 635ms (874 modules)
 GET /journey 200 in 1146ms
 ✓ Compiled in 644ms (874 modules)
 ✓ Compiled in 613ms (874 modules)
 GET /journey 200 in 799ms
 ✓ Compiled in 635ms (874 modules)
 GET /journey 200 in 781ms
 ✓ Compiled in 724ms (874 modules)
 GET /journey 200 in 1151ms
 ✓ Compiled in 587ms (874 modules)
 GET /journey 200 in 783ms
 ✓ Compiled in 629ms (874 modules)
 ✓ Compiled in 583ms (874 modules)
 GET /journey 200 in 693ms
 ✓ Compiled in 594ms (874 modules)
 GET /journey 200 in 998ms
 ✓ Compiled in 552ms (874 modules)
 GET /journey 200 in 1008ms
 ✓ Compiled in 573ms (874 modules)
 ✓ Compiled in 602ms (874 modules)
 GET /journey 200 in 749ms
 ✓ Compiled in 684ms (874 modules)
 GET /journey 200 in 1087ms
 ✓ Compiled in 590ms (874 modules)
 GET /journey 200 in 1042ms
 ✓ Compiled in 581ms (874 modules)
 ✓ Compiled in 579ms (874 modules)
 GET /journey 200 in 736ms
 ✓ Compiled in 592ms (874 modules)
 GET /journey 200 in 719ms
 ✓ Compiled in 645ms (874 modules)
 GET /journey 200 in 1049ms
 ✓ Compiled in 561ms (874 modules)
 GET /journey 200 in 738ms
 ✓ Compiled in 588ms (874 modules)
 ✓ Compiled in 739ms (874 modules)
 GET /journey 200 in 865ms
 ✓ Compiled in 637ms (874 modules)
 GET /journey 200 in 1057ms
 ✓ Compiled in 576ms (874 modules)
 GET /journey 200 in 782ms
 ✓ Compiled in 639ms (874 modules)
 ✓ Compiled in 584ms (874 modules)
 GET /journey 200 in 696ms
 ✓ Compiled in 579ms (874 modules)
 GET /journey 200 in 977ms
 ✓ Compiled in 558ms (874 modules)
 GET /journey 200 in 1041ms
 ✓ Compiled in 595ms (874 modules)
 ✓ Compiled in 636ms (874 modules)
 GET /journey 200 in 813ms
 ✓ Compiled in 667ms (874 modules)
 GET /journey 200 in 1366ms
 ✓ Compiled in 1005ms (874 modules)
 GET /journey 200 in 1499ms
 ✓ Compiled in 654ms (874 modules)
 ✓ Compiled in 631ms (874 modules)
 GET /journey 200 in 825ms
 ✓ Compiled in 659ms (874 modules)
 GET /journey 200 in 789ms
 ✓ Compiled in 604ms (874 modules)
 GET /journey 200 in 1001ms
 ✓ Compiled in 557ms (874 modules)
 ✓ Compiled in 597ms (874 modules)
 GET /journey 200 in 746ms
 ✓ Compiled in 578ms (874 modules)
 GET /journey 200 in 704ms
 ✓ Compiled in 617ms (874 modules)
 GET /journey 200 in 1035ms
 ✓ Compiled in 571ms (874 modules)
 GET /journey 200 in 727ms
 ✓ Compiled in 592ms (874 modules)
 ✓ Compiled in 595ms (874 modules)
 GET /journey 200 in 719ms
 ✓ Compiled in 591ms (874 modules)
 GET /journey 200 in 995ms
 ✓ Compiled in 567ms (874 modules)
 GET /journey 200 in 1041ms
 ✓ Compiled in 594ms (874 modules)
 ✓ Compiled in 609ms (874 modules)
 GET /journey 200 in 762ms
 ✓ Compiled in 598ms (874 modules)
 GET /journey 200 in 1012ms
 ✓ Compiled in 577ms (874 modules)
 ✓ Compiled in 590ms (874 modules)
 GET /journey 200 in 1138ms
 ✓ Compiled in 589ms (874 modules)
 GET /journey 200 in 1019ms
 ✓ Compiled in 580ms (874 modules)
 ✓ Compiled in 618ms (874 modules)
 GET /journey 200 in 1171ms
 ✓ Compiled in 600ms (874 modules)
 GET /journey 200 in 1067ms
 ✓ Compiled in 660ms (874 modules)
 GET /journey 200 in 1141ms
 ✓ Compiled in 601ms (874 modules)
 ✓ Compiled in 609ms (874 modules)
 GET /journey 200 in 770ms
 ✓ Compiled in 628ms (874 modules)
 GET /journey 200 in 746ms
 ✓ Compiled in 591ms (874 modules)
 GET /journey 200 in 1004ms
 ✓ Compiled in 577ms (874 modules)
 GET /journey 200 in 727ms
 ✓ Compiled in 575ms (874 modules)
 ✓ Compiled in 592ms (874 modules)
 GET /journey 200 in 713ms
 ✓ Compiled in 633ms (874 modules)
 GET /journey 200 in 1076ms
 ✓ Compiled in 648ms (874 modules)
 GET /journey 200 in 1098ms
 ✓ Compiled in 589ms (874 modules)
 ✓ Compiled in 585ms (874 modules)
 GET /journey 200 in 744ms
 ✓ Compiled in 612ms (874 modules)
 GET /journey 200 in 721ms
 ✓ Compiled in 591ms (874 modules)
 GET /journey 200 in 1120ms
 ✓ Compiled in 650ms (874 modules)
 ✓ Compiled in 583ms (874 modules)
 GET /journey 200 in 742ms
 ✓ Compiled in 699ms (874 modules)
 GET /journey 200 in 830ms
 ✓ Compiled in 615ms (874 modules)
 GET /journey 200 in 1014ms
 ✓ Compiled in 571ms (874 modules)
 GET /journey 200 in 824ms
 ✓ Compiled in 680ms (874 modules)
 ✓ Compiled in 586ms (874 modules)
 GET /journey 200 in 700ms
 ✓ Compiled in 602ms (874 modules)
 GET /journey 200 in 1011ms
 ✓ Compiled in 593ms (874 modules)
 GET /journey 200 in 1028ms
 ✓ Compiled in 564ms (874 modules)
 ✓ Compiled in 630ms (874 modules)
 GET /journey 200 in 795ms
 ✓ Compiled in 673ms (874 modules)
 GET /journey 200 in 1094ms
 ✓ Compiled in 612ms (874 modules)
 GET /journey 200 in 1058ms
 ✓ Compiled in 578ms (874 modules)
 ✓ Compiled in 583ms (874 modules)
 GET /journey 200 in 747ms
 ✓ Compiled in 580ms (874 modules)
 GET /journey 200 in 708ms
 ✓ Compiled in 1044ms (874 modules)
 GET /journey 200 in 1486ms
 ✓ Compiled in 639ms (874 modules)
 GET /journey 200 in 845ms
 ✓ Compiled in 655ms (874 modules)
 ✓ Compiled in 675ms (874 modules)
 GET /journey 200 in 804ms
 ✓ Compiled in 606ms (874 modules)
 GET /journey 200 in 1031ms
 ✓ Compiled in 588ms (874 modules)
 GET /journey 200 in 782ms
 ✓ Compiled in 622ms (874 modules)
 ✓ Compiled in 588ms (874 modules)
 GET /journey 200 in 749ms
 ✓ Compiled in 607ms (874 modules)
 GET /journey 200 in 1020ms
 ✓ Compiled in 616ms (874 modules)
 GET /journey 200 in 1053ms
 ✓ Compiled in 573ms (874 modules)
 ✓ Compiled in 614ms (874 modules)
 GET /journey 200 in 777ms
 ✓ Compiled in 595ms (874 modules)
 GET /journey 200 in 721ms
 ✓ Compiled in 614ms (874 modules)
 GET /journey 200 in 1031ms
 ✓ Compiled in 556ms (874 modules)
 ✓ Compiled in 600ms (874 modules)
 GET /journey 200 in 748ms
 ✓ Compiled in 604ms (874 modules)
 GET /journey 200 in 726ms
 ✓ Compiled in 593ms (874 modules)
 GET /journey 200 in 1055ms
 ✓ Compiled in 650ms (874 modules)
 GET /journey 200 in 781ms
 ✓ Compiled in 602ms (874 modules)
 ✓ Compiled in 591ms (874 modules)
 GET /journey 200 in 751ms
 ✓ Compiled in 595ms (874 modules)
 GET /journey 200 in 1008ms
 ✓ Compiled in 599ms (874 modules)
 GET /journey 200 in 1043ms
 ✓ Compiled in 567ms (874 modules)
 ✓ Compiled in 603ms (874 modules)
 GET /journey 200 in 755ms
 ✓ Compiled in 594ms (874 modules)
 GET /journey 200 in 716ms
 ✓ Compiled in 612ms (874 modules)
 GET /journey 200 in 1026ms
 ✓ Compiled in 575ms (874 modules)
 GET /journey 200 in 757ms
 ✓ Compiled in 606ms (874 modules)
 ✓ Compiled in 589ms (874 modules)
 GET /journey 200 in 706ms
 ✓ Compiled in 595ms (874 modules)
 GET /journey 200 in 1004ms
 ✓ Compiled in 563ms (874 modules)
 GET /journey 200 in 749ms
 ✓ Compiled in 606ms (874 modules)
 ✓ Compiled in 585ms (874 modules)
 GET /journey 200 in 708ms
 ✓ Compiled in 587ms (874 modules)
 GET /journey 200 in 1002ms
 ✓ Compiled in 660ms (874 modules)
 GET /journey 200 in 1179ms
 ✓ Compiled in 636ms (874 modules)
 ✓ Compiled in 586ms (874 modules)
 GET /journey 200 in 744ms
 ✓ Compiled in 605ms (874 modules)
 GET /journey 200 in 1038ms
 ✓ Compiled in 622ms (874 modules)
 GET /journey 200 in 1061ms
 ✓ Compiled in 576ms (874 modules)
 ✓ Compiled in 584ms (874 modules)
 GET /journey 200 in 747ms
 ✓ Compiled in 593ms (874 modules)
 GET /journey 200 in 712ms
 ✓ Compiled in 724ms (874 modules)
 GET /journey 200 in 1151ms
 ✓ Compiled in 580ms (874 modules)
 ✓ Compiled in 584ms (874 modules)
 GET /journey 200 in 735ms
 ✓ Compiled in 596ms (874 modules)
 GET /journey 200 in 731ms
 ✓ Compiled in 601ms (874 modules)
 GET /journey 200 in 1009ms
 ✓ Compiled in 566ms (874 modules)
 GET /journey 200 in 741ms
 ✓ Compiled in 606ms (874 modules)
 ✓ Compiled in 628ms (874 modules)
 GET /journey 200 in 757ms
 ✓ Compiled in 588ms (874 modules)
 GET /journey 200 in 997ms
 ✓ Compiled in 612ms (874 modules)
 GET /journey 200 in 1714ms
 ✓ Compiled in 1228ms (874 modules)
 ✓ Compiled in 738ms (874 modules)
 GET /journey 200 in 1010ms
 ✓ Compiled in 737ms (874 modules)
 GET /journey 200 in 851ms
 ✓ Compiled in 643ms (874 modules)
 GET /journey 200 in 1103ms
 ✓ Compiled in 584ms (874 modules)
 ✓ Compiled in 604ms (874 modules)
 GET /journey 200 in 765ms
 ✓ Compiled in 618ms (874 modules)
 GET /journey 200 in 745ms
 ✓ Compiled in 612ms (874 modules)
 GET /journey 200 in 1029ms
 ✓ Compiled in 575ms (874 modules)
 GET /journey 200 in 731ms
 ✓ Compiled in 585ms (874 modules)
 ✓ Compiled in 597ms (874 modules)
 GET /journey 200 in 709ms
 ✓ Compiled in 608ms (874 modules)
 GET /journey 200 in 1065ms
 ✓ Compiled in 602ms (874 modules)
 GET /journey 200 in 1166ms
 ✓ Compiled in 699ms (874 modules)
 ✓ Compiled in 624ms (874 modules)
 GET /journey 200 in 813ms
 ✓ Compiled in 597ms (874 modules)
 GET /journey 200 in 1009ms
 ✓ Compiled in 611ms (874 modules)
 GET /journey 200 in 1064ms
 ✓ Compiled in 579ms (874 modules)
 ✓ Compiled in 604ms (874 modules)
 GET /journey 200 in 773ms
 ✓ Compiled in 593ms (874 modules)
 GET /journey 200 in 1001ms
 ✓ Compiled in 591ms (874 modules)
 GET /journey 200 in 1043ms
 ✓ Compiled in 579ms (874 modules)
 ✓ Compiled in 625ms (874 modules)
 GET /journey 200 in 783ms
 ✓ Compiled in 622ms (874 modules)
 GET /journey 200 in 774ms
 ✓ Compiled in 648ms (874 modules)
 GET /journey 200 in 1053ms
 ✓ Compiled in 598ms (874 modules)
 GET /journey 200 in 777ms
 ✓ Compiled in 592ms (874 modules)
 ✓ Compiled in 581ms (874 modules)
 GET /journey 200 in 703ms
 ✓ Compiled in 609ms (874 modules)
 GET /journey 200 in 1028ms
 ✓ Compiled in 577ms (874 modules)
 GET /journey 200 in 732ms
 ✓ Compiled in 584ms (874 modules)
 ✓ Compiled in 732ms (874 modules)
 GET /journey 200 in 841ms
 ✓ Compiled in 578ms (874 modules)
 GET /journey 200 in 1019ms
 ✓ Compiled in 637ms (874 modules)
 GET /journey 200 in 1078ms
 ✓ Compiled in 577ms (874 modules)
 ✓ Compiled in 591ms (874 modules)
 GET /journey 200 in 736ms
 ✓ Compiled in 614ms (874 modules)
 GET /journey 200 in 736ms
 ✓ Compiled in 594ms (874 modules)
 GET /journey 200 in 1098ms
 ✓ Compiled in 672ms (874 modules)
 ✓ Compiled in 613ms (874 modules)
 GET /journey 200 in 777ms
 ✓ Compiled in 613ms (874 modules)
 GET /journey 200 in 734ms
 ✓ Compiled in 596ms (874 modules)
 GET /journey 200 in 1017ms
 ✓ Compiled in 583ms (874 modules)
 GET /journey 200 in 756ms
 ✓ Compiled in 598ms (874 modules)
 ✓ Compiled in 608ms (874 modules)
 GET /journey 200 in 719ms
 ✓ Compiled in 612ms (874 modules)
 GET /journey 200 in 1028ms
 ✓ Compiled in 615ms (874 modules)
 GET /journey 200 in 1143ms
 ✓ Compiled in 664ms (874 modules)
 ✓ Compiled in 596ms (874 modules)
 GET /journey 200 in 771ms
 ✓ Compiled in 615ms (874 modules)
 GET /journey 200 in 746ms
 ✓ Compiled in 618ms (874 modules)
 ✓ Compiled in 678ms (874 modules)
 GET /journey 200 in 1282ms
 ✓ Compiled in 586ms (874 modules)
 GET /journey 200 in 1349ms
 ✓ Compiled in 1060ms (874 modules)
 GET /journey 200 in 1586ms
 ✓ Compiled in 656ms (874 modules)
 ✓ Compiled in 645ms (874 modules)
 GET /journey 200 in 858ms
 ✓ Compiled in 619ms (874 modules)
 GET /journey 200 in 755ms
 ✓ Compiled in 601ms (874 modules)
 GET /journey 200 in 1027ms
 ✓ Compiled in 569ms (874 modules)
 ✓ Compiled in 600ms (874 modules)
 GET /journey 200 in 750ms
 ✓ Compiled in 594ms (874 modules)
 GET /journey 200 in 718ms
 ✓ Compiled in 693ms (874 modules)
 GET /journey 200 in 1143ms
 ✓ Compiled in 603ms (874 modules)
 GET /journey 200 in 741ms
 ✓ Compiled in 598ms (874 modules)
 ✓ Compiled in 603ms (874 modules)
 GET /journey 200 in 729ms
 ✓ Compiled in 615ms (874 modules)
 GET /journey 200 in 1043ms
 ✓ Compiled in 600ms (874 modules)
 GET /journey 200 in 755ms
 ✓ Compiled in 590ms (874 modules)
 ✓ Compiled in 589ms (874 modules)
 GET /journey 200 in 971ms
 ✓ Compiled in 892ms (874 modules)
 GET /journey 200 in 1037ms
 ✓ Compiled in 607ms (874 modules)
 GET /journey 200 in 1083ms
 ✓ Compiled in 607ms (874 modules)
 ✓ Compiled in 665ms (874 modules)
 GET /journey 200 in 838ms
 ✓ Compiled in 579ms (874 modules)
 GET /journey 200 in 706ms
 ✓ Compiled in 600ms (874 modules)
 GET /journey 200 in 1015ms
 ✓ Compiled in 575ms (874 modules)
 ✓ Compiled in 618ms (874 modules)
 GET /journey 200 in 771ms
 ✓ Compiled in 675ms (874 modules)
 GET /journey 200 in 792ms
 ✓ Compiled in 634ms (874 modules)
 GET /journey 200 in 1329ms
 ✓ Compiled in 868ms (874 modules)
 GET /journey 200 in 796ms
 ✓ Compiled in 617ms (874 modules)
 ✓ Compiled in 679ms (874 modules)
 GET /journey 200 in 829ms
 ✓ Compiled in 679ms (874 modules)
 GET /journey 200 in 1242ms
 ✓ Compiled in 744ms (874 modules)
 GET /journey 200 in 1156ms
 ✓ Compiled in 983ms (874 modules)
 ✓ Compiled in 717ms (874 modules)
 GET /journey 200 in 852ms
 ✓ Compiled in 738ms (874 modules)
 GET /journey 200 in 1270ms
 ✓ Compiled in 739ms (874 modules)
 GET /journey 200 in 1242ms
 ✓ Compiled in 666ms (874 modules)
 ✓ Compiled in 848ms (874 modules)
 GET /journey 200 in 1087ms
 ✓ Compiled in 910ms (874 modules)
 GET /journey 200 in 1610ms
 ✓ Compiled in 862ms (874 modules)
 GET /journey 200 in 1318ms
 ✓ Compiled in 621ms (874 modules)
 ✓ Compiled in 603ms (874 modules)
 GET /journey 200 in 760ms
 ✓ Compiled in 612ms (874 modules)
 GET /journey 200 in 763ms
 ✓ Compiled in 741ms (874 modules)
 GET /journey 200 in 1176ms
 ✓ Compiled in 608ms (874 modules)
 GET /journey 200 in 743ms
 ✓ Compiled in 597ms (874 modules)
 ✓ Compiled in 607ms (874 modules)
 GET /journey 200 in 721ms
 ✓ Compiled in 605ms (874 modules)
 GET /journey 200 in 1035ms
 ✓ Compiled in 582ms (874 modules)
 GET /journey 200 in 1065ms
 ✓ Compiled in 606ms (874 modules)
 ✓ Compiled in 728ms (874 modules)
 GET /journey 200 in 877ms
 ✓ Compiled in 606ms (874 modules)
 GET /journey 200 in 1031ms
 ✓ Compiled in 570ms (874 modules)
 ✓ Compiled in 576ms (874 modules)
 GET /journey 200 in 1115ms
 ✓ Compiled in 955ms (874 modules)
 GET /journey 200 in 1733ms
 ✓ Compiled in 819ms (874 modules)
 ✓ Compiled in 816ms (874 modules)
 GET /journey 200 in 1566ms
 ✓ Compiled in 705ms (874 modules)
 GET /journey 200 in 868ms
 ✓ Compiled in 659ms (874 modules)
 GET /journey 200 in 1086ms
 ✓ Compiled in 598ms (874 modules)
 ✓ Compiled in 648ms (874 modules)
 GET /journey 200 in 797ms
 ✓ Compiled in 605ms (874 modules)
 GET /journey 200 in 727ms
 ✓ Compiled in 607ms (874 modules)
 GET /journey 200 in 1065ms
 ✓ Compiled in 632ms (874 modules)
 GET /journey 200 in 788ms
 ✓ Compiled in 630ms (874 modules)
 ✓ Compiled in 620ms (874 modules)
 GET /journey 200 in 746ms
 ✓ Compiled in 636ms (874 modules)
 GET /journey 200 in 1051ms
 ✓ Compiled in 612ms (874 modules)
 GET /journey 200 in 1050ms
 ✓ Compiled in 575ms (874 modules)
 ✓ Compiled in 634ms (874 modules)
 GET /journey 200 in 788ms
 ✓ Compiled in 760ms (874 modules)
 GET /journey 200 in 913ms
 ✓ Compiled in 712ms (874 modules)
 GET /journey 200 in 1180ms
 ✓ Compiled in 622ms (874 modules)
 ✓ Compiled in 605ms (874 modules)
 GET /journey 200 in 776ms
 ✓ Compiled in 632ms (874 modules)
 GET /journey 200 in 791ms
 ✓ Compiled in 632ms (874 modules)
 GET /journey 200 in 1103ms
 ✓ Compiled in 681ms (874 modules)
 GET /journey 200 in 809ms
 ✓ Compiled in 616ms (874 modules)
 ✓ Compiled in 612ms (874 modules)
 GET /journey 200 in 738ms
 ✓ Compiled in 629ms (874 modules)
 GET /journey 200 in 1083ms
 ✓ Compiled in 651ms (874 modules)
 GET /journey 200 in 807ms
 ✓ Compiled in 606ms (874 modules)
 ✓ Compiled in 602ms (874 modules)
 GET /journey 200 in 758ms
 ✓ Compiled in 776ms (874 modules)
 GET /journey 200 in 1207ms
 ✓ Compiled in 628ms (874 modules)
 GET /journey 200 in 1119ms
 ✓ Compiled in 615ms (874 modules)
 ✓ Compiled in 589ms (874 modules)
 GET /journey 200 in 747ms
 ✓ Compiled in 603ms (874 modules)
 GET /journey 200 in 726ms
 ○ Compiling /_error ...
 ✓ Compiled /_error in 1591ms (1950 modules)
 GET /journey 500 in 2052ms
 ✓ Compiled in 671ms (875 modules)
 GET /journey 200 in 885ms
 ✓ Compiled in 736ms (875 modules)
 ✓ Compiled in 741ms (875 modules)
 GET /journey 200 in 851ms
 ✓ Compiled in 621ms (875 modules)
 GET /journey 200 in 721ms
 ✓ Compiled in 648ms (875 modules)
 GET /journey 200 in 1141ms
 ✓ Compiled in 727ms (875 modules)
 GET /journey 200 in 1156ms
 ✓ Compiled in 591ms (875 modules)
 GET /journey 200 in 755ms
 ✓ Compiled in 632ms (875 modules)
 ✓ Compiled in 643ms (875 modules)
 GET /journey 200 in 745ms
 ✓ Compiled in 709ms (875 modules)
 GET /journey 200 in 826ms
 ✓ Compiled in 682ms (875 modules)
 GET /journey 200 in 1092ms
 ✓ Compiled in 599ms (875 modules)
 GET /journey 200 in 1054ms
 ✓ Compiled in 622ms (875 modules)
 ✓ Compiled in 607ms (875 modules)
 GET /journey 200 in 748ms
 ✓ Compiled in 622ms (875 modules)
 GET /journey 200 in 718ms
 ✓ Compiled in 669ms (875 modules)
 GET /journey 200 in 764ms
 ✓ Compiled in 604ms (875 modules)
 ✓ Compiled in 652ms (875 modules)
 GET /journey 200 in 1213ms
 ✓ Compiled in 910ms (875 modules)
 GET /journey 200 in 1229ms
 ✓ Compiled in 871ms (875 modules)
 GET /journey 200 in 1277ms
 ✓ Compiled in 680ms (875 modules)
 ✓ Compiled in 645ms (875 modules)
 GET /journey 200 in 1270ms
 ✓ Compiled in 658ms (875 modules)
 GET /journey 200 in 761ms
 ✓ Compiled in 648ms (875 modules)
 GET /journey 200 in 1088ms
 ✓ Compiled in 656ms (875 modules)
 ✓ Compiled in 650ms (875 modules)
 GET /journey 200 in 1242ms
 ✓ Compiled in 784ms (875 modules)
 GET /journey 200 in 891ms
 ✓ Compiled in 701ms (875 modules)
 GET /journey 200 in 1100ms
 ✓ Compiled in 599ms (875 modules)
 ✓ Compiled in 648ms (875 modules)
 GET /journey 200 in 1200ms
 ✓ Compiled in 697ms (875 modules)
 GET /journey 200 in 826ms
 ✓ Compiled in 690ms (875 modules)
 GET /journey 200 in 1070ms
 ✓ Compiled in 628ms (875 modules)
 GET /journey 200 in 1024ms
 ✓ Compiled in 600ms (875 modules)
 GET /journey 200 in 765ms
 ✓ Compiled in 642ms (875 modules)
 ✓ Compiled in 630ms (875 modules)
 GET /journey 200 in 736ms
 ✓ Compiled in 628ms (875 modules)
 GET /journey 200 in 739ms
 ✓ Compiled in 664ms (875 modules)
 GET /journey 200 in 1082ms
 ✓ Compiled in 648ms (875 modules)
 GET /journey 200 in 1031ms
 ✓ Compiled in 596ms (875 modules)
 GET /journey 200 in 766ms
 ✓ Compiled in 645ms (875 modules)
 ✓ Compiled in 704ms (875 modules)
 GET /journey 200 in 800ms
 ✓ Compiled in 624ms (875 modules)
 GET /journey 200 in 721ms
 ✓ Compiled in 634ms (875 modules)
 GET /journey 200 in 1039ms
 ✓ Compiled in 593ms (875 modules)
 GET /journey 200 in 1110ms
 ✓ Compiled in 676ms (875 modules)
 ✓ Compiled in 657ms (875 modules)
 GET /journey 200 in 793ms
 ✓ Compiled in 663ms (875 modules)
 GET /journey 200 in 762ms
 ✓ Compiled in 641ms (875 modules)
 GET /journey 200 in 739ms
 ✓ Compiled in 580ms (875 modules)
 ✓ Compiled in 624ms (875 modules)
 GET /journey 200 in 1161ms
 ✓ Compiled in 632ms (875 modules)
 GET /journey 200 in 740ms
 ✓ Compiled in 622ms (875 modules)
 GET /journey 200 in 1043ms
 ✓ Compiled in 628ms (875 modules)
 ✓ Compiled in 676ms (875 modules)
 GET /journey 200 in 1241ms
 ✓ Compiled in 635ms (875 modules)
 GET /journey 200 in 747ms
 ✓ Compiled in 688ms (875 modules)
 GET /journey 200 in 1080ms
 ✓ Compiled in 606ms (875 modules)
 ✓ Compiled in 606ms (875 modules)
 GET /journey 200 in 1157ms
 ✓ Compiled in 633ms (875 modules)
 GET /journey 200 in 741ms
 ✓ Compiled in 610ms (875 modules)
 GET /journey 200 in 1009ms
 ✓ Compiled in 620ms (875 modules)
 GET /journey 200 in 1049ms
 ✓ Compiled in 626ms (875 modules)
 GET /journey 200 in 738ms
 ✓ Compiled in 611ms (875 modules)
 ✓ Compiled in 624ms (875 modules)
 GET /journey 200 in 729ms
 ✓ Compiled in 631ms (875 modules)
 GET /journey 200 in 721ms
 ✓ Compiled in 618ms (875 modules)
 GET /journey 200 in 1031ms
 ✓ Compiled in 595ms (875 modules)
 GET /journey 200 in 1066ms
 ✓ Compiled in 631ms (875 modules)
 ✓ Compiled in 632ms (875 modules)
 GET /journey 200 in 770ms
 ✓ Compiled in 615ms (875 modules)
 GET /journey 200 in 713ms
 ✓ Compiled in 632ms (875 modules)
 GET /journey 200 in 769ms
 ✓ Compiled in 1430ms (875 modules)
 GET /journey 200 in 1870ms
 ✓ Compiled in 708ms (875 modules)
 GET /journey 200 in 1193ms
 ✓ Compiled in 655ms (875 modules)
 ✓ Compiled in 672ms (875 modules)
 GET /journey 200 in 829ms
 ✓ Compiled in 748ms (875 modules)
 GET /journey 200 in 871ms
 ✓ Compiled in 649ms (875 modules)
 GET /journey 200 in 730ms
 ✓ Compiled in 639ms (875 modules)
 GET /journey 200 in 1044ms
 ✓ Compiled in 603ms (875 modules)
 GET /journey 200 in 746ms
 ✓ Compiled in 612ms (875 modules)
 ✓ Compiled in 648ms (875 modules)
 GET /journey 200 in 794ms
 ✓ Compiled in 659ms (875 modules)
 GET /journey 200 in 766ms
 ✓ Compiled in 634ms (875 modules)
 GET /journey 200 in 1032ms
 ✓ Compiled in 630ms (875 modules)
 GET /journey 200 in 1023ms
 ✓ Compiled in 611ms (875 modules)
 GET /journey 200 in 782ms
 ✓ Compiled in 645ms (875 modules)
 ✓ Compiled in 685ms (875 modules)
 GET /journey 200 in 818ms
 ✓ Compiled in 627ms (875 modules)
 GET /journey 200 in 721ms
 ✓ Compiled in 630ms (875 modules)
 GET /journey 200 in 1027ms
 ✓ Compiled in 631ms (875 modules)
 GET /journey 200 in 1021ms
 ✓ Compiled in 586ms (875 modules)
 GET /journey 200 in 774ms
 ✓ Compiled in 647ms (875 modules)
 ✓ Compiled in 638ms (875 modules)
 GET /journey 200 in 749ms
 ✓ Compiled in 628ms (875 modules)
 GET /journey 200 in 719ms
 ✓ Compiled in 619ms (875 modules)
 GET /journey 200 in 1020ms
 ✓ Compiled in 638ms (875 modules)
 GET /journey 200 in 1110ms
 ✓ Compiled in 641ms (875 modules)
 GET /journey 200 in 784ms
 ✓ Compiled in 624ms (875 modules)
 ✓ Compiled in 615ms (875 modules)
 GET /journey 200 in 718ms
 ✓ Compiled in 697ms (875 modules)
 GET /journey 200 in 793ms
 ✓ Compiled in 621ms (875 modules)
 GET /journey 200 in 1031ms
 ✓ Compiled in 604ms (875 modules)
 GET /journey 200 in 1120ms
 ✓ Compiled in 670ms (875 modules)
 ✓ Compiled in 605ms (875 modules)
 GET /journey 200 in 738ms
 ✓ Compiled in 616ms (875 modules)
 GET /journey 200 in 709ms
 ✓ Compiled in 628ms (875 modules)
 GET /journey 200 in 727ms
 ✓ Compiled in 611ms (875 modules)
 ✓ Compiled in 638ms (875 modules)
 GET /journey 200 in 1200ms
 ✓ Compiled in 626ms (875 modules)
 GET /journey 200 in 727ms
 ✓ Compiled in 636ms (875 modules)
 GET /journey 200 in 731ms
 ✓ Compiled in 625ms (875 modules)
 GET /journey 200 in 1023ms
 ✓ Compiled in 589ms (875 modules)
 GET /journey 200 in 739ms
 ✓ Compiled in 614ms (875 modules)
 ✓ Compiled in 675ms (875 modules)
 GET /journey 200 in 783ms
 ✓ Compiled in 624ms (875 modules)
 GET /journey 200 in 714ms
 ✓ Compiled in 723ms (875 modules)
 GET /journey 200 in 1157ms
 ✓ Compiled in 707ms (875 modules)
 GET /journey 200 in 1274ms
 ✓ Compiled in 807ms (875 modules)
 GET /journey 200 in 865ms
 ✓ Compiled in 699ms (875 modules)
 ✓ Compiled in 621ms (875 modules)
 GET /journey 200 in 721ms
 ✓ Compiled in 629ms (875 modules)
 GET /journey 200 in 727ms
 ✓ Compiled in 655ms (875 modules)
 GET /journey 200 in 1126ms
 ✓ Compiled in 705ms (875 modules)
 GET /journey 200 in 1166ms
 ✓ Compiled in 633ms (875 modules)
 GET /journey 200 in 1428ms
 ✓ Compiled in 1288ms (875 modules)
 ✓ Compiled in 690ms (875 modules)
 GET /journey 200 in 797ms
 ✓ Compiled in 697ms (875 modules)
 GET /journey 200 in 802ms
 ✓ Compiled in 664ms (875 modules)
 GET /journey 200 in 1120ms
 ✓ Compiled in 654ms (875 modules)
 GET /journey 200 in 1144ms
 ✓ Compiled in 645ms (875 modules)
 ✓ Compiled in 620ms (875 modules)
 GET /journey 200 in 761ms
 ✓ Compiled in 636ms (875 modules)
 GET /journey 200 in 733ms
 ✓ Compiled in 687ms (875 modules)
 GET /journey 200 in 781ms
 ✓ Compiled in 651ms (875 modules)
 ✓ Compiled in 626ms (875 modules)
 GET /journey 200 in 1242ms
 ✓ Compiled in 621ms (875 modules)
 GET /journey 200 in 747ms
 ✓ Compiled in 673ms (875 modules)
 GET /journey 200 in 1057ms
 ✓ Compiled in 624ms (875 modules)
 GET /journey 200 in 1024ms
 ✓ Compiled in 588ms (875 modules)
 GET /journey 200 in 752ms
 ✓ Compiled in 633ms (875 modules)
 ✓ Compiled in 628ms (875 modules)
 GET /journey 200 in 725ms
 ✓ Compiled in 635ms (875 modules)
 GET /journey 200 in 728ms
 ✓ Compiled in 662ms (875 modules)
 GET /journey 200 in 1175ms
 ✓ Compiled in 741ms (875 modules)
 GET /journey 200 in 1260ms
 ✓ Compiled in 671ms (875 modules)
 GET /journey 200 in 762ms
 ✓ Compiled in 641ms (875 modules)
 ✓ Compiled in 615ms (875 modules)
 GET /journey 200 in 729ms
 ✓ Compiled in 626ms (875 modules)
 GET /journey 200 in 737ms
 ✓ Compiled in 658ms (875 modules)
 GET /journey 200 in 1047ms
 ✓ Compiled in 637ms (875 modules)
 GET /journey 200 in 1070ms
 ✓ Compiled in 623ms (875 modules)
 GET /journey 200 in 756ms
 ✓ Compiled in 636ms (875 modules)
 ✓ Compiled in 622ms (875 modules)
 GET /journey 200 in 716ms
 ✓ Compiled in 646ms (875 modules)
 GET /journey 200 in 753ms
 ✓ Compiled in 634ms (875 modules)
 GET /journey 200 in 1051ms
 ✓ Compiled in 617ms (875 modules)
 GET /journey 200 in 772ms
 ✓ Compiled in 648ms (875 modules)
 ✓ Compiled in 617ms (875 modules)
 GET /journey 200 in 758ms
 ✓ Compiled in 657ms (875 modules)
 GET /journey 200 in 750ms
 ✓ Compiled in 645ms (875 modules)
 GET /journey 200 in 744ms
 ✓ Compiled in 1583ms (1950 modules)
 GET /journey 500 in 1987ms
 ✓ Compiled in 619ms (875 modules)
 GET /journey 200 in 1013ms
 ✓ Compiled in 898ms (875 modules)
 ✓ Compiled in 747ms (875 modules)
 GET /journey 200 in 863ms
 ✓ Compiled in 632ms (875 modules)
 GET /journey 200 in 725ms
 ✓ Compiled in 731ms (875 modules)
 GET /journey 200 in 1150ms
 ✓ Compiled in 649ms (875 modules)
 GET /journey 200 in 1095ms
 ✓ Compiled in 609ms (875 modules)
 GET /journey 200 in 757ms
 ✓ Compiled in 638ms (875 modules)
 ✓ Compiled in 629ms (875 modules)
 GET /journey 200 in 731ms
 ✓ Compiled in 614ms (875 modules)
 GET /journey 200 in 706ms
 ✓ Compiled in 616ms (875 modules)
 GET /journey 200 in 1063ms
 ✓ Compiled in 632ms (875 modules)
 GET /journey 200 in 1147ms
 ✓ Compiled in 685ms (875 modules)
 ✓ Compiled in 611ms (875 modules)
 GET /journey 200 in 745ms
 ✓ Compiled in 627ms (875 modules)
 GET /journey 200 in 721ms
 ✓ Compiled in 871ms (875 modules)
 GET /journey 200 in 1290ms
 ✓ Compiled in 834ms (875 modules)
 ✓ Compiled in 697ms (875 modules)
 GET /journey 200 in 1428ms
 ✓ Compiled in 680ms (875 modules)
 GET /journey 200 in 778ms
 ✓ Compiled in 635ms (875 modules)
 GET /journey 200 in 1049ms
 ✓ Compiled in 631ms (875 modules)
 GET /journey 200 in 1157ms
 ✓ Compiled in 731ms (875 modules)
 GET /journey 200 in 761ms
 ✓ Compiled in 626ms (875 modules)
 ✓ Compiled in 636ms (875 modules)
 GET /journey 200 in 738ms
 ✓ Compiled in 621ms (875 modules)
 GET /journey 200 in 732ms
 ✓ Compiled in 659ms (875 modules)
 GET /journey 200 in 1197ms
 ✓ Compiled in 834ms (875 modules)
 GET /journey 200 in 1297ms
 ✓ Compiled in 635ms (875 modules)
 ✓ Compiled in 638ms (875 modules)
 GET /journey 200 in 789ms
 ✓ Compiled in 634ms (875 modules)
 GET /journey 200 in 724ms
 ✓ Compiled in 626ms (875 modules)
 GET /journey 200 in 713ms
 ✓ Compiled in 653ms (875 modules)
 ✓ Compiled in 627ms (875 modules)
 GET /journey 200 in 1233ms
 ✓ Compiled in 654ms (875 modules)
 GET /journey 200 in 754ms
 ✓ Compiled in 664ms (875 modules)
 GET /journey 200 in 764ms
 ✓ Compiled in 642ms (875 modules)
 GET /journey 200 in 1083ms
 ✓ Compiled in 633ms (875 modules)
 GET /journey 200 in 753ms
 ✓ Compiled in 629ms (875 modules)
 ✓ Compiled in 641ms (875 modules)
 GET /journey 200 in 775ms
 ✓ Compiled in 640ms (875 modules)
 GET /journey 200 in 743ms
 ✓ Compiled in 642ms (875 modules)
 GET /journey 200 in 1062ms
 ✓ Compiled in 679ms (875 modules)
 GET /journey 200 in 1138ms
 ✓ Compiled in 663ms (875 modules)
 GET /journey 200 in 764ms
 ✓ Compiled in 628ms (875 modules)
 ✓ Compiled in 624ms (875 modules)
 GET /journey 200 in 728ms
 ✓ Compiled in 622ms (875 modules)
 GET /journey 200 in 713ms
 ✓ Compiled in 824ms (875 modules)
 GET /journey 200 in 1243ms
 ✓ Compiled in 602ms (875 modules)
 GET /journey 200 in 1068ms
 ✓ Compiled in 624ms (875 modules)
 ✓ Compiled in 761ms (875 modules)
 GET /journey 200 in 893ms
 ✓ Compiled in 624ms (875 modules)
 GET /journey 200 in 729ms
 ✓ Compiled in 644ms (875 modules)
 GET /journey 200 in 755ms
 ✓ Compiled in 663ms (875 modules)
 ✓ Compiled in 625ms (875 modules)
 GET /journey 200 in 1230ms
 ✓ Compiled in 610ms (875 modules)
 GET /journey 200 in 711ms
 ✓ Compiled in 646ms (875 modules)
 GET /journey 200 in 736ms
 ✓ Compiled in 1601ms (1950 modules)
 GET /journey 500 in 2012ms
 ✓ Compiled in 622ms (875 modules)
 GET /journey 200 in 841ms
 ✓ Compiled in 728ms (875 modules)
 ✓ Compiled in 628ms (875 modules)
 GET /journey 200 in 733ms
 ✓ Compiled in 668ms (875 modules)
 GET /journey 200 in 776ms
 ✓ Compiled in 733ms (875 modules)
 GET /journey 200 in 1174ms
 ✓ Compiled in 638ms (875 modules)
 GET /journey 200 in 1104ms
 ✓ Compiled in 620ms (875 modules)
 ✓ Compiled in 630ms (875 modules)
 GET /journey 200 in 758ms
 ✓ Compiled in 640ms (875 modules)
 GET /journey 200 in 733ms
 ✓ Compiled in 633ms (875 modules)
 GET /journey 200 in 767ms
 ✓ Compiled in 670ms (875 modules)
 GET /journey 200 in 1578ms
 ✓ Compiled in 1227ms (875 modules)
 GET /journey 200 in 986ms
 ✓ Compiled in 757ms (875 modules)
 ✓ Compiled in 800ms (875 modules)
 GET /journey 200 in 1035ms
 ✓ Compiled in 663ms (875 modules)
 GET /journey 200 in 762ms
 ✓ Compiled in 622ms (875 modules)
 GET /journey 200 in 1034ms
 ✓ Compiled in 615ms (875 modules)
 ✓ Compiled in 654ms (875 modules)
 GET /journey 200 in 1212ms
 ✓ Compiled in 671ms (875 modules)
 GET /journey 200 in 771ms
 ✓ Compiled in 659ms (875 modules)
 GET /journey 200 in 1084ms
 ✓ Compiled in 619ms (875 modules)
 ✓ Compiled in 634ms (875 modules)
 GET /journey 200 in 1194ms
 ✓ Compiled in 623ms (875 modules)
 GET /journey 200 in 737ms
 ✓ Compiled in 664ms (875 modules)
 GET /journey 200 in 1114ms
 ✓ Compiled in 655ms (875 modules)
 ✓ Compiled in 621ms (875 modules)
 GET /journey 200 in 1220ms
 ✓ Compiled in 631ms (875 modules)
 GET /journey 200 in 718ms
 ✓ Compiled in 628ms (875 modules)
 GET /journey 200 in 1052ms
 ✓ Compiled in 663ms (875 modules)
 GET /journey 200 in 1075ms
 ✓ Compiled in 623ms (875 modules)
 GET /journey 200 in 776ms
 ✓ Compiled in 649ms (875 modules)
 ✓ Compiled in 632ms (875 modules)
 GET /journey 200 in 742ms
 ✓ Compiled in 632ms (875 modules)
 GET /journey 200 in 732ms
 ✓ Compiled in 771ms (875 modules)
 GET /journey 200 in 1271ms
 ✓ Compiled in 741ms (875 modules)
 GET /journey 200 in 1172ms
 ✓ Compiled in 660ms (875 modules)
 GET /journey 200 in 803ms
 ✓ Compiled in 654ms (875 modules)
 ✓ Compiled in 629ms (875 modules)
 GET /journey 200 in 726ms
 ✓ Compiled in 640ms (875 modules)
 GET /journey 200 in 733ms
 ✓ Compiled in 632ms (875 modules)
 GET /journey 200 in 1046ms
 ✓ Compiled in 602ms (875 modules)
 GET /journey 200 in 1092ms
 ✓ Compiled in 646ms (875 modules)
 ✓ Compiled in 659ms (875 modules)
 GET /journey 200 in 795ms
 ✓ Compiled in 632ms (875 modules)
 GET /journey 200 in 734ms
 ✓ Compiled in 651ms (875 modules)
 GET /journey 200 in 764ms
 ✓ Compiled in 670ms (875 modules)
 GET /journey 200 in 1093ms
 ✓ Compiled in 619ms (875 modules)
 GET /journey 200 in 1097ms
 ✓ Compiled in 630ms (875 modules)
 ✓ Compiled in 739ms (875 modules)
 GET /journey 200 in 870ms
 ✓ Compiled in 704ms (875 modules)
 GET /journey 200 in 800ms
 ✓ Compiled in 646ms (875 modules)
 GET /journey 200 in 747ms
 ✓ Compiled in 612ms (875 modules)
 ✓ Compiled in 616ms (875 modules)
 GET /journey 200 in 1198ms
 ✓ Compiled in 725ms (875 modules)
 GET /journey 200 in 829ms
 ✓ Compiled in 647ms (875 modules)
 GET /journey 200 in 1072ms
 ✓ Compiled in 610ms (875 modules)
 ✓ Compiled in 619ms (875 modules)
 GET /journey 200 in 1179ms
 ✓ Compiled in 635ms (875 modules)
 GET /journey 200 in 745ms
 ✓ Compiled in 670ms (875 modules)
 GET /journey 200 in 1142ms
 ✓ Compiled in 700ms (875 modules)
 GET /journey 200 in 1085ms
 ✓ Compiled in 631ms (875 modules)
 GET /journey 200 in 763ms
 ✓ Compiled in 631ms (875 modules)
 ✓ Compiled in 637ms (875 modules)
 GET /journey 200 in 735ms
 ✓ Compiled in 622ms (875 modules)
 GET /journey 200 in 1253ms
 ✓ Compiled in 1430ms (875 modules)
 GET /journey 200 in 1871ms
 ✓ Compiled in 673ms (875 modules)
 GET /journey 200 in 1177ms
 ✓ Compiled in 674ms (875 modules)
 ✓ Compiled in 657ms (875 modules)
 GET /journey 200 in 829ms
 ✓ Compiled in 653ms (875 modules)
 GET /journey 200 in 757ms
 ✓ Compiled in 690ms (875 modules)
 GET /journey 200 in 784ms
 ✓ Compiled in 1673ms (1950 modules)
 GET /journey 500 in 2092ms
 ✓ Compiled in 648ms (875 modules)
 GET /journey 200 in 844ms
 ✓ Compiled in 716ms (875 modules)
 ✓ Compiled in 658ms (875 modules)
 GET /journey 200 in 767ms
 ✓ Compiled in 645ms (875 modules)
 GET /journey 200 in 742ms
 ✓ Compiled in 639ms (875 modules)
 GET /journey 200 in 1193ms
 ✓ Compiled in 791ms (875 modules)
 ✓ Compiled in 685ms (875 modules)
 GET /journey 200 in 1416ms
 ✓ Compiled in 765ms (875 modules)
 GET /journey 200 in 887ms
 ✓ Compiled in 671ms (875 modules)
 GET /journey 200 in 1077ms
 ✓ Compiled in 621ms (875 modules)
 ✓ Compiled in 628ms (875 modules)
 GET /journey 200 in 1193ms
 ✓ Compiled in 646ms (875 modules)
 GET /journey 200 in 757ms
 ✓ Compiled in 658ms (875 modules)
 GET /journey 200 in 1068ms
 ✓ Compiled in 644ms (875 modules)
 GET /journey 200 in 1064ms
 ✓ Compiled in 616ms (875 modules)
 GET /journey 200 in 771ms
 ✓ Compiled in 653ms (875 modules)
 ✓ Compiled in 707ms (875 modules)
 GET /journey 200 in 819ms
 ✓ Compiled in 636ms (875 modules)
 GET /journey 200 in 736ms
 ✓ Compiled in 640ms (875 modules)
 GET /journey 200 in 1071ms
 ✓ Compiled in 631ms (875 modules)
 GET /journey 200 in 1098ms
 ✓ Compiled in 628ms (875 modules)
 ✓ Compiled in 640ms (875 modules)
 GET /journey 200 in 780ms
 ✓ Compiled in 706ms (875 modules)
 GET /journey 200 in 806ms
 ✓ Compiled in 633ms (875 modules)
 GET /journey 200 in 719ms
 ✓ Compiled in 603ms (875 modules)
 ✓ Compiled in 624ms (875 modules)
 GET /journey 200 in 1189ms
 ✓ Compiled in 649ms (875 modules)
 GET /journey 200 in 759ms
 ✓ Compiled in 664ms (875 modules)
 GET /journey 200 in 1071ms
 ✓ Compiled in 613ms (875 modules)
 ✓ Compiled in 653ms (875 modules)
 GET /journey 200 in 1209ms
 ✓ Compiled in 700ms (875 modules)
 GET /journey 200 in 808ms
 ✓ Compiled in 660ms (875 modules)
 GET /journey 200 in 1099ms
 ✓ Compiled in 642ms (875 modules)
 ✓ Compiled in 652ms (875 modules)
 GET /journey 200 in 1231ms
 ✓ Compiled in 627ms (875 modules)
 GET /journey 200 in 734ms
 ✓ Compiled in 644ms (875 modules)
 GET /journey 200 in 1053ms
 ✓ Compiled in 630ms (875 modules)
 GET /journey 200 in 1059ms
 ✓ Compiled in 660ms (875 modules)
 GET /journey 200 in 829ms
 ✓ Compiled in 670ms (875 modules)
 ✓ Compiled in 629ms (875 modules)
 GET /journey 200 in 730ms
 ✓ Compiled in 638ms (875 modules)
 GET /journey 200 in 726ms
 ✓ Compiled in 639ms (875 modules)
 GET /journey 200 in 1059ms
 ✓ Compiled in 647ms (875 modules)
 GET /journey 200 in 1072ms
 ✓ Compiled in 643ms (875 modules)
 GET /journey 200 in 910ms
 ✓ Compiled in 775ms (875 modules)
 ✓ Compiled in 1417ms (875 modules)
 GET /journey 200 in 1543ms
 ✓ Compiled in 803ms (875 modules)
 GET /journey 200 in 898ms
 ✓ Compiled in 690ms (875 modules)
 GET /journey 200 in 1109ms
 ✓ Compiled in 624ms (875 modules)
 GET /journey 200 in 1115ms
 ✓ Compiled in 648ms (875 modules)
 ✓ Compiled in 757ms (875 modules)
 GET /journey 200 in 891ms
 ✓ Compiled in 703ms (875 modules)
 GET /journey 200 in 814ms
 ✓ Compiled in 708ms (875 modules)
 GET /journey 200 in 807ms
 ✓ Compiled in 624ms (875 modules)
 ✓ Compiled in 635ms (875 modules)
 GET /journey 200 in 1224ms
 ✓ Compiled in 631ms (875 modules)
 GET /journey 200 in 742ms
 ✓ Compiled in 692ms (875 modules)
 GET /journey 200 in 1127ms
 ✓ Compiled in 650ms (875 modules)
 GET /journey 200 in 1048ms
 ✓ Compiled in 619ms (875 modules)
 GET /journey 200 in 790ms
 ✓ Compiled in 653ms (875 modules)
 ✓ Compiled in 645ms (875 modules)
 GET /journey 200 in 753ms
 ✓ Compiled in 644ms (875 modules)
 GET /journey 200 in 740ms
 ✓ Compiled in 740ms (875 modules)
 GET /journey 200 in 1156ms
 ✓ Compiled in 592ms (875 modules)
 GET /journey 200 in 1084ms
 ✓ Compiled in 646ms (875 modules)
 ✓ Compiled in 643ms (875 modules)
 GET /journey 200 in 784ms
 ✓ Compiled in 644ms (875 modules)
 GET /journey 200 in 744ms
 ✓ Compiled in 699ms (875 modules)
 GET /journey 200 in 799ms
 ✓ Compiled in 1745ms (1950 modules)
 GET /journey 500 in 2154ms
 ✓ Compiled in 630ms (875 modules)
 GET /journey 200 in 849ms
 ✓ Compiled in 734ms (875 modules)
 ✓ Compiled in 637ms (875 modules)
 GET /journey 200 in 739ms
 ✓ Compiled in 647ms (875 modules)
 GET /journey 200 in 781ms
 ✓ Compiled in 681ms (875 modules)
 GET /journey 200 in 1081ms
 ✓ Compiled in 641ms (875 modules)
 GET /journey 200 in 1055ms
 ✓ Compiled in 637ms (875 modules)
 GET /journey 200 in 786ms
 ✓ Compiled in 644ms (875 modules)
 ✓ Compiled in 623ms (875 modules)
 GET /journey 200 in 724ms
 ✓ Compiled in 663ms (875 modules)
 GET /journey 200 in 754ms
 ✓ Compiled in 677ms (875 modules)
 GET /journey 200 in 1123ms
 ✓ Compiled in 630ms (875 modules)
 GET /journey 200 in 1131ms
 ✓ Compiled in 657ms (875 modules)
 ✓ Compiled in 641ms (875 modules)
 GET /journey 200 in 787ms
 ✓ Compiled in 641ms (875 modules)
 GET /journey 200 in 737ms
 ✓ Compiled in 644ms (875 modules)
 GET /journey 200 in 734ms
 ✓ Compiled in 616ms (875 modules)
 ✓ Compiled in 635ms (875 modules)
 GET /journey 200 in 1211ms
 ✓ Compiled in 630ms (875 modules)
 GET /journey 200 in 735ms
 ✓ Compiled in 647ms (875 modules)
 GET /journey 200 in 1061ms
 ✓ Compiled in 610ms (875 modules)
 ✓ Compiled in 624ms (875 modules)
 GET /journey 200 in 1200ms
 ✓ Compiled in 670ms (875 modules)
 GET /journey 200 in 766ms
 ✓ Compiled in 632ms (875 modules)
 GET /journey 200 in 1073ms
 ✓ Compiled in 670ms (875 modules)
 GET /journey 200 in 1098ms
 ✓ Compiled in 683ms (875 modules)
 GET /journey 200 in 911ms
 ✓ Compiled in 729ms (875 modules)
 ✓ Compiled in 715ms (875 modules)
 GET /journey 200 in 814ms
 ✓ Compiled in 1392ms (875 modules)
 GET /journey 200 in 1513ms
 ✓ Compiled in 706ms (875 modules)
 GET /journey 200 in 1154ms
 ✓ Compiled in 685ms (875 modules)
 GET /journey 200 in 1179ms
 ✓ Compiled in 659ms (875 modules)
 ✓ Compiled in 682ms (875 modules)
 GET /journey 200 in 862ms
 ✓ Compiled in 648ms (875 modules)
 GET /journey 200 in 750ms
 ✓ Compiled in 642ms (875 modules)
 GET /journey 200 in 738ms
 ✓ Compiled in 623ms (875 modules)
 ✓ Compiled in 699ms (875 modules)
 GET /journey 200 in 1288ms
 ✓ Compiled in 650ms (875 modules)
 GET /journey 200 in 758ms
 ✓ Compiled in 646ms (875 modules)
 GET /journey 200 in 1078ms
 ✓ Compiled in 645ms (875 modules)
 GET /journey 200 in 1103ms
 ✓ Compiled in 624ms (875 modules)
 GET /journey 200 in 853ms
 ✓ Compiled in 713ms (875 modules)
 ✓ Compiled in 638ms (875 modules)
 GET /journey 200 in 743ms
 ✓ Compiled in 666ms (875 modules)
 GET /journey 200 in 755ms
 ✓ Compiled in 659ms (875 modules)
 GET /journey 200 in 1092ms
 ✓ Compiled in 624ms (875 modules)
 GET /journey 200 in 809ms
 ✓ Compiled in 671ms (875 modules)
 ✓ Compiled in 676ms (875 modules)
 GET /journey 200 in 843ms
 ✓ Compiled in 752ms (875 modules)
 GET /journey 200 in 882ms
 ✓ Compiled in 669ms (875 modules)
 GET /journey 200 in 1075ms
 ✓ Compiled in 648ms (875 modules)
 GET /journey 200 in 1065ms
 ✓ Compiled in 628ms (875 modules)
 GET /journey 200 in 831ms
 ✓ Compiled in 695ms (875 modules)
 ✓ Compiled in 649ms (875 modules)
 GET /journey 200 in 755ms
 ✓ Compiled in 664ms (875 modules)
 GET /journey 200 in 757ms
 ✓ Compiled in 635ms (875 modules)
 GET /journey 200 in 1102ms
 ✓ Compiled in 690ms (875 modules)
 GET /journey 200 in 1153ms
 ✓ Compiled in 649ms (875 modules)
 GET /journey 200 in 779ms
 ✓ Compiled in 653ms (875 modules)
 ✓ Compiled in 651ms (875 modules)
 GET /journey 200 in 749ms
 ✓ Compiled in 633ms (875 modules)
 GET /journey 200 in 726ms
 ✓ Compiled in 653ms (875 modules)
 GET /journey 200 in 1102ms
 ✓ Compiled in 640ms (875 modules)
 GET /journey 200 in 1154ms
 ✓ Compiled in 671ms (875 modules)
 ✓ Compiled in 685ms (875 modules)
 GET /journey 200 in 818ms
 ✓ Compiled in 635ms (875 modules)
 GET /journey 200 in 731ms
 ✓ Compiled in 639ms (875 modules)
 GET /journey 200 in 750ms
 ✓ Compiled in 663ms (875 modules)
 ✓ Compiled in 630ms (875 modules)
 GET /journey 200 in 1242ms
 ✓ Compiled in 648ms (875 modules)
 GET /journey 200 in 756ms
 ✓ Compiled in 842ms (875 modules)
 GET /journey 200 in 1337ms
 ✓ Compiled in 690ms (875 modules)
 ✓ Compiled in 660ms (875 modules)
 GET /journey 200 in 1268ms
 ✓ Compiled in 643ms (875 modules)
 GET /journey 200 in 750ms
 ✓ Compiled in 644ms (875 modules)
 GET /journey 200 in 1069ms
 ✓ Compiled in 619ms (875 modules)
 ✓ Compiled in 618ms (875 modules)
 GET /journey 200 in 1180ms
 ✓ Compiled in 658ms (875 modules)
 GET /journey 200 in 767ms
 ✓ Compiled in 657ms (875 modules)
 GET /journey 200 in 1078ms
 ✓ Compiled in 660ms (875 modules)
 GET /journey 200 in 1067ms
 ✓ Compiled in 604ms (875 modules)
 GET /journey 200 in 1509ms
 ✓ Compiled in 1394ms (875 modules)
 ✓ Compiled in 746ms (875 modules)
 GET /journey 200 in 865ms
 ✓ Compiled in 698ms (875 modules)
 GET /journey 200 in 792ms
 ✓ Compiled in 648ms (875 modules)
 GET /journey 200 in 1097ms
 ✓ Compiled in 631ms (875 modules)
 GET /journey 200 in 1183ms
 ✓ Compiled in 711ms (875 modules)
 ✓ Compiled in 632ms (875 modules)
 GET /journey 200 in 766ms
 ✓ Compiled in 663ms (875 modules)
 GET /journey 200 in 760ms
 ✓ Compiled in 642ms (875 modules)
 GET /journey 200 in 750ms
 ✓ Compiled in 615ms (875 modules)
 ✓ Compiled in 664ms (875 modules)
 GET /journey 200 in 1215ms
 ✓ Compiled in 781ms (875 modules)
 GET /journey 200 in 890ms
 ✓ Compiled in 643ms (875 modules)
 GET /journey 200 in 752ms
 ✓ Compiled in 641ms (875 modules)
 ✓ Compiled in 637ms (875 modules)
 GET /journey 200 in 1219ms
 ✓ Compiled in 648ms (875 modules)
 GET /journey 200 in 788ms
 ✓ Compiled in 719ms (875 modules)
 GET /journey 200 in 1117ms
 ✓ Compiled in 671ms (875 modules)
 GET /journey 200 in 1109ms
 ✓ Compiled in 632ms (875 modules)
 GET /journey 200 in 787ms
 ✓ Compiled in 649ms (875 modules)
 ✓ Compiled in 643ms (875 modules)
 GET /journey 200 in 746ms
 ✓ Compiled in 717ms (875 modules)
 GET /journey 200 in 806ms
 ✓ Compiled in 641ms (875 modules)
 GET /journey 200 in 1068ms
 ✓ Compiled in 618ms (875 modules)
 ✓ Compiled in 649ms (875 modules)
 GET /journey 200 in 1211ms
 ✓ Compiled in 666ms (875 modules)
 GET /journey 200 in 766ms
 ✓ Compiled in 738ms (875 modules)
 GET /journey 200 in 1158ms
 ✓ Compiled in 623ms (875 modules)
 ✓ Compiled in 668ms (875 modules)
 GET /journey 200 in 1232ms
 ✓ Compiled in 637ms (875 modules)
 GET /journey 200 in 734ms
 ✓ Compiled in 634ms (875 modules)
 GET /journey 200 in 1104ms
 ✓ Compiled in 703ms (875 modules)
 GET /journey 200 in 1162ms
 ✓ Compiled in 653ms (875 modules)
 GET /journey 200 in 792ms
 ✓ Compiled in 673ms (875 modules)
 ✓ Compiled in 781ms (875 modules)
 GET /journey 200 in 893ms
 ✓ Compiled in 726ms (875 modules)
 GET /journey 200 in 811ms
 ✓ Compiled in 672ms (875 modules)
 GET /journey 200 in 1094ms
 ✓ Compiled in 653ms (875 modules)
 GET /journey 200 in 1095ms
 ✓ Compiled in 639ms (875 modules)
 GET /journey 200 in 786ms
 ✓ Compiled in 658ms (875 modules)
 ✓ Compiled in 856ms (875 modules)
 GET /journey 200 in 995ms
 ✓ Compiled in 815ms (875 modules)
 GET /journey 200 in 910ms
 ✓ Compiled in 672ms (875 modules)
 GET /journey 200 in 1095ms
 ✓ Compiled in 652ms (875 modules)
 GET /journey 200 in 1107ms
 ✓ Compiled in 608ms (875 modules)
 GET /journey 200 in 785ms
 ✓ Compiled in 667ms (875 modules)
 ✓ Compiled in 684ms (875 modules)
 GET /journey 200 in 788ms
 ✓ Compiled in 635ms (875 modules)
 GET /journey 200 in 728ms
 ✓ Compiled in 652ms (875 modules)
 GET /journey 200 in 1092ms
 ✓ Compiled in 681ms (875 modules)
 GET /journey 200 in 1141ms
 ✓ Compiled in 645ms (875 modules)
 GET /journey 200 in 862ms
 ✓ Compiled in 717ms (875 modules)
 ✓ Compiled in 632ms (875 modules)
 GET /journey 200 in 737ms
 ✓ Compiled in 814ms (875 modules)
 GET /journey 200 in 1325ms
 ✓ Compiled in 1031ms (875 modules)
 ✓ Compiled in 892ms (875 modules)
 GET /journey 200 in 1666ms
 ✓ Compiled in 693ms (875 modules)
 GET /journey 200 in 795ms
 ✓ Compiled in 692ms (875 modules)
 GET /journey 200 in 788ms
 ✓ Compiled in 628ms (875 modules)
 ✓ Compiled in 644ms (875 modules)
 GET /journey 200 in 1235ms
 ✓ Compiled in 685ms (875 modules)
 GET /journey 200 in 799ms
 ✓ Compiled in 658ms (875 modules)
 GET /journey 200 in 1106ms
 ✓ Compiled in 648ms (875 modules)
 ✓ Compiled in 634ms (875 modules)
 GET /journey 200 in 1210ms
 ✓ Compiled in 683ms (875 modules)
 GET /journey 200 in 815ms
 ✓ Compiled in 688ms (875 modules)
 GET /journey 200 in 1096ms
 ✓ Compiled in 640ms (875 modules)
 ✓ Compiled in 650ms (875 modules)
 GET /journey 200 in 1232ms
 ✓ Compiled in 628ms (875 modules)
 GET /journey 200 in 739ms
 ✓ Compiled in 678ms (875 modules)
 GET /journey 200 in 1117ms
 ✓ Compiled in 699ms (875 modules)
 GET /journey 200 in 1134ms
 ✓ Compiled in 651ms (875 modules)
 GET /journey 200 in 802ms
 ✓ Compiled in 659ms (875 modules)
 ✓ Compiled in 653ms (875 modules)
 GET /journey 200 in 759ms
 ✓ Compiled in 667ms (875 modules)
 GET /journey 200 in 777ms
 ✓ Compiled in 686ms (875 modules)
 GET /journey 200 in 1131ms
 ✓ Compiled in 634ms (875 modules)
 GET /journey 200 in 1377ms
 ✓ Compiled in 912ms (875 modules)
 ✓ Compiled in 669ms (875 modules)
 GET /journey 200 in 829ms
 ✓ Compiled in 672ms (875 modules)
 GET /journey 200 in 779ms
 ✓ Compiled in 654ms (875 modules)
 GET /journey 200 in 752ms
 ✓ Compiled in 616ms (875 modules)
 ✓ Compiled in 641ms (875 modules)
 GET /journey 200 in 1214ms
 ✓ Compiled in 635ms (875 modules)
 GET /journey 200 in 734ms
 ✓ Compiled in 660ms (875 modules)
 GET /journey 200 in 1164ms
 ✓ Compiled in 727ms (875 modules)
 GET /journey 200 in 1139ms
 ✓ Compiled in 616ms (875 modules)
 GET /journey 200 in 789ms
 ✓ Compiled in 656ms (875 modules)
 ✓ Compiled in 640ms (875 modules)
 GET /journey 200 in 738ms
 ✓ Compiled in 719ms (875 modules)
 GET /journey 200 in 818ms
 ✓ Compiled in 739ms (875 modules)
 GET /journey 200 in 1177ms
 ✓ Compiled in 664ms (875 modules)
 GET /journey 200 in 1123ms
 ✓ Compiled in 622ms (875 modules)
 GET /journey 200 in 778ms
 ✓ Compiled in 652ms (875 modules)
 ✓ Compiled in 664ms (875 modules)
 GET /journey 200 in 765ms
 ✓ Compiled in 652ms (875 modules)
 GET /journey 200 in 742ms
 ✓ Compiled in 635ms (875 modules)
 GET /journey 200 in 1086ms
 ✓ Compiled in 639ms (875 modules)
 GET /journey 200 in 846ms
 ✓ Compiled in 720ms (875 modules)
 ✓ Compiled in 759ms (875 modules)
 GET /journey 200 in 946ms
 ✓ Compiled in 722ms (875 modules)
 GET /journey 200 in 846ms
 ✓ Compiled in 656ms (875 modules)
 GET /journey 200 in 754ms
 ✓ Compiled in 628ms (875 modules)
 ✓ Compiled in 644ms (875 modules)
 GET /journey 200 in 1214ms
 ✓ Compiled in 771ms (875 modules)
 GET /journey 200 in 865ms
 ✓ Compiled in 661ms (875 modules)
 GET /journey 200 in 755ms
 ✓ Compiled in 623ms (875 modules)
 ✓ Compiled in 1436ms (875 modules)
 GET /journey 200 in 2011ms
 ✓ Compiled in 765ms (875 modules)
 GET /journey 200 in 872ms
 ✓ Compiled in 719ms (875 modules)
 GET /journey 200 in 1157ms
 ✓ Compiled in 645ms (875 modules)
 ✓ Compiled in 644ms (875 modules)
 GET /journey 200 in 1228ms
 ✓ Compiled in 660ms (875 modules)
 GET /journey 200 in 765ms
 ✓ Compiled in 670ms (875 modules)
 GET /journey 200 in 1117ms
 ✓ Compiled in 673ms (875 modules)
 GET /journey 200 in 1085ms
 ✓ Compiled in 636ms (875 modules)
 GET /journey 200 in 836ms
 ✓ Compiled in 705ms (875 modules)
 ✓ Compiled in 931ms (875 modules)
 GET /journey 200 in 1073ms
 ✓ Compiled in 762ms (875 modules)
 GET /journey 200 in 884ms
 ✓ Compiled in 684ms (875 modules)
 GET /journey 200 in 1538ms
 ✓ Compiled in 941ms (875 modules)
 ✓ Compiled in 768ms (875 modules)
 GET /journey 200 in 889ms
 ✓ Compiled in 851ms (875 modules)
 GET /journey 200 in 959ms
 ✓ Compiled in 759ms (875 modules)
 GET /journey 200 in 1450ms
 ✓ Compiled in 789ms (875 modules)
 ✓ Compiled in 653ms (875 modules)
 GET /journey 200 in 762ms
 ✓ Compiled in 650ms (875 modules)
 GET /journey 200 in 748ms
 ✓ Compiled in 690ms (875 modules)
 GET /journey 200 in 1165ms
 ✓ Compiled in 677ms (875 modules)
 GET /journey 200 in 1143ms
 ✓ Compiled in 650ms (875 modules)
 ✓ Compiled in 654ms (875 modules)
 GET /journey 200 in 792ms
 ✓ Compiled in 670ms (875 modules)
 GET /journey 200 in 774ms
 ✓ Compiled in 711ms (875 modules)
 GET /journey 200 in 802ms
 ✓ Compiled in 648ms (875 modules)
 GET /journey 200 in 1080ms
 ✓ Compiled in 626ms (875 modules)
 GET /journey 200 in 802ms
 ✓ Compiled in 661ms (875 modules)
 ✓ Compiled in 662ms (875 modules)
 GET /journey 200 in 797ms
 ✓ Compiled in 675ms (875 modules)
 GET /journey 200 in 773ms
 ✓ Compiled in 659ms (875 modules)
 GET /journey 200 in 1097ms
 ✓ Compiled in 649ms (875 modules)
 GET /journey 200 in 1069ms
 ✓ Compiled in 620ms (875 modules)
 GET /journey 200 in 853ms
 ✓ Compiled in 726ms (875 modules)
 ✓ Compiled in 708ms (875 modules)
 GET /journey 200 in 812ms
 ✓ Compiled in 689ms (875 modules)
 GET /journey 200 in 778ms
 ✓ Compiled in 660ms (875 modules)
 GET /journey 200 in 1098ms
 ✓ Compiled in 669ms (875 modules)
 GET /journey 200 in 1119ms
 ✓ Compiled in 657ms (875 modules)
 GET /journey 200 in 824ms
 ✓ Compiled in 687ms (875 modules)
 ✓ Compiled in 702ms (875 modules)
 GET /journey 200 in 806ms
 ✓ Compiled in 652ms (875 modules)
 GET /journey 200 in 744ms
 ✓ Compiled in 650ms (875 modules)
 GET /journey 200 in 1089ms
 ✓ Compiled in 665ms (875 modules)
 GET /journey 200 in 1166ms
 ✓ Compiled in 663ms (875 modules)
 GET /journey 200 in 838ms
 ✓ Compiled in 702ms (875 modules)
 ✓ Compiled in 668ms (875 modules)
 GET /journey 200 in 788ms
 ✓ Compiled in 665ms (875 modules)
 GET /journey 200 in 754ms
 ✓ Compiled in 658ms (875 modules)
 GET /journey 200 in 1128ms
 ✓ Compiled in 703ms (875 modules)
 GET /journey 200 in 1203ms
 ✓ Compiled in 680ms (875 modules)
 GET /journey 200 in 764ms
 ✓ Compiled in 643ms (875 modules)
 ✓ Compiled in 772ms (875 modules)
 GET /journey 200 in 1324ms
 ✓ Compiled in 1163ms (875 modules)
 GET /journey 200 in 1008ms
 ✓ Compiled in 850ms (875 modules)
 GET /journey 200 in 1391ms
 ✓ Compiled in 747ms (875 modules)
 GET /journey 200 in 831ms
 ✓ Compiled in 688ms (875 modules)
 ✓ Compiled in 661ms (875 modules)
 GET /journey 200 in 818ms
 ✓ Compiled in 691ms (875 modules)
 GET /journey 200 in 782ms
 ✓ Compiled in 649ms (875 modules)
 GET /journey 200 in 1101ms
 ✓ Compiled in 693ms (875 modules)
 ✓ Compiled in 748ms (875 modules)
 GET /journey 200 in 1372ms
 ✓ Compiled in 750ms (875 modules)
 GET /journey 200 in 854ms
 ✓ Compiled in 750ms (875 modules)
 GET /journey 200 in 1258ms
 ✓ Compiled in 736ms (875 modules)
 ✓ Compiled in 736ms (875 modules)
 GET /journey 200 in 1379ms
 ✓ Compiled in 700ms (875 modules)
 GET /journey 200 in 811ms
 ✓ Compiled in 734ms (875 modules)
 GET /journey 200 in 1184ms
 ✓ Compiled in 677ms (875 modules)
 GET /journey 200 in 1091ms
 ✓ Compiled in 653ms (875 modules)
 GET /journey 200 in 822ms
 ✓ Compiled in 663ms (875 modules)
 ✓ Compiled in 690ms (875 modules)
 GET /journey 200 in 808ms
 ✓ Compiled in 753ms (875 modules)
 GET /journey 200 in 850ms
 ✓ Compiled in 650ms (875 modules)
 GET /journey 200 in 1104ms
 ✓ Compiled in 686ms (875 modules)
 GET /journey 200 in 1147ms
 ✓ Compiled in 711ms (875 modules)
 GET /journey 200 in 836ms
 ✓ Compiled in 672ms (875 modules)
 ✓ Compiled in 693ms (875 modules)
 GET /journey 200 in 813ms
 ✓ Compiled in 711ms (875 modules)
 GET /journey 200 in 803ms
 ✓ Compiled in 661ms (875 modules)
 GET /journey 200 in 1113ms
 ✓ Compiled in 671ms (875 modules)
 GET /journey 200 in 1154ms
 ✓ Compiled in 640ms (875 modules)
 GET /journey 200 in 798ms
 ✓ Compiled in 681ms (875 modules)
 ✓ Compiled in 652ms (875 modules)
 GET /journey 200 in 759ms
 ✓ Compiled in 657ms (875 modules)
 GET /journey 200 in 758ms
 ✓ Compiled in 730ms (875 modules)
 GET /journey 200 in 1162ms
 ✓ Compiled in 624ms (875 modules)
 GET /journey 200 in 1143ms
 ✓ Compiled in 677ms (875 modules)
 ✓ Compiled in 708ms (875 modules)
 GET /journey 200 in 856ms
 ✓ Compiled in 657ms (875 modules)
 GET /journey 200 in 753ms
 ✓ Compiled in 710ms (875 modules)
 GET /journey 200 in 839ms
 ✓ Compiled in 733ms (875 modules)
 GET /journey 200 in 1303ms
 ✓ Compiled in 662ms (875 modules)
 ✓ Compiled in 662ms (875 modules)
 GET /journey 200 in 760ms
 ✓ Compiled in 665ms (875 modules)
 GET /journey 200 in 763ms
 ✓ Compiled in 667ms (875 modules)
 GET /journey 200 in 1106ms
 ✓ Compiled in 631ms (875 modules)
 GET /journey 200 in 1209ms
 ✓ Compiled in 758ms (875 modules)
 ✓ Compiled in 819ms (875 modules)
 GET /journey 200 in 1011ms
 ✓ Compiled in 755ms (875 modules)
 GET /journey 200 in 861ms
 ✓ Compiled in 639ms (875 modules)
 GET /journey 200 in 732ms
 ✓ Compiled in 638ms (875 modules)
 ✓ Compiled in 662ms (875 modules)
 GET /journey 200 in 1251ms
 ✓ Compiled in 665ms (875 modules)
 GET /journey 200 in 784ms
 ✓ Compiled in 777ms (875 modules)
 GET /journey 200 in 859ms
 ✓ Compiled in 2.6s (1950 modules)
 GET /journey 500 in 3076ms
 ✓ Compiled in 705ms (875 modules)
 GET /journey 200 in 970ms
 ✓ Compiled in 826ms (875 modules)
 ✓ Compiled in 673ms (875 modules)
 GET /journey 200 in 775ms
 ✓ Compiled in 682ms (875 modules)
 GET /journey 200 in 774ms
 ✓ Compiled in 658ms (875 modules)
 GET /journey 200 in 1112ms
 ✓ Compiled in 641ms (875 modules)
 GET /journey 200 in 1159ms
 ✓ Compiled in 673ms (875 modules)
 ✓ Compiled in 664ms (875 modules)
 GET /journey 200 in 835ms
 ✓ Compiled in 728ms (875 modules)
 GET /journey 200 in 843ms
 ✓ Compiled in 661ms (875 modules)
 GET /journey 200 in 1192ms
 ✓ Compiled in 786ms (875 modules)
 GET /journey 200 in 1211ms
 ✓ Compiled in 627ms (875 modules)
 GET /journey 200 in 826ms
 ✓ Compiled in 709ms (875 modules)
 ✓ Compiled in 694ms (875 modules)
 GET /journey 200 in 824ms
 ✓ Compiled in 675ms (875 modules)
 GET /journey 200 in 771ms
 ✓ Compiled in 668ms (875 modules)
 GET /journey 200 in 1110ms
 ✓ Compiled in 629ms (875 modules)
 GET /journey 200 in 1131ms
 ✓ Compiled in 664ms (875 modules)
 ✓ Compiled in 665ms (875 modules)
 GET /journey 200 in 821ms
 ✓ Compiled in 644ms (875 modules)
 GET /journey 200 in 749ms
 ✓ Compiled in 650ms (875 modules)
 GET /journey 200 in 1086ms
 ✓ Compiled in 650ms (875 modules)
 GET /journey 200 in 1099ms
 ✓ Compiled in 648ms (875 modules)
 GET /journey 200 in 843ms
 ✓ Compiled in 713ms (875 modules)
 ✓ Compiled in 651ms (875 modules)
 GET /journey 200 in 758ms
 ✓ Compiled in 667ms (875 modules)
 GET /journey 200 in 758ms
 ✓ Compiled in 653ms (875 modules)
 GET /journey 200 in 1090ms
 ✓ Compiled in 659ms (875 modules)
 GET /journey 200 in 1378ms
 ✓ Compiled in 895ms (875 modules)
 GET /journey 200 in 948ms
 ✓ Compiled in 787ms (875 modules)
 ✓ Compiled in 730ms (875 modules)
 GET /journey 200 in 837ms
 ✓ Compiled in 713ms (875 modules)
 GET /journey 200 in 829ms
 ✓ Compiled in 872ms (875 modules)
 GET /journey 200 in 1431ms
 ✓ Compiled in 841ms (875 modules)
 GET /journey 200 in 1438ms
 ✓ Compiled in 801ms (875 modules)
 GET /journey 200 in 966ms
 ✓ Compiled in 794ms (875 modules)
 ✓ Compiled in 673ms (875 modules)
 GET /journey 200 in 776ms
 ✓ Compiled in 762ms (875 modules)
 GET /journey 200 in 854ms
 ✓ Compiled in 673ms (875 modules)
 GET /journey 200 in 1106ms
 ✓ Compiled in 615ms (875 modules)
 GET /journey 200 in 1098ms
 ✓ Compiled in 645ms (875 modules)
 ✓ Compiled in 700ms (875 modules)
 GET /journey 200 in 841ms
 ✓ Compiled in 649ms (875 modules)
 GET /journey 200 in 748ms
 ✓ Compiled in 644ms (875 modules)
 GET /journey 200 in 763ms
 ✓ Compiled in 672ms (875 modules)
 GET /journey 200 in 1103ms
 ✓ Compiled in 622ms (875 modules)
 GET /journey 200 in 1124ms
 ✓ Compiled in 657ms (875 modules)
 ✓ Compiled in 669ms (875 modules)
 GET /journey 200 in 798ms
 ✓ Compiled in 670ms (875 modules)
 GET /journey 200 in 773ms
 ✓ Compiled in 651ms (875 modules)
 GET /journey 200 in 742ms
 ✓ Compiled in 619ms (875 modules)
 ✓ Compiled in 658ms (875 modules)
 GET /journey 200 in 1235ms
 ✓ Compiled in 1522ms (875 modules)
 GET /journey 200 in 1644ms
 ✓ Compiled in 816ms (875 modules)
 GET /journey 200 in 1250ms
 ✓ Compiled in 686ms (875 modules)
 ✓ Compiled in 672ms (875 modules)
 GET /journey 200 in 1309ms
 ✓ Compiled in 664ms (875 modules)
 GET /journey 200 in 778ms
 ✓ Compiled in 679ms (875 modules)
 GET /journey 200 in 1107ms
 ✓ Compiled in 664ms (875 modules)
 GET /journey 200 in 1109ms
 ✓ Compiled in 654ms (875 modules)
 GET /journey 200 in 880ms
 ✓ Compiled in 736ms (875 modules)
 ✓ Compiled in 673ms (875 modules)
 GET /journey 200 in 773ms
 ✓ Compiled in 676ms (875 modules)
 GET /journey 200 in 779ms
 ✓ Compiled in 671ms (875 modules)
 GET /journey 200 in 1106ms
 ✓ Compiled in 675ms (875 modules)
 GET /journey 200 in 1165ms
 ✓ Compiled in 658ms (875 modules)
 GET /journey 200 in 802ms
 ✓ Compiled in 663ms (875 modules)
 ✓ Compiled in 652ms (875 modules)
 GET /journey 200 in 751ms
 ✓ Compiled in 679ms (875 modules)
 GET /journey 200 in 776ms
 ✓ Compiled in 765ms (875 modules)
 GET /journey 200 in 1343ms
 ✓ Compiled in 783ms (875 modules)
 GET /journey 200 in 815ms
 ✓ Compiled in 668ms (875 modules)
 ✓ Compiled in 679ms (875 modules)
 GET /journey 200 in 817ms
 ✓ Compiled in 643ms (875 modules)
 GET /journey 200 in 739ms
 ✓ Compiled in 721ms (875 modules)
 GET /journey 200 in 1185ms
 ✓ Compiled in 688ms (875 modules)
 GET /journey 200 in 1256ms
 ✓ Compiled in 782ms (875 modules)
 GET /journey 200 in 893ms
 ✓ Compiled in 720ms (875 modules)
 ✓ Compiled in 724ms (875 modules)
 GET /journey 200 in 830ms
 ✓ Compiled in 738ms (875 modules)
 GET /journey 200 in 854ms
 ✓ Compiled in 771ms (875 modules)
 GET /journey 200 in 1254ms
 ✓ Compiled in 715ms (875 modules)
 ✓ Compiled in 796ms (875 modules)
 GET /journey 200 in 1428ms
 ✓ Compiled in 782ms (875 modules)
 GET /journey 200 in 884ms
 ✓ Compiled in 846ms (875 modules)
 GET /journey 200 in 1293ms
 ✓ Compiled in 666ms (875 modules)
 GET /journey 200 in 1090ms
 ✓ Compiled in 637ms (875 modules)
 GET /journey 200 in 812ms
 ✓ Compiled in 679ms (875 modules)
 ✓ Compiled in 671ms (875 modules)
 GET /journey 200 in 782ms
 ✓ Compiled in 738ms (875 modules)
 GET /journey 200 in 832ms
 ✓ Compiled in 658ms (875 modules)
 GET /journey 200 in 1125ms
 ✓ Compiled in 652ms (875 modules)
 GET /journey 200 in 1139ms
 ✓ Compiled in 647ms (875 modules)
 ✓ Compiled in 643ms (875 modules)
 GET /journey 200 in 776ms
 ✓ Compiled in 673ms (875 modules)
 GET /journey 200 in 767ms
 ✓ Compiled in 745ms (875 modules)
 GET /journey 200 in 843ms
 ✓ Compiled in 674ms (875 modules)
 ✓ Compiled in 660ms (875 modules)
 GET /journey 200 in 1285ms
 ✓ Compiled in 669ms (875 modules)
 GET /journey 200 in 771ms
 ✓ Compiled in 670ms (875 modules)
 GET /journey 200 in 767ms
 ✓ Compiled in 653ms (875 modules)
 GET /journey 200 in 1093ms
 ✓ Compiled in 642ms (875 modules)
 GET /journey 200 in 801ms
 ✓ Compiled in 664ms (875 modules)
 ✓ Compiled in 659ms (875 modules)
 GET /journey 200 in 764ms
 ✓ Compiled in 688ms (875 modules)
 GET /journey 200 in 1061ms
 ✓ Compiled in 1466ms (875 modules)
 GET /journey 200 in 1934ms
 ✓ Compiled in 738ms (875 modules)
 ✓ Compiled in 691ms (875 modules)
 GET /journey 200 in 1369ms
 ✓ Compiled in 689ms (875 modules)
 GET /journey 200 in 788ms
 ✓ Compiled in 664ms (875 modules)
 GET /journey 200 in 1107ms
 ✓ Compiled in 662ms (875 modules)
 ✓ Compiled in 649ms (875 modules)
 GET /journey 200 in 1253ms
 ✓ Compiled in 677ms (875 modules)
 GET /journey 200 in 773ms
 ✓ Compiled in 687ms (875 modules)
 GET /journey 200 in 1175ms
 ✓ Compiled in 682ms (875 modules)
 ✓ Compiled in 662ms (875 modules)
 GET /journey 200 in 1254ms
 ✓ Compiled in 811ms (875 modules)
 GET /journey 200 in 924ms
 ✓ Compiled in 658ms (875 modules)
 GET /journey 200 in 1111ms
 ✓ Compiled in 755ms (875 modules)
 GET /journey 200 in 1234ms
 ✓ Compiled in 693ms (875 modules)
 GET /journey 200 in 863ms
 ✓ Compiled in 721ms (875 modules)
 ✓ Compiled in 665ms (875 modules)
 GET /journey 200 in 768ms
 ✓ Compiled in 674ms (875 modules)
 GET /journey 200 in 773ms
 ✓ Compiled in 743ms (875 modules)
 GET /journey 200 in 1183ms
 ✓ Compiled in 668ms (875 modules)
 GET /journey 200 in 1162ms
 ✓ Compiled in 645ms (875 modules)
 GET /journey 200 in 805ms
 ✓ Compiled in 675ms (875 modules)
 ✓ Compiled in 703ms (875 modules)
 GET /journey 200 in 810ms
 ✓ Compiled in 718ms (875 modules)
 GET /journey 200 in 818ms
 ✓ Compiled in 689ms (875 modules)
 GET /journey 200 in 1157ms
 ✓ Compiled in 672ms (875 modules)
 GET /journey 200 in 1160ms
 ✓ Compiled in 647ms (875 modules)
 ✓ Compiled in 651ms (875 modules)
 GET /journey 200 in 792ms
 ✓ Compiled in 718ms (875 modules)
 GET /journey 200 in 812ms
 ✓ Compiled in 693ms (875 modules)
 GET /journey 200 in 811ms
 ✓ Compiled in 685ms (875 modules)
 ✓ Compiled in 696ms (875 modules)
 GET /journey 200 in 1327ms
 ✓ Compiled in 718ms (875 modules)
 GET /journey 200 in 871ms
 ✓ Compiled in 716ms (875 modules)
 GET /journey 200 in 1144ms
 ✓ Compiled in 679ms (875 modules)
 GET /journey 200 in 1135ms
 ✓ Compiled in 678ms (875 modules)
 GET /journey 200 in 819ms
 ✓ Compiled in 674ms (875 modules)
 ✓ Compiled in 662ms (875 modules)
 GET /journey 200 in 767ms
 ✓ Compiled in 762ms (875 modules)
 GET /journey 200 in 856ms
 ✓ Compiled in 658ms (875 modules)
 GET /journey 200 in 1096ms
 ✓ Compiled in 683ms (875 modules)
 GET /journey 200 in 1108ms
 ✓ Compiled in 629ms (875 modules)
 GET /journey 200 in 799ms
 ✓ Compiled in 677ms (875 modules)
 ✓ Compiled in 647ms (875 modules)
 GET /journey 200 in 760ms
 ✓ Compiled in 654ms (875 modules)
 GET /journey 200 in 747ms
 ✓ Compiled in 682ms (875 modules)
 GET /journey 200 in 1130ms
 ✓ Compiled in 651ms (875 modules)
 GET /journey 200 in 1151ms
 ✓ Compiled in 665ms (875 modules)
 ✓ Compiled in 802ms (875 modules)
 GET /journey 200 in 940ms
 ✓ Compiled in 675ms (875 modules)
 GET /journey 200 in 786ms
 ✓ Compiled in 823ms (875 modules)
 GET /journey 200 in 906ms
 ✓ Compiled in 669ms (875 modules)
 ✓ Compiled in 701ms (875 modules)
 GET /journey 200 in 1323ms
 ✓ Compiled in 1535ms (875 modules)
 GET /journey 200 in 1645ms
 ✓ Compiled in 784ms (875 modules)
 GET /journey 200 in 896ms
 ✓ Compiled in 776ms (875 modules)
 GET /journey 200 in 1495ms
 ✓ Compiled in 816ms (875 modules)
 ✓ Compiled in 673ms (875 modules)
 GET /journey 200 in 783ms
 ✓ Compiled in 663ms (875 modules)
 GET /journey 200 in 758ms
 ✓ Compiled in 637ms (875 modules)
 ✓ Compiled in 681ms (875 modules)
 GET /journey 200 in 1286ms
 ✓ Compiled in 691ms (875 modules)
 GET /journey 200 in 806ms
 ✓ Compiled in 672ms (875 modules)
 GET /journey 200 in 1139ms
 ✓ Compiled in 707ms (875 modules)
 GET /journey 200 in 1153ms
 ✓ Compiled in 648ms (875 modules)
 GET /journey 200 in 793ms
 ✓ Compiled in 667ms (875 modules)
 ✓ Compiled in 721ms (875 modules)
 GET /journey 200 in 830ms
 ✓ Compiled in 667ms (875 modules)
 GET /journey 200 in 766ms
 ✓ Compiled in 665ms (875 modules)
 GET /journey 200 in 1118ms
 ✓ Compiled in 663ms (875 modules)
 GET /journey 200 in 842ms
 ✓ Compiled in 702ms (875 modules)
 ✓ Compiled in 679ms (875 modules)
 GET /journey 200 in 862ms
 ✓ Compiled in 657ms (875 modules)
 GET /journey 200 in 762ms
 ✓ Compiled in 685ms (875 modules)
 GET /journey 200 in 1128ms
 ✓ Compiled in 640ms (875 modules)
 ✓ Compiled in 652ms (875 modules)
 GET /journey 200 in 1240ms
 ✓ Compiled in 784ms (875 modules)
 GET /journey 200 in 874ms
 ✓ Compiled in 684ms (875 modules)
 GET /journey 200 in 1123ms
 ✓ Compiled in 679ms (875 modules)
 GET /journey 200 in 1174ms
 ✓ Compiled in 694ms (875 modules)
 GET /journey 200 in 846ms
 ✓ Compiled in 719ms (875 modules)
 ✓ Compiled in 683ms (875 modules)
 GET /journey 200 in 809ms
 ✓ Compiled in 700ms (875 modules)
 GET /journey 200 in 796ms
 ✓ Compiled in 687ms (875 modules)
 GET /journey 200 in 1132ms
 ✓ Compiled in 632ms (875 modules)
 GET /journey 200 in 1144ms
 ✓ Compiled in 669ms (875 modules)
 ✓ Compiled in 682ms (875 modules)
 GET /journey 200 in 813ms
 ✓ Compiled in 658ms (875 modules)
 GET /journey 200 in 758ms
 ✓ Compiled in 669ms (875 modules)
 GET /journey 200 in 766ms
 ✓ Compiled in 647ms (875 modules)
 ✓ Compiled in 686ms (875 modules)
 GET /journey 200 in 1305ms
 ✓ Compiled in 824ms (875 modules)
 GET /journey 200 in 969ms
 ✓ Compiled in 955ms (875 modules)
 GET /journey 200 in 1499ms
 ✓ Compiled in 809ms (875 modules)
 GET /journey 200 in 1371ms
 ✓ Compiled in 826ms (875 modules)
 GET /journey 200 in 996ms
 ✓ Compiled in 836ms (875 modules)
 ✓ Compiled in 795ms (875 modules)
 GET /journey 200 in 918ms
 ✓ Compiled in 835ms (875 modules)
 GET /journey 200 in 941ms
 ✓ Compiled in 821ms (875 modules)
 GET /journey 200 in 1326ms
 ✓ Compiled in 730ms (875 modules)
 GET /journey 200 in 1176ms
 ✓ Compiled in 626ms (875 modules)
 GET /journey 200 in 777ms
 ✓ Compiled in 657ms (875 modules)
 ✓ Compiled in 669ms (875 modules)
 GET /journey 200 in 772ms
 ✓ Compiled in 684ms (875 modules)
 GET /journey 200 in 792ms
 ✓ Compiled in 737ms (875 modules)
 GET /journey 200 in 1194ms
 ✓ Compiled in 623ms (874 modules)
 GET /journey 200 in 1607ms
 ✓ Compiled in 1476ms (874 modules)
 ✓ Compiled in 786ms (874 modules)
 GET /journey 200 in 916ms
 ✓ Compiled in 699ms (874 modules)
 GET /journey 200 in 1176ms
 ✓ Compiled in 640ms (874 modules)
 GET /journey 200 in 1187ms
 ✓ Compiled in 668ms (874 modules)
 ✓ Compiled in 665ms (874 modules)
 GET /journey 200 in 824ms
 ✓ Compiled in 668ms (874 modules)
 GET /journey 200 in 1224ms
 ✓ Compiled in 744ms (874 modules)
 GET /journey 200 in 1245ms
 ✓ Compiled in 633ms (874 modules)
 ✓ Compiled in 649ms (874 modules)
 GET /journey 200 in 811ms
 ✓ Compiled in 657ms (874 modules)
 GET /journey 200 in 803ms
 ✓ Compiled in 687ms (874 modules)
 GET /journey 200 in 1172ms
 ✓ Compiled in 649ms (874 modules)
 ✓ Compiled in 651ms (874 modules)
 GET /journey 200 in 813ms
 ✓ Compiled in 671ms (874 modules)
 GET /journey 200 in 801ms
 ✓ Compiled in 668ms (874 modules)
 GET /journey 200 in 1130ms
 ✓ Compiled in 631ms (874 modules)
 GET /journey 200 in 876ms
 ✓ Compiled in 724ms (874 modules)
 ✓ Compiled in 658ms (874 modules)
 GET /journey 200 in 778ms
 ✓ Compiled in 657ms (874 modules)
 GET /journey 200 in 1122ms
 ✓ Compiled in 630ms (874 modules)
 ✓ Compiled in 665ms (874 modules)
 GET /journey 200 in 1270ms
 ✓ Compiled in 768ms (874 modules)
 GET /journey 200 in 1291ms
 ✓ Compiled in 715ms (874 modules)
 GET /journey 200 in 1209ms
 ✓ Compiled in 652ms (874 modules)
 ✓ Compiled in 689ms (874 modules)
 GET /journey 200 in 864ms
 ✓ Compiled in 678ms (874 modules)
 GET /journey 200 in 823ms
 ✓ Compiled in 738ms (874 modules)
 GET /journey 200 in 1272ms
 ✓ Compiled in 661ms (874 modules)
 ✓ Compiled in 643ms (874 modules)
 GET /journey 200 in 801ms
 ✓ Compiled in 647ms (874 modules)
 GET /journey 200 in 766ms
 ✓ Compiled in 680ms (874 modules)
 GET /journey 200 in 1196ms
 ✓ Compiled in 675ms (874 modules)
 GET /journey 200 in 784ms
 ✓ Compiled in 639ms (874 modules)
 ✓ Compiled in 664ms (874 modules)
 GET /journey 200 in 781ms
 ✓ Compiled in 679ms (874 modules)
 GET /journey 200 in 1150ms
 ✓ Compiled in 665ms (874 modules)
 GET /journey 200 in 1193ms
 ✓ Compiled in 661ms (874 modules)
 ✓ Compiled in 668ms (874 modules)
 GET /journey 200 in 842ms
 ✓ Compiled in 649ms (874 modules)
 GET /journey 200 in 1115ms
 ✓ Compiled in 626ms (874 modules)
 ✓ Compiled in 664ms (874 modules)
 GET /journey 200 in 1270ms
 ✓ Compiled in 685ms (874 modules)
 GET /journey 200 in 1155ms
 ✓ Compiled in 634ms (874 modules)
 ✓ Compiled in 647ms (874 modules)
 GET /journey 200 in 1245ms
 ✓ Compiled in 643ms (874 modules)
 GET /journey 200 in 1113ms
 ✓ Compiled in 657ms (874 modules)
 GET /journey 200 in 1170ms
 ✓ Compiled in 642ms (874 modules)
 ✓ Compiled in 744ms (874 modules)
 GET /journey 200 in 903ms
 ✓ Compiled in 666ms (874 modules)
 GET /journey 200 in 804ms
 ✓ Compiled in 712ms (874 modules)
 ✓ Compiled in 646ms (874 modules)
 GET /journey 200 in 1341ms
 ✓ Compiled in 649ms (874 modules)
 GET /journey 200 in 1789ms
 ✓ Compiled in 1454ms (874 modules)
 GET /journey 200 in 2073ms
 ✓ Compiled in 744ms (874 modules)
 ✓ Compiled in 717ms (874 modules)
 GET /journey 200 in 950ms
 ✓ Compiled in 749ms (874 modules)
 GET /journey 200 in 884ms
 ✓ Compiled in 687ms (874 modules)
 GET /journey 200 in 1141ms
 ✓ Compiled in 623ms (874 modules)
 GET /journey 200 in 795ms
 ✓ Compiled in 649ms (874 modules)
 ✓ Compiled in 679ms (874 modules)
 GET /journey 200 in 809ms
 ✓ Compiled in 792ms (874 modules)
 GET /journey 200 in 1262ms
 ✓ Compiled in 625ms (874 modules)
 GET /journey 200 in 1154ms
 ✓ Compiled in 657ms (874 modules)
 ✓ Compiled in 655ms (874 modules)
 GET /journey 200 in 817ms
 ✓ Compiled in 657ms (874 modules)
 GET /journey 200 in 1147ms
 ✓ Compiled in 712ms (874 modules)
 GET /journey 200 in 1204ms
 ✓ Compiled in 624ms (874 modules)
 ✓ Compiled in 656ms (874 modules)
 GET /journey 200 in 805ms
 ✓ Compiled in 788ms (874 modules)
 GET /journey 200 in 950ms
 ✓ Compiled in 823ms (874 modules)
 GET /journey 200 in 1298ms
 ✓ Compiled in 647ms (874 modules)
 ✓ Compiled in 651ms (874 modules)
 GET /journey 200 in 798ms
 ✓ Compiled in 681ms (874 modules)
 GET /journey 200 in 806ms
 ✓ Compiled in 655ms (874 modules)
 GET /journey 200 in 1134ms
 ✓ Compiled in 645ms (874 modules)
 GET /journey 200 in 873ms
 ✓ Compiled in 710ms (874 modules)
 ✓ Compiled in 726ms (874 modules)
 GET /journey 200 in 847ms
 ✓ Compiled in 732ms (874 modules)
 GET /journey 200 in 1247ms
 ✓ Compiled in 736ms (874 modules)
 GET /journey 200 in 1281ms
 ✓ Compiled in 709ms (874 modules)
 ✓ Compiled in 713ms (874 modules)
 GET /journey 200 in 923ms
 ✓ Compiled in 771ms (874 modules)
 GET /journey 200 in 1385ms
 ✓ Compiled in 833ms (874 modules)
 GET /journey 200 in 1515ms
 ✓ Compiled in 812ms (874 modules)
 ✓ Compiled in 695ms (874 modules)
 GET /journey 200 in 883ms
 ✓ Compiled in 651ms (874 modules)
 GET /journey 200 in 777ms
 ✓ Compiled in 656ms (874 modules)
 GET /journey 200 in 1120ms
 ✓ Compiled in 622ms (874 modules)
 ✓ Compiled in 667ms (874 modules)
 GET /journey 200 in 824ms
 ✓ Compiled in 746ms (874 modules)
 GET /journey 200 in 874ms
 ✓ Compiled in 648ms (874 modules)
 GET /journey 200 in 1120ms
 ✓ Compiled in 637ms (874 modules)
 GET /journey 200 in 799ms
 ✓ Compiled in 641ms (874 modules)
 ✓ Compiled in 643ms (874 modules)
 GET /journey 200 in 760ms
 ✓ Compiled in 676ms (874 modules)
 GET /journey 200 in 1159ms
 ✓ Compiled in 683ms (874 modules)
 GET /journey 200 in 1189ms
 ✓ Compiled in 652ms (874 modules)
 ✓ Compiled in 633ms (874 modules)
 GET /journey 200 in 798ms
 ✓ Compiled in 677ms (874 modules)
 GET /journey 200 in 809ms
 ✓ Compiled in 748ms (874 modules)
 GET /journey 200 in 1255ms
 ✓ Compiled in 629ms (874 modules)
 ✓ Compiled in 657ms (874 modules)
 GET /journey 200 in 814ms
 ✓ Compiled in 663ms (874 modules)
 GET /journey 200 in 801ms
 ✓ Compiled in 654ms (874 modules)
 GET /journey 200 in 1117ms
 ✓ Compiled in 642ms (874 modules)
 GET /journey 200 in 1373ms
 ✓ Compiled in 1217ms (874 modules)
 ✓ Compiled in 747ms (874 modules)
 GET /journey 200 in 869ms
 ✓ Compiled in 690ms (874 modules)
 GET /journey 200 in 1164ms
 ✓ Compiled in 679ms (874 modules)
 GET /journey 200 in 1220ms
 ✓ Compiled in 662ms (874 modules)
 ✓ Compiled in 655ms (874 modules)
 GET /journey 200 in 821ms
 ✓ Compiled in 662ms (874 modules)
 GET /journey 200 in 1134ms
 ✓ Compiled in 637ms (874 modules)
 ✓ Compiled in 673ms (874 modules)
 GET /journey 200 in 1293ms
 ✓ Compiled in 694ms (874 modules)
 GET /journey 200 in 1155ms
 ✓ Compiled in 624ms (874 modules)
 ✓ Compiled in 687ms (874 modules)
 GET /journey 200 in 1282ms
 ✓ Compiled in 676ms (874 modules)
 GET /journey 200 in 1156ms
 ✓ Compiled in 673ms (874 modules)
 GET /journey 200 in 1184ms
 ✓ Compiled in 638ms (874 modules)
 ✓ Compiled in 656ms (874 modules)
 GET /journey 200 in 816ms
 ✓ Compiled in 688ms (874 modules)
 GET /journey 200 in 819ms
 ✓ Compiled in 661ms (874 modules)
 GET /journey 200 in 1134ms
 ✓ Compiled in 628ms (874 modules)
 GET /journey 200 in 829ms
 ✓ Compiled in 685ms (874 modules)
 ✓ Compiled in 653ms (874 modules)
 GET /journey 200 in 779ms
 ✓ Compiled in 660ms (874 modules)
 GET /journey 200 in 1124ms
 ✓ Compiled in 630ms (874 modules)
 GET /journey 200 in 1209ms
 ✓ Compiled in 701ms (874 modules)
 ✓ Compiled in 702ms (874 modules)
 GET /journey 200 in 823ms
 ✓ Compiled in 671ms (874 modules)
 GET /journey 200 in 1143ms
 ✓ Compiled in 634ms (874 modules)
 ✓ Compiled in 631ms (874 modules)
 GET /journey 200 in 1236ms
 ✓ Compiled in 709ms (874 modules)
 GET /journey 200 in 1251ms
 ✓ Compiled in 729ms (874 modules)
 GET /journey 200 in 1240ms
 ✓ Compiled in 648ms (874 modules)
 ✓ Compiled in 644ms (874 modules)
 GET /journey 200 in 805ms
 ✓ Compiled in 663ms (874 modules)
 GET /journey 200 in 790ms
 ✓ Compiled in 671ms (874 modules)
 GET /journey 200 in 1209ms
 ✓ Compiled in 695ms (874 modules)
 ✓ Compiled in 701ms (874 modules)
 GET /journey 200 in 848ms
 ✓ Compiled in 677ms (874 modules)
 GET /journey 200 in 820ms
 ✓ Compiled in 648ms (874 modules)
 GET /journey 200 in 1117ms
 ✓ Compiled in 640ms (874 modules)
 GET /journey 200 in 863ms
 ✓ Compiled in 706ms (874 modules)
 ✓ Compiled in 646ms (874 modules)
 GET /journey 200 in 770ms
 ✓ Compiled in 648ms (874 modules)
 GET /journey 200 in 1126ms
 ✓ Compiled in 638ms (874 modules)
 GET /journey 200 in 1174ms
 ✓ Compiled in 657ms (874 modules)
 ✓ Compiled in 657ms (874 modules)
 GET /journey 200 in 828ms
 ✓ Compiled in 644ms (874 modules)
 GET /journey 200 in 1111ms
 ✓ Compiled in 665ms (874 modules)
 GET /journey 200 in 1166ms
 ✓ Compiled in 634ms (874 modules)
 ✓ Compiled in 638ms (874 modules)
 GET /journey 200 in 798ms
 ✓ Compiled in 721ms (874 modules)
 GET /journey 200 in 880ms
 ✓ Compiled in 681ms (874 modules)
 ✓ Compiled in 632ms (874 modules)
 GET /journey 200 in 1294ms
 ✓ Compiled in 643ms (874 modules)
 GET /journey 200 in 1123ms
 ✓ Compiled in 1354ms (874 modules)
 GET /journey 200 in 2139ms
 ✓ Compiled in 916ms (874 modules)
 ✓ Compiled in 761ms (874 modules)
 GET /journey 200 in 1068ms
 ✓ Compiled in 717ms (874 modules)
 GET /journey 200 in 869ms
 ✓ Compiled in 708ms (874 modules)
 GET /journey 200 in 1242ms
 ✓ Compiled in 683ms (874 modules)
 GET /journey 200 in 823ms
 ✓ Compiled in 673ms (874 modules)
 ✓ Compiled in 655ms (874 modules)
 GET /journey 200 in 773ms
 ✓ Compiled in 707ms (874 modules)
 GET /journey 200 in 1201ms
 ✓ Compiled in 657ms (874 modules)
 GET /journey 200 in 1242ms
 ✓ Compiled in 709ms (874 modules)
 ✓ Compiled in 645ms (874 modules)
 GET /journey 200 in 821ms
 ✓ Compiled in 693ms (874 modules)
 GET /journey 200 in 1148ms
 ✓ Compiled in 666ms (874 modules)
 GET /journey 200 in 1192ms
 ✓ Compiled in 656ms (874 modules)
 ✓ Compiled in 699ms (874 modules)
 GET /journey 200 in 860ms
 ✓ Compiled in 682ms (874 modules)
 GET /journey 200 in 819ms
 ✓ Compiled in 667ms (874 modules)
 GET /journey 200 in 1126ms
 ✓ Compiled in 624ms (874 modules)
 ✓ Compiled in 698ms (874 modules)
 GET /journey 200 in 856ms
 ✓ Compiled in 674ms (874 modules)
 GET /journey 200 in 819ms
 ✓ Compiled in 662ms (874 modules)
 GET /journey 200 in 1155ms
 ✓ Compiled in 652ms (874 modules)
 GET /journey 200 in 810ms
 ✓ Compiled in 650ms (874 modules)
 ✓ Compiled in 678ms (874 modules)
 GET /journey 200 in 790ms
 ✓ Compiled in 723ms (874 modules)
 GET /journey 200 in 1195ms
 ✓ Compiled in 692ms (874 modules)
 GET /journey 200 in 1188ms
 ✓ Compiled in 626ms (874 modules)
 ✓ Compiled in 654ms (874 modules)
 GET /journey 200 in 803ms
 ✓ Compiled in 677ms (874 modules)
 GET /journey 200 in 814ms
 ✓ Compiled in 747ms (874 modules)
 GET /journey 200 in 1222ms
 ✓ Compiled in 635ms (874 modules)
 ✓ Compiled in 661ms (874 modules)
 GET /journey 200 in 812ms
 ✓ Compiled in 648ms (874 modules)
 GET /journey 200 in 774ms
 ✓ Compiled in 657ms (874 modules)
 GET /journey 200 in 1153ms
 ✓ Compiled in 679ms (874 modules)
 GET /journey 200 in 889ms
 ✓ Compiled in 704ms (874 modules)
 ✓ Compiled in 642ms (874 modules)
 GET /journey 200 in 768ms
 ✓ Compiled in 662ms (874 modules)
 GET /journey 200 in 1136ms
 ✓ Compiled in 629ms (874 modules)
 GET /journey 200 in 829ms
 ✓ Compiled in 687ms (874 modules)
 ✓ Compiled in 644ms (874 modules)
 GET /journey 200 in 767ms
 ✓ Compiled in 692ms (874 modules)
 GET /journey 200 in 1160ms
 ✓ Compiled in 630ms (874 modules)
 GET /journey 200 in 1156ms
 ✓ Compiled in 647ms (874 modules)
 ✓ Compiled in 687ms (874 modules)
 GET /journey 200 in 847ms
 ✓ Compiled in 662ms (874 modules)
 GET /journey 200 in 1142ms
 ✓ Compiled in 663ms (874 modules)
 GET /journey 200 in 1163ms
 ✓ Compiled in 636ms (874 modules)
 ✓ Compiled in 656ms (874 modules)
 GET /journey 200 in 817ms
 ✓ Compiled in 680ms (874 modules)
 GET /journey 200 in 807ms
 ✓ Compiled in 652ms (874 modules)
 GET /journey 200 in 1125ms
 ✓ Compiled in 632ms (874 modules)
 GET /journey 200 in 807ms
 ✓ Compiled in 659ms (874 modules)
 ✓ Compiled in 810ms (874 modules)
 GET /journey 200 in 1456ms
 ✓ Compiled in 1226ms (874 modules)
 GET /journey 200 in 1404ms
 ✓ Compiled in 752ms (874 modules)
 GET /journey 200 in 1283ms
 ✓ Compiled in 673ms (874 modules)
 ✓ Compiled in 696ms (874 modules)
 GET /journey 200 in 879ms
 ✓ Compiled in 734ms (874 modules)
 GET /journey 200 in 1212ms
 ✓ Compiled in 647ms (874 modules)
 ✓ Compiled in 697ms (874 modules)
 GET /journey 200 in 1301ms
 ✓ Compiled in 663ms (874 modules)
 GET /journey 200 in 779ms
 ✓ Compiled in 683ms (874 modules)
 GET /journey 200 in 1310ms
 ✓ Compiled in 793ms (874 modules)
 ✓ Compiled in 711ms (874 modules)
 GET /journey 200 in 863ms
 ✓ Compiled in 650ms (874 modules)
 GET /journey 200 in 777ms
 ✓ Compiled in 649ms (874 modules)
 GET /journey 200 in 1144ms
 ✓ Compiled in 654ms (874 modules)
 GET /journey 200 in 829ms
 ✓ Compiled in 674ms (874 modules)
 ✓ Compiled in 691ms (874 modules)
 GET /journey 200 in 808ms
 ✓ Compiled in 677ms (874 modules)
 GET /journey 200 in 1175ms
 ✓ Compiled in 697ms (874 modules)
 GET /journey 200 in 1207ms
 ✓ Compiled in 651ms (874 modules)
 ✓ Compiled in 685ms (874 modules)
 GET /journey 200 in 841ms
 ✓ Compiled in 688ms (874 modules)
 GET /journey 200 in 814ms
 ✓ Compiled in 656ms (874 modules)
 GET /journey 200 in 1136ms
 ✓ Compiled in 646ms (874 modules)
 ✓ Compiled in 674ms (874 modules)
 GET /journey 200 in 830ms
 ✓ Compiled in 675ms (874 modules)
 GET /journey 200 in 812ms
 ✓ Compiled in 683ms (874 modules)
 GET /journey 200 in 1161ms
 ✓ Compiled in 639ms (874 modules)
 GET /journey 200 in 819ms
 ✓ Compiled in 670ms (874 modules)
 ✓ Compiled in 784ms (874 modules)
 GET /journey 200 in 935ms
 ✓ Compiled in 932ms (874 modules)
 GET /journey 200 in 1479ms
 ✓ Compiled in 738ms (874 modules)
 GET /journey 200 in 875ms
 ✓ Compiled in 700ms (874 modules)
 ✓ Compiled in 818ms (874 modules)
 GET /journey 200 in 990ms
 ✓ Compiled in 817ms (874 modules)
 GET /journey 200 in 1447ms
 ✓ Compiled in 878ms (874 modules)
 GET /journey 200 in 1443ms
 ✓ Compiled in 737ms (874 modules)
 ✓ Compiled in 668ms (874 modules)
 GET /journey 200 in 865ms
 ✓ Compiled in 652ms (874 modules)
 GET /journey 200 in 776ms
 ✓ Compiled in 687ms (874 modules)
 GET /journey 200 in 1172ms
 ✓ Compiled in 643ms (874 modules)
 ✓ Compiled in 642ms (874 modules)
 GET /journey 200 in 793ms
 ✓ Compiled in 662ms (874 modules)
 GET /journey 200 in 780ms
 ✓ Compiled in 652ms (874 modules)
 GET /journey 200 in 1148ms
 ✓ Compiled in 665ms (874 modules)
 GET /journey 200 in 807ms
 ✓ Compiled in 656ms (874 modules)
 ✓ Compiled in 651ms (874 modules)
 GET /journey 200 in 770ms
 ✓ Compiled in 688ms (874 modules)
 GET /journey 200 in 1174ms
 ✓ Compiled in 673ms (874 modules)
 GET /journey 200 in 1168ms
 ✓ Compiled in 640ms (874 modules)
 ✓ Compiled in 776ms (874 modules)
 GET /journey 200 in 947ms
 ✓ Compiled in 657ms (874 modules)
 GET /journey 200 in 767ms
 ✓ Compiled in 676ms (874 modules)
 GET /journey 200 in 1203ms
 ✓ Compiled in 647ms (874 modules)
 ✓ Compiled in 1455ms (874 modules)
 GET /journey 200 in 1624ms
 ✓ Compiled in 798ms (874 modules)
 GET /journey 200 in 933ms
 ✓ Compiled in 730ms (874 modules)
 GET /journey 200 in 1211ms
 ✓ Compiled in 672ms (874 modules)
 GET /journey 200 in 888ms
 ✓ Compiled in 720ms (874 modules)
 ✓ Compiled in 711ms (874 modules)
 GET /journey 200 in 834ms
 ✓ Compiled in 681ms (874 modules)
 GET /journey 200 in 1163ms
 ✓ Compiled in 639ms (874 modules)
 GET /journey 200 in 1182ms
 ✓ Compiled in 673ms (874 modules)
 ✓ Compiled in 671ms (874 modules)
 GET /journey 200 in 839ms
 ✓ Compiled in 676ms (874 modules)
 GET /journey 200 in 1172ms
 ✓ Compiled in 684ms (874 modules)
 GET /journey 200 in 1183ms
 ✓ Compiled in 640ms (874 modules)
 ✓ Compiled in 665ms (874 modules)
 GET /journey 200 in 819ms
 ✓ Compiled in 668ms (874 modules)
 GET /journey 200 in 803ms
 ✓ Compiled in 684ms (874 modules)
 GET /journey 200 in 1160ms
 ✓ Compiled in 662ms (874 modules)
 ✓ Compiled in 667ms (874 modules)
 GET /journey 200 in 847ms
 ✓ Compiled in 676ms (874 modules)
 GET /journey 200 in 825ms
 ✓ Compiled in 766ms (874 modules)
 GET /journey 200 in 1238ms
 ✓ Compiled in 635ms (874 modules)
 GET /journey 200 in 998ms
 ✓ Compiled in 852ms (874 modules)
 ✓ Compiled in 755ms (874 modules)
 GET /journey 200 in 896ms
 ✓ Compiled in 701ms (874 modules)
 GET /journey 200 in 1214ms
 ✓ Compiled in 694ms (874 modules)
 GET /journey 200 in 1253ms
 ✓ Compiled in 678ms (874 modules)
 ✓ Compiled in 671ms (874 modules)
 GET /journey 200 in 845ms
 ✓ Compiled in 657ms (874 modules)
 GET /journey 200 in 1185ms
 ✓ Compiled in 722ms (874 modules)
 GET /journey 200 in 1225ms
 ✓ Compiled in 637ms (874 modules)
 ✓ Compiled in 661ms (874 modules)
 GET /journey 200 in 813ms
 ✓ Compiled in 681ms (874 modules)
 GET /journey 200 in 806ms
 ○ Compiling /_error ...
 ✓ Compiled /_error in 1758ms (1950 modules)
 GET /journey 500 in 2292ms
 ✓ Compiled in 711ms (875 modules)
 GET /journey 200 in 938ms
 ✓ Compiled in 818ms (875 modules)
 ✓ Compiled in 670ms (875 modules)
 GET /journey 200 in 770ms
 ✓ Compiled in 696ms (875 modules)
 GET /journey 200 in 798ms
 ✓ Compiled in 680ms (875 modules)
 GET /journey 200 in 1150ms
 ✓ Compiled in 710ms (875 modules)
 GET /journey 200 in 1168ms
 ✓ Compiled in 660ms (875 modules)
 GET /journey 200 in 801ms
 ✓ Compiled in 681ms (875 modules)
 ✓ Compiled in 677ms (875 modules)
 GET /journey 200 in 784ms
 ✓ Compiled in 731ms (875 modules)
 GET /journey 200 in 823ms
 ✓ Compiled in 681ms (875 modules)
 GET /journey 200 in 1144ms
 ✓ Compiled in 690ms (875 modules)
 GET /journey 200 in 1131ms
 ✓ Compiled in 657ms (875 modules)
 GET /journey 200 in 822ms
 ✓ Compiled in 695ms (875 modules)
 ✓ Compiled in 778ms (875 modules)
 GET /journey 200 in 884ms
 ✓ Compiled in 717ms (875 modules)
 GET /journey 200 in 821ms
 ✓ Compiled in 733ms (875 modules)
 GET /journey 200 in 1196ms
 ✓ Compiled in 654ms (875 modules)
 GET /journey 200 in 1193ms
 ✓ Compiled in 703ms (875 modules)
 ✓ Compiled in 1564ms (875 modules)
 GET /journey 200 in 1729ms
 ✓ Compiled in 771ms (875 modules)
 GET /journey 200 in 874ms
 ✓ Compiled in 730ms (875 modules)
 GET /journey 200 in 834ms
 ✓ Compiled in 692ms (875 modules)
 GET /journey 200 in 1310ms
 ✓ Compiled in 687ms (875 modules)
 ✓ Compiled in 694ms (875 modules)
 GET /journey 200 in 803ms
 ✓ Compiled in 674ms (875 modules)
 GET /journey 200 in 770ms
 ✓ Compiled in 687ms (875 modules)
 ✓ Compiled in 705ms (875 modules)
 GET /journey 200 in 1345ms
 ✓ Compiled in 700ms (875 modules)
 GET /journey 200 in 813ms
 ✓ Compiled in 684ms (875 modules)
 GET /journey 200 in 1144ms
 ✓ Compiled in 675ms (875 modules)
 GET /journey 200 in 1156ms
 ✓ Compiled in 680ms (875 modules)
 GET /journey 200 in 888ms
 ✓ Compiled in 751ms (875 modules)
 ✓ Compiled in 671ms (875 modules)
 GET /journey 200 in 776ms
 ✓ Compiled in 708ms (875 modules)
 GET /journey 200 in 804ms
 ✓ Compiled in 678ms (875 modules)
 GET /journey 200 in 1154ms
 ✓ Compiled in 672ms (875 modules)
 GET /journey 200 in 1223ms
 ✓ Compiled in 714ms (875 modules)
 ✓ Compiled in 691ms (875 modules)
 GET /journey 200 in 839ms
 ✓ Compiled in 709ms (875 modules)
 GET /journey 200 in 821ms
 ✓ Compiled in 694ms (875 modules)
 GET /journey 200 in 797ms
 ✓ Compiled in 768ms (875 modules)
 GET /journey 200 in 1229ms
 ✓ Compiled in 661ms (875 modules)
 GET /journey 200 in 825ms
 ✓ Compiled in 706ms (875 modules)
 ✓ Compiled in 701ms (875 modules)
 GET /journey 200 in 863ms
 ✓ Compiled in 673ms (875 modules)
 GET /journey 200 in 784ms
 ✓ Compiled in 697ms (875 modules)
 GET /journey 200 in 1172ms
 ✓ Compiled in 698ms (875 modules)
 GET /journey 200 in 1173ms
 ✓ Compiled in 692ms (875 modules)
 GET /journey 200 in 883ms
 ✓ Compiled in 746ms (875 modules)
 ✓ Compiled in 725ms (875 modules)
 GET /journey 200 in 842ms
 ✓ Compiled in 740ms (875 modules)
 GET /journey 200 in 838ms
 ✓ Compiled in 693ms (875 modules)
 GET /journey 200 in 1172ms
 ✓ Compiled in 685ms (875 modules)
 GET /journey 200 in 849ms
 ✓ Compiled in 704ms (875 modules)
 ✓ Compiled in 691ms (875 modules)
 GET /journey 200 in 843ms
 ✓ Compiled in 786ms (875 modules)
 GET /journey 200 in 876ms
 ✓ Compiled in 688ms (875 modules)
 GET /journey 200 in 1172ms
 ✓ Compiled in 713ms (875 modules)
 GET /journey 200 in 1159ms
 ✓ Compiled in 650ms (875 modules)
 GET /journey 200 in 821ms
 ✓ Compiled in 693ms (875 modules)
 ✓ Compiled in 705ms (875 modules)
 GET /journey 200 in 848ms
 ✓ Compiled in 672ms (875 modules)
 GET /journey 200 in 780ms
 ✓ Compiled in 685ms (875 modules)
 GET /journey 200 in 1154ms
 ✓ Compiled in 701ms (875 modules)
 GET /journey 200 in 1151ms
 ✓ Compiled in 664ms (875 modules)
 GET /journey 200 in 843ms
 ✓ Compiled in 708ms (875 modules)
 ✓ Compiled in 671ms (875 modules)
 GET /journey 200 in 772ms
 ✓ Compiled in 710ms (875 modules)
 GET /journey 200 in 804ms
 ✓ Compiled in 664ms (875 modules)
 GET /journey 200 in 1118ms
 ✓ Compiled in 720ms (875 modules)
 GET /journey 200 in 1251ms
 ✓ Compiled in 691ms (875 modules)
 GET /journey 200 in 1721ms
 ✓ Compiled in 1564ms (875 modules)
 ✓ Compiled in 785ms (875 modules)
 GET /journey 200 in 906ms
 ✓ Compiled in 764ms (875 modules)
 GET /journey 200 in 866ms
 ✓ Compiled in 688ms (875 modules)
 ✓ Compiled in 684ms (875 modules)
 GET /journey 200 in 1337ms
 ✓ Compiled in 702ms (875 modules)
 GET /journey 200 in 799ms
 ✓ Compiled in 722ms (875 modules)
 GET /journey 200 in 1217ms
 ✓ Compiled in 724ms (875 modules)
 GET /journey 200 in 1158ms
 ✓ Compiled in 654ms (875 modules)
 GET /journey 200 in 827ms
 ✓ Compiled in 687ms (875 modules)
 ✓ Compiled in 691ms (875 modules)
 GET /journey 200 in 811ms
 ✓ Compiled in 697ms (875 modules)
 GET /journey 200 in 814ms
 ✓ Compiled in 804ms (875 modules)
 GET /journey 200 in 1324ms
 ✓ Compiled in 919ms (875 modules)
 GET /journey 200 in 1439ms
 ✓ Compiled in 736ms (875 modules)
 GET /journey 200 in 823ms
 ✓ Compiled in 698ms (875 modules)
 ✓ Compiled in 735ms (875 modules)
 GET /journey 200 in 865ms
 ✓ Compiled in 810ms (875 modules)
 GET /journey 200 in 905ms
 ✓ Compiled in 864ms (875 modules)
 GET /journey 200 in 2019ms
 ✓ Compiled in 1468ms (875 modules)
 GET /journey 200 in 2278ms
 ✓ Compiled in 1037ms (875 modules)
 ✓ Compiled in 797ms (875 modules)
 GET /journey 200 in 947ms
 ✓ Compiled in 1190ms (875 modules)
 GET /journey 200 in 1352ms
 ✓ Compiled in 1402ms (875 modules)
 GET /journey 200 in 1542ms
 ✓ Compiled in 934ms (875 modules)
 GET /journey 200 in 1864ms
 ✓ Compiled in 1222ms (875 modules)
 GET /journey 200 in 1264ms
 ✓ Compiled in 1037ms (875 modules)
 ✓ Compiled in 802ms (875 modules)
 GET /journey 200 in 975ms
 ✓ Compiled in 789ms (875 modules)
 GET /journey 200 in 885ms
 ✓ Compiled in 1013ms (875 modules)
 GET /journey 200 in 1591ms
 ✓ Compiled in 813ms (875 modules)
 GET /journey 200 in 1513ms
 ✓ Compiled in 1028ms (875 modules)
 GET /journey 200 in 1391ms
 ✓ Compiled in 1148ms (875 modules)
 ✓ Compiled in 1045ms (875 modules)
 GET /journey 200 in 1371ms
 ✓ Compiled in 1039ms (875 modules)
 GET /journey 200 in 1283ms
 ✓ Compiled in 1265ms (875 modules)
 GET /journey 200 in 1932ms
 ✓ Compiled in 950ms (875 modules)
 GET /journey 200 in 1680ms
 ✓ Compiled in 920ms (875 modules)
 ✓ Compiled in 900ms (875 modules)
 GET /journey 200 in 1066ms
 ✓ Compiled in 969ms (875 modules)
 GET /journey 200 in 1103ms
 ✓ Compiled in 978ms (875 modules)
 GET /journey 200 in 1095ms
 ✓ Compiled in 936ms (875 modules)
 GET /journey 200 in 1570ms
 ✓ Compiled in 863ms (875 modules)
 GET /journey 200 in 1091ms
 ✓ Compiled in 941ms (875 modules)
 ✓ Compiled in 941ms (875 modules)
 GET /journey 200 in 1120ms
 ✓ Compiled in 968ms (875 modules)
 GET /journey 200 in 1089ms
 ✓ Compiled in 1112ms (875 modules)
 GET /journey 200 in 1768ms
 ✓ Compiled in 929ms (875 modules)
 GET /journey 200 in 1543ms
 ✓ Compiled in 828ms (875 modules)
 GET /journey 200 in 993ms
 ✓ Compiled in 872ms (875 modules)
 ✓ Compiled in 1175ms (875 modules)
 GET /journey 200 in 1306ms
 ✓ Compiled in 1104ms (875 modules)
 GET /journey 200 in 1266ms
 ✓ Compiled in 1052ms (875 modules)
 GET /journey 200 in 2729ms
 ✓ Compiled in 2.2s (875 modules)
 GET /journey 200 in 2110ms
 ✓ Compiled in 947ms (875 modules)
 GET /journey 200 in 1183ms
 ✓ Compiled in 963ms (875 modules)
 ✓ Compiled in 963ms (875 modules)
 GET /journey 200 in 1105ms
 ✓ Compiled in 902ms (875 modules)
 GET /journey 200 in 1008ms
 ✓ Compiled in 887ms (875 modules)
 GET /journey 200 in 1531ms
 ✓ Compiled in 869ms (875 modules)
 GET /journey 200 in 1376ms
 ✓ Compiled in 1238ms (875 modules)
 ✓ Compiled in 895ms (875 modules)
 GET /journey 200 in 1129ms
 ✓ Compiled in 891ms (875 modules)
 GET /journey 200 in 1020ms
 ✓ Compiled in 1005ms (875 modules)
 GET /journey 200 in 1731ms
 ✓ Compiled in 970ms (875 modules)
 GET /journey 200 in 1734ms
 ✓ Compiled in 965ms (875 modules)
 GET /journey 200 in 1062ms
 ✓ Compiled in 922ms (875 modules)
 ✓ Compiled in 862ms (875 modules)
 GET /journey 200 in 988ms
 ✓ Compiled in 909ms (875 modules)
 GET /journey 200 in 1014ms
 ✓ Compiled in 814ms (875 modules)
 ✓ Compiled in 850ms (875 modules)
 GET /journey 200 in 1605ms
 ✓ Compiled in 816ms (875 modules)
 GET /journey 200 in 934ms
 ✓ Compiled in 848ms (875 modules)
 GET /journey 200 in 1022ms
 ✓ Compiled in 1094ms (875 modules)
 GET /journey 200 in 1938ms
 ✓ Compiled in 1102ms (875 modules)
 GET /journey 200 in 1009ms
 ✓ Compiled in 871ms (875 modules)
 ✓ Compiled in 1010ms (875 modules)
 GET /journey 200 in 1154ms
 ✓ Compiled in 867ms (874 modules)
 GET /journey 200 in 1492ms
 ✓ Compiled in 888ms (874 modules)
 GET /journey 200 in 1538ms
 ✓ Compiled in 797ms (874 modules)
 ✓ Compiled in 939ms (874 modules)
 GET /journey 200 in 1104ms
 ✓ Compiled in 822ms (874 modules)
 GET /journey 200 in 944ms
 ✓ Compiled in 875ms (874 modules)
 GET /journey 200 in 1549ms
 ✓ Compiled in 830ms (874 modules)
 ✓ Compiled in 883ms (874 modules)
 GET /journey 200 in 1085ms
 ✓ Compiled in 901ms (874 modules)
 GET /journey 200 in 1037ms
 ✓ Compiled in 854ms (874 modules)
 GET /journey 200 in 1453ms
 ✓ Compiled in 785ms (874 modules)
 ✓ Compiled in 909ms (874 modules)
 GET /journey 200 in 1084ms
 ✓ Compiled in 795ms (874 modules)
 GET /journey 200 in 945ms
 ✓ Compiled in 880ms (874 modules)
 GET /journey 200 in 1453ms
 ✓ Compiled in 750ms (874 modules)
 GET /journey 200 in 1079ms
 ✓ Compiled in 927ms (874 modules)
 ✓ Compiled in 871ms (874 modules)
 GET /journey 200 in 996ms
 ✓ Compiled in 792ms (874 modules)
 GET /journey 200 in 1364ms
 ✓ Compiled in 763ms (874 modules)
 GET /journey 200 in 1433ms
 ✓ Compiled in 823ms (874 modules)
 ✓ Compiled in 760ms (874 modules)
 GET /journey 200 in 935ms
 ✓ Compiled in 805ms (874 modules)
 GET /journey 200 in 938ms
 ✓ Compiled in 821ms (874 modules)
 GET /journey 200 in 1570ms
 ✓ Compiled in 915ms (874 modules)
 ✓ Compiled in 784ms (874 modules)
 GET /journey 200 in 948ms
 ✓ Compiled in 911ms (874 modules)
 GET /journey 200 in 1051ms
 ✓ Compiled in 764ms (874 modules)
 GET /journey 200 in 1371ms
 ✓ Compiled in 780ms (874 modules)
 GET /journey 200 in 913ms
 ✓ Compiled in 771ms (874 modules)
 ✓ Compiled in 1039ms (874 modules)
 GET /journey 200 in 1662ms
 ✓ Compiled in 1052ms (874 modules)
 GET /journey 200 in 1652ms
 ✓ Compiled in 881ms (874 modules)
 GET /journey 200 in 1586ms
 ✓ Compiled in 843ms (874 modules)
 ✓ Compiled in 854ms (874 modules)
 GET /journey 200 in 1032ms
 ✓ Compiled in 794ms (874 modules)
 GET /journey 200 in 1410ms
 ✓ Compiled in 815ms (874 modules)
 GET /journey 200 in 1458ms
 ✓ Compiled in 771ms (874 modules)
 ✓ Compiled in 830ms (874 modules)
 GET /journey 200 in 989ms
 ✓ Compiled in 777ms (874 modules)
 GET /journey 200 in 917ms
 ✓ Compiled in 809ms (874 modules)
 GET /journey 200 in 1433ms
 ✓ Compiled in 776ms (874 modules)
 GET /journey 200 in 963ms
 ✓ Compiled in 804ms (874 modules)
 ✓ Compiled in 792ms (874 modules)
 GET /journey 200 in 921ms
 ✓ Compiled in 828ms (874 modules)
 GET /journey 200 in 1452ms
 ✓ Compiled in 792ms (874 modules)
 GET /journey 200 in 1001ms
 ✓ Compiled in 857ms (874 modules)
 ✓ Compiled in 829ms (874 modules)
 GET /journey 200 in 1038ms
 ✓ Compiled in 961ms (874 modules)
 GET /journey 200 in 1587ms
 ✓ Compiled in 803ms (874 modules)
 ✓ Compiled in 892ms (874 modules)
 GET /journey 200 in 1646ms
 ✓ Compiled in 785ms (874 modules)
 GET /journey 200 in 1407ms
 ✓ Compiled in 813ms (874 modules)
 GET /journey 200 in 1442ms
 ✓ Compiled in 755ms (874 modules)
 ✓ Compiled in 815ms (874 modules)
 GET /journey 200 in 976ms
 ✓ Compiled in 906ms (874 modules)
 GET /journey 200 in 1033ms
 ✓ Compiled in 804ms (874 modules)
 ✓ Compiled in 769ms (874 modules)
 GET /journey 200 in 1555ms
 ✓ Compiled in 817ms (874 modules)
 GET /journey 200 in 942ms
 ✓ Compiled in 763ms (874 modules)
 GET /journey 200 in 1559ms
 ✓ Compiled in 909ms (874 modules)
 ✓ Compiled in 773ms (874 modules)
 GET /journey 200 in 931ms
 ✓ Compiled in 909ms (874 modules)
 GET /journey 200 in 1041ms
 ✓ Compiled in 794ms (874 modules)
 GET /journey 200 in 1381ms
 ✓ Compiled in 744ms (874 modules)
 GET /journey 200 in 905ms
 ✓ Compiled in 767ms (874 modules)
 ✓ Compiled in 787ms (874 modules)
 GET /journey 200 in 903ms
 ✓ Compiled in 859ms (874 modules)
 GET /journey 200 in 1454ms
 ✓ Compiled in 762ms (874 modules)
 GET /journey 200 in 1428ms
 ✓ Compiled in 786ms (874 modules)
 ✓ Compiled in 815ms (874 modules)
 GET /journey 200 in 981ms
 ✓ Compiled in 833ms (874 modules)
 GET /journey 200 in 1409ms
 ✓ Compiled in 740ms (874 modules)
 ✓ Compiled in 747ms (874 modules)
 GET /journey 200 in 1457ms
 ✓ Compiled in 771ms (874 modules)
 GET /journey 200 in 1389ms
 ✓ Compiled in 833ms (874 modules)
 GET /journey 200 in 1450ms
 ✓ Compiled in 755ms (874 modules)
 ✓ Compiled in 786ms (874 modules)
 GET /journey 200 in 938ms
 ✓ Compiled in 764ms (874 modules)
 GET /journey 200 in 899ms
 ✓ Compiled in 787ms (874 modules)
 GET /journey 200 in 1410ms
 ✓ Compiled in 788ms (874 modules)
 GET /journey 200 in 1031ms
 ✓ Compiled in 877ms (874 modules)
 ✓ Compiled in 787ms (874 modules)
 GET /journey 200 in 930ms
 ✓ Compiled in 928ms (874 modules)
 GET /journey 200 in 2281ms
 ✓ Compiled in 1660ms (874 modules)
 GET /journey 200 in 1183ms
 ✓ Compiled in 870ms (874 modules)
 ✓ Compiled in 835ms (874 modules)
 GET /journey 200 in 958ms
 ✓ Compiled in 889ms (874 modules)
 GET /journey 200 in 1504ms
 ✓ Compiled in 801ms (874 modules)
 GET /journey 200 in 1427ms
 ✓ Compiled in 761ms (874 modules)
 ✓ Compiled in 794ms (874 modules)
 GET /journey 200 in 977ms
 ✓ Compiled in 876ms (874 modules)
 GET /journey 200 in 1466ms
 ✓ Compiled in 783ms (874 modules)
 GET /journey 200 in 1417ms
 ✓ Compiled in 759ms (874 modules)
 ✓ Compiled in 769ms (874 modules)
 GET /journey 200 in 935ms
 ✓ Compiled in 823ms (874 modules)
 GET /journey 200 in 973ms
 ✓ Compiled in 925ms (874 modules)
 GET /journey 200 in 1502ms
 ✓ Compiled in 748ms (874 modules)
 GET /journey 200 in 1006ms
 ✓ Compiled in 854ms (874 modules)
 ✓ Compiled in 875ms (874 modules)
 GET /journey 200 in 994ms
 ✓ Compiled in 799ms (874 modules)
 GET /journey 200 in 1396ms
 ✓ Compiled in 760ms (874 modules)
 GET /journey 200 in 1410ms
 ✓ Compiled in 772ms (874 modules)
 ✓ Compiled in 836ms (874 modules)
 GET /journey 200 in 998ms
 ✓ Compiled in 785ms (874 modules)
 GET /journey 200 in 1350ms
 ✓ Compiled in 740ms (874 modules)
 ✓ Compiled in 765ms (874 modules)
 GET /journey 200 in 1481ms
 ✓ Compiled in 820ms (874 modules)
 GET /journey 200 in 1459ms
 ✓ Compiled in 839ms (874 modules)
 GET /journey 200 in 1457ms
 ✓ Compiled in 746ms (874 modules)
 ✓ Compiled in 775ms (874 modules)
 GET /journey 200 in 938ms
 ✓ Compiled in 791ms (874 modules)
 GET /journey 200 in 932ms
 ✓ Compiled in 852ms (874 modules)
 GET /journey 200 in 1438ms
 ✓ Compiled in 753ms (874 modules)
 GET /journey 200 in 912ms
 ✓ Compiled in 766ms (874 modules)
 ✓ Compiled in 787ms (874 modules)
 GET /journey 200 in 923ms
 ✓ Compiled in 826ms (874 modules)
 GET /journey 200 in 1478ms
 ✓ Compiled in 816ms (874 modules)
 GET /journey 200 in 1437ms
 ✓ Compiled in 783ms (874 modules)
 ✓ Compiled in 844ms (874 modules)
 GET /journey 200 in 1014ms
 ✓ Compiled in 795ms (874 modules)
 GET /journey 200 in 1475ms
 ✓ Compiled in 882ms (874 modules)
 GET /journey 200 in 1476ms
 ✓ Compiled in 734ms (874 modules)
 ✓ Compiled in 797ms (874 modules)
 GET /journey 200 in 958ms
 ✓ Compiled in 812ms (874 modules)
 GET /journey 200 in 940ms
 ✓ Compiled in 814ms (874 modules)
 ✓ Compiled in 771ms (874 modules)
 GET /journey 200 in 1573ms
 ✓ Compiled in 792ms (874 modules)
 GET /journey 200 in 914ms
 ✓ Compiled in 922ms (874 modules)
 GET /journey 200 in 1616ms
 ✓ Compiled in 824ms (874 modules)
 ✓ Compiled in 763ms (874 modules)
 GET /journey 200 in 961ms
 ✓ Compiled in 793ms (874 modules)
 GET /journey 200 in 920ms
 ✓ Compiled in 803ms (874 modules)
 GET /journey 200 in 1532ms
 ✓ Compiled in 907ms (874 modules)
 GET /journey 200 in 1052ms
 ✓ Compiled in 876ms (874 modules)
 ✓ Compiled in 882ms (874 modules)
 GET /journey 200 in 1015ms
 ✓ Compiled in 766ms (874 modules)
 GET /journey 200 in 2221ms
 ✓ Compiled in 1739ms (874 modules)
 GET /journey 200 in 1164ms
 ✓ Compiled in 866ms (874 modules)
 ✓ Compiled in 853ms (874 modules)
 GET /journey 200 in 971ms
 ✓ Compiled in 825ms (874 modules)
 GET /journey 200 in 1489ms
 ✓ Compiled in 878ms (874 modules)
 GET /journey 200 in 1089ms
 ✓ Compiled in 854ms (874 modules)
 ✓ Compiled in 799ms (874 modules)
 GET /journey 200 in 916ms
 ✓ Compiled in 840ms (874 modules)
 GET /journey 200 in 1651ms
 ✓ Compiled in 1012ms (874 modules)
 GET /journey 200 in 1577ms
 ✓ Compiled in 743ms (874 modules)
 ✓ Compiled in 827ms (874 modules)
 GET /journey 200 in 986ms
 ✓ Compiled in 871ms (874 modules)
 GET /journey 200 in 1000ms
 ✓ Compiled in 806ms (874 modules)
 GET /journey 200 in 1422ms
 ✓ Compiled in 754ms (874 modules)
 ✓ Compiled in 812ms (874 modules)
 GET /journey 200 in 989ms
 ✓ Compiled in 875ms (874 modules)
 GET /journey 200 in 1012ms
 ✓ Compiled in 809ms (874 modules)
 ✓ Compiled in 766ms (874 modules)
 GET /journey 200 in 1563ms
 ✓ Compiled in 796ms (874 modules)
 GET /journey 200 in 1416ms
 ✓ Compiled in 810ms (874 modules)
 GET /journey 200 in 1520ms
 ✓ Compiled in 834ms (874 modules)
 ✓ Compiled in 1036ms (874 modules)
 GET /journey 200 in 1203ms
 ✓ Compiled in 990ms (874 modules)
 GET /journey 200 in 1128ms
 ✓ Compiled in 863ms (874 modules)
 GET /journey 200 in 1591ms
 ✓ Compiled in 914ms (874 modules)
 GET /journey 200 in 1149ms
 ✓ Compiled in 967ms (874 modules)
 ✓ Compiled in 945ms (874 modules)
 GET /journey 200 in 1080ms
 ✓ Compiled in 1032ms (874 modules)
 GET /journey 200 in 1629ms
 ✓ Compiled in 771ms (874 modules)
 GET /journey 200 in 1429ms
 ✓ Compiled in 777ms (874 modules)
 ✓ Compiled in 776ms (874 modules)
 GET /journey 200 in 932ms
 ✓ Compiled in 997ms (874 modules)
 GET /journey 200 in 1664ms
 ✓ Compiled in 855ms (874 modules)
 GET /journey 200 in 1456ms
 ✓ Compiled in 746ms (874 modules)
 ✓ Compiled in 806ms (874 modules)
 GET /journey 200 in 956ms
 ✓ Compiled in 875ms (874 modules)
 GET /journey 200 in 1008ms
 ✓ Compiled in 953ms (874 modules)
 GET /journey 200 in 1571ms
 ✓ Compiled in 783ms (874 modules)
 ✓ Compiled in 779ms (874 modules)
 GET /journey 200 in 932ms
 ✓ Compiled in 802ms (874 modules)
 GET /journey 200 in 954ms
 ✓ Compiled in 807ms (874 modules)
 GET /journey 200 in 1408ms
 ✓ Compiled in 765ms (874 modules)
 GET /journey 200 in 932ms
 ✓ Compiled in 785ms (874 modules)
 ✓ Compiled in 808ms (874 modules)
 GET /journey 200 in 927ms
 ✓ Compiled in 778ms (874 modules)
 GET /journey 200 in 1394ms
 ✓ Compiled in 827ms (874 modules)
 GET /journey 200 in 1451ms
 ✓ Compiled in 762ms (874 modules)
 ✓ Compiled in 785ms (874 modules)
 GET /journey 200 in 952ms
 ✓ Compiled in 814ms (874 modules)
 GET /journey 200 in 942ms
 ✓ Compiled in 818ms (874 modules)
 GET /journey 200 in 1421ms
 ✓ Compiled in 812ms (874 modules)
 ✓ Compiled in 873ms (874 modules)
 GET /journey 200 in 1081ms
 ✓ Compiled in 785ms (874 modules)
 GET /journey 200 in 921ms
 ✓ Compiled in 1652ms (874 modules)
 GET /journey 200 in 2401ms
 ✓ Compiled in 1020ms (874 modules)
 GET /journey 200 in 1435ms
 ✓ Compiled in 1163ms (874 modules)
 ✓ Compiled in 856ms (874 modules)
 GET /journey 200 in 1004ms
 ✓ Compiled in 811ms (874 modules)
 GET /journey 200 in 1430ms
 ✓ Compiled in 824ms (874 modules)
 GET /journey 200 in 1453ms
 ✓ Compiled in 756ms (874 modules)
 ✓ Compiled in 806ms (874 modules)
 GET /journey 200 in 966ms
 ✓ Compiled in 825ms (874 modules)
 GET /journey 200 in 956ms
 ✓ Compiled in 903ms (874 modules)
 GET /journey 200 in 1651ms
 ✓ Compiled in 923ms (874 modules)
 ✓ Compiled in 841ms (874 modules)
 GET /journey 200 in 1003ms
 ✓ Compiled in 968ms (874 modules)
 GET /journey 200 in 1107ms
 ✓ Compiled in 1055ms (874 modules)
 GET /journey 200 in 1737ms
 ✓ Compiled in 849ms (874 modules)
 GET /journey 200 in 964ms
 ✓ Compiled in 816ms (874 modules)
 ✓ Compiled in 812ms (874 modules)
 GET /journey 200 in 928ms
 ✓ Compiled in 766ms (874 modules)
 GET /journey 200 in 1381ms
 ✓ Compiled in 820ms (874 modules)
 GET /journey 200 in 1459ms
 ✓ Compiled in 764ms (874 modules)
 ✓ Compiled in 814ms (874 modules)
 GET /journey 200 in 971ms
 ✓ Compiled in 793ms (874 modules)
 GET /journey 200 in 934ms
 ✓ Compiled in 804ms (874 modules)
 GET /journey 200 in 1408ms
 ✓ Compiled in 793ms (874 modules)
 ✓ Compiled in 824ms (874 modules)
 GET /journey 200 in 1006ms
 ✓ Compiled in 800ms (874 modules)
 GET /journey 200 in 921ms
 ✓ Compiled in 815ms (874 modules)
 GET /journey 200 in 1417ms
 ✓ Compiled in 753ms (874 modules)
 GET /journey 200 in 939ms
 ✓ Compiled in 801ms (874 modules)
 ✓ Compiled in 783ms (874 modules)
 GET /journey 200 in 901ms
 ✓ Compiled in 814ms (874 modules)
 GET /journey 200 in 1415ms
 ✓ Compiled in 796ms (874 modules)
 GET /journey 200 in 1518ms
 ✓ Compiled in 857ms (874 modules)
 ✓ Compiled in 846ms (874 modules)
 GET /journey 200 in 1010ms
 ✓ Compiled in 830ms (874 modules)
 GET /journey 200 in 953ms
 ✓ Compiled in 841ms (874 modules)
 GET /journey 200 in 1493ms
 ✓ Compiled in 787ms (874 modules)
 ✓ Compiled in 821ms (874 modules)
 GET /journey 200 in 987ms
 ✓ Compiled in 1055ms (874 modules)
 GET /journey 200 in 1201ms
 ✓ Compiled in 1087ms (874 modules)
 GET /journey 200 in 1710ms
 ✓ Compiled in 801ms (874 modules)
 GET /journey 200 in 1002ms
 ✓ Compiled in 846ms (874 modules)
 ✓ Compiled in 960ms (874 modules)
 GET /journey 200 in 1078ms
 ✓ Compiled in 801ms (874 modules)
 GET /journey 200 in 1452ms
 ✓ Compiled in 860ms (874 modules)
 GET /journey 200 in 1555ms
 ✓ Compiled in 836ms (874 modules)
 ✓ Compiled in 892ms (874 modules)
 GET /journey 200 in 1056ms
 ✓ Compiled in 889ms (874 modules)
 GET /journey 200 in 1642ms
 ✓ Compiled in 958ms (874 modules)
 GET /journey 200 in 1892ms
 ✓ Compiled in 1082ms (874 modules)
 ✓ Compiled in 804ms (874 modules)
 GET /journey 200 in 1016ms
 ✓ Compiled in 768ms (874 modules)
 GET /journey 200 in 894ms
 ✓ Compiled in 815ms (874 modules)
 GET /journey 200 in 2218ms
 ✓ Compiled in 1689ms (874 modules)
 ✓ Compiled in 914ms (874 modules)
 GET /journey 200 in 1205ms
 ✓ Compiled in 816ms (874 modules)
 GET /journey 200 in 941ms
 ✓ Compiled in 855ms (874 modules)
 GET /journey 200 in 1531ms
 ✓ Compiled in 842ms (874 modules)
 GET /journey 200 in 956ms
 ✓ Compiled in 794ms (874 modules)
 ✓ Compiled in 788ms (874 modules)
 GET /journey 200 in 903ms
 ✓ Compiled in 882ms (874 modules)
 GET /journey 200 in 1505ms
 ✓ Compiled in 836ms (874 modules)
 GET /journey 200 in 1475ms
 ✓ Compiled in 786ms (874 modules)
 ✓ Compiled in 786ms (874 modules)
 GET /journey 200 in 944ms
 ✓ Compiled in 798ms (874 modules)
 GET /journey 200 in 953ms
 ✓ Compiled in 842ms (874 modules)
 GET /journey 200 in 1489ms
 ✓ Compiled in 844ms (874 modules)
 ✓ Compiled in 759ms (874 modules)
 GET /journey 200 in 938ms
 ✓ Compiled in 802ms (874 modules)
 GET /journey 200 in 945ms
 ✓ Compiled in 926ms (874 modules)
 GET /journey 200 in 1519ms
 ✓ Compiled in 779ms (874 modules)
 GET /journey 200 in 1048ms
 ✓ Compiled in 878ms (874 modules)
 ✓ Compiled in 1015ms (874 modules)
 GET /journey 200 in 1167ms
 ✓ Compiled in 966ms (874 modules)
 GET /journey 200 in 1647ms
 ✓ Compiled in 859ms (874 modules)
 GET /journey 200 in 1209ms
 ✓ Compiled in 1049ms (874 modules)
 ✓ Compiled in 1027ms (874 modules)
 GET /journey 200 in 1173ms
 ✓ Compiled in 860ms (874 modules)
 GET /journey 200 in 1605ms
 ✓ Compiled in 968ms (874 modules)
 GET /journey 200 in 1663ms
 ✓ Compiled in 842ms (874 modules)
 ✓ Compiled in 915ms (874 modules)
 GET /journey 200 in 1102ms
 ✓ Compiled in 946ms (874 modules)
 GET /journey 200 in 1650ms
 ✓ Compiled in 938ms (874 modules)
 GET /journey 200 in 1722ms
 ✓ Compiled in 929ms (874 modules)
 ✓ Compiled in 829ms (874 modules)
 GET /journey 200 in 1007ms
 ✓ Compiled in 805ms (874 modules)
 GET /journey 200 in 931ms
 ✓ Compiled in 800ms (874 modules)
 GET /journey 200 in 1394ms
 ✓ Compiled in 751ms (874 modules)
 ✓ Compiled in 873ms (874 modules)
 GET /journey 200 in 1022ms
 ✓ Compiled in 790ms (874 modules)
 GET /journey 200 in 923ms
 ✓ Compiled in 830ms (874 modules)
 GET /journey 200 in 1437ms
 ✓ Compiled in 776ms (874 modules)
 GET /journey 200 in 996ms
 ✓ Compiled in 834ms (874 modules)
 ✓ Compiled in 778ms (874 modules)
 GET /journey 200 in 896ms
 ✓ Compiled in 804ms (874 modules)
 GET /journey 200 in 1415ms
 ✓ Compiled in 818ms (874 modules)
 GET /journey 200 in 1496ms
 ✓ Compiled in 813ms (874 modules)
 ✓ Compiled in 833ms (874 modules)
 GET /journey 200 in 1003ms
 ✓ Compiled in 782ms (874 modules)
 GET /journey 200 in 1371ms
 ✓ Compiled in 776ms (874 modules)
 GET /journey 200 in 1468ms
 ✓ Compiled in 818ms (874 modules)
 ✓ Compiled in 865ms (874 modules)
 GET /journey 200 in 1069ms
 ✓ Compiled in 824ms (874 modules)
 GET /journey 200 in 961ms
 ✓ Compiled in 783ms (874 modules)
 ✓ Compiled in 798ms (874 modules)
 GET /journey 200 in 1555ms
 ✓ Compiled in 905ms (874 modules)
 GET /journey 200 in 1225ms
 ✓ Compiled in 1493ms (874 modules)
 GET /journey 200 in 2198ms
 ✓ Compiled in 1061ms (874 modules)
 ✓ Compiled in 907ms (874 modules)
 GET /journey 200 in 1273ms
 ✓ Compiled in 835ms (874 modules)
 GET /journey 200 in 968ms
 ✓ Compiled in 807ms (874 modules)
 GET /journey 200 in 1479ms
 ✓ Compiled in 834ms (874 modules)
 GET /journey 200 in 996ms
 ✓ Compiled in 843ms (874 modules)
 ✓ Compiled in 841ms (874 modules)
 GET /journey 200 in 962ms
 ✓ Compiled in 808ms (874 modules)
 GET /journey 200 in 1434ms
 ✓ Compiled in 789ms (874 modules)
 GET /journey 200 in 1481ms
 ✓ Compiled in 818ms (874 modules)
 ✓ Compiled in 831ms (874 modules)
 GET /journey 200 in 1002ms
 ✓ Compiled in 975ms (874 modules)
 GET /journey 200 in 1725ms
 ✓ Compiled in 955ms (874 modules)
 GET /journey 200 in 1721ms
 ✓ Compiled in 908ms (874 modules)
 ✓ Compiled in 878ms (874 modules)
 GET /journey 200 in 1045ms
 ✓ Compiled in 846ms (874 modules)
 GET /journey 200 in 1017ms
 ✓ Compiled in 909ms (874 modules)
 GET /journey 200 in 1531ms
 ✓ Compiled in 841ms (874 modules)
 GET /journey 200 in 998ms
 ✓ Compiled in 823ms (874 modules)
 ✓ Compiled in 800ms (874 modules)
 GET /journey 200 in 918ms
 ✓ Compiled in 1073ms (874 modules)
 GET /journey 200 in 1744ms
 ✓ Compiled in 904ms (874 modules)
 GET /journey 200 in 1551ms
 ✓ Compiled in 822ms (874 modules)
 ✓ Compiled in 851ms (874 modules)
 GET /journey 200 in 1025ms
 ✓ Compiled in 891ms (874 modules)
 GET /journey 200 in 1523ms
 ✓ Compiled in 790ms (874 modules)
 ✓ Compiled in 836ms (874 modules)
 GET /journey 200 in 1598ms
 ✓ Compiled in 811ms (874 modules)
 GET /journey 200 in 1540ms
 ✓ Compiled in 968ms (874 modules)
 GET /journey 200 in 1621ms
 ✓ Compiled in 791ms (874 modules)
 ✓ Compiled in 808ms (874 modules)
 GET /journey 200 in 962ms
 ✓ Compiled in 840ms (874 modules)
 GET /journey 200 in 989ms
 ✓ Compiled in 857ms (874 modules)
 ✓ Compiled in 881ms (874 modules)
 GET /journey 200 in 1722ms
 ✓ Compiled in 965ms (874 modules)
 GET /journey 200 in 1621ms
 ✓ Compiled in 846ms (874 modules)
 GET /journey 200 in 1562ms
 ✓ Compiled in 856ms (874 modules)
 ✓ Compiled in 825ms (874 modules)
 GET /journey 200 in 991ms
 ✓ Compiled in 957ms (874 modules)
 GET /journey 200 in 1108ms
 GET /journey 200 in 831ms
 ✓ Compiled in 894ms (874 modules)
 GET /journey 200 in 1677ms
 ✓ Compiled in 942ms (874 modules)
 ✓ Compiled in 819ms (874 modules)
 GET /journey 200 in 980ms
 ✓ Compiled in 804ms (874 modules)
 GET /journey 200 in 1438ms
 ✓ Compiled in 819ms (874 modules)
 GET /journey 200 in 1515ms
 ✓ Compiled in 822ms (874 modules)
 ✓ Compiled in 838ms (874 modules)
 GET /journey 200 in 999ms
 ✓ Compiled in 944ms (874 modules)
 GET /journey 200 in 869ms
 GET /journey 200 in 1089ms
 GET /journey 200 in 1179ms
 ✓ Compiled in 1285ms (874 modules)
 GET /journey 200 in 5557ms
 ✓ Compiled in 5.1s (874 modules)
 ✓ Compiled in 5.1s (874 modules)
 ✓ Compiled in 844ms (874 modules)
 ✓ Compiled in 781ms (874 modules)
 ✓ Compiled in 771ms (874 modules)
 ✓ Compiled in 760ms (874 modules)
 ✓ Compiled in 818ms (874 modules)
 ✓ Compiled in 734ms (874 modules)
 ✓ Compiled in 4.7s (874 modules)
 ✓ Compiled in 3.9s (874 modules)
 ✓ Compiled in 737ms (874 modules)
 ✓ Compiled in 719ms (874 modules)
 ✓ Compiled in 779ms (874 modules)
 ✓ Compiled in 720ms (874 modules)
 ✓ Compiled in 722ms (874 modules)
 ✓ Compiled in 709ms (874 modules)
 ✓ Compiled in 762ms (874 modules)
 ✓ Compiled in 1517ms (874 modules)
 ✓ Compiled in 933ms (874 modules)
 ✓ Compiled in 721ms (874 modules)
 ✓ Compiled in 917ms (874 modules)
 ✓ Compiled in 876ms (874 modules)
 ✓ Compiled in 749ms (874 modules)
 ✓ Compiled in 726ms (874 modules)
 ✓ Compiled in 726ms (874 modules)
 ✓ Compiled in 734ms (874 modules)
 ✓ Compiled in 750ms (874 modules)
 ✓ Compiled in 825ms (874 modules)
 ✓ Compiled in 740ms (874 modules)
 ✓ Compiled in 740ms (874 modules)
 ✓ Compiled in 724ms (874 modules)
 ✓ Compiled in 709ms (874 modules)
 ✓ Compiled in 723ms (874 modules)
 ✓ Compiled in 733ms (874 modules)
 ✓ Compiled in 767ms (874 modules)
 ✓ Compiled in 723ms (874 modules)
 ✓ Compiled in 764ms (874 modules)
 ✓ Compiled in 942ms (874 modules)
 ✓ Compiled in 1048ms (874 modules)
 ✓ Compiled in 872ms (874 modules)
 ✓ Compiled in 743ms (874 modules)
 ✓ Compiled in 732ms (874 modules)
 ✓ Compiled in 724ms (874 modules)
 ✓ Compiled in 762ms (874 modules)
 ✓ Compiled in 775ms (874 modules)
 ✓ Compiled in 724ms (874 modules)
 ✓ Compiled in 711ms (874 modules)
 ✓ Compiled in 729ms (874 modules)
 ✓ Compiled in 761ms (874 modules)
 ✓ Compiled in 744ms (874 modules)
 ✓ Compiled in 749ms (874 modules)
 ✓ Compiled in 743ms (874 modules)
 ✓ Compiled in 719ms (874 modules)
 ✓ Compiled in 730ms (874 modules)
 ✓ Compiled in 736ms (874 modules)
 ✓ Compiled in 762ms (874 modules)
 ✓ Compiled in 742ms (874 modules)
 ✓ Compiled in 724ms (874 modules)
 ✓ Compiled in 729ms (874 modules)
 ✓ Compiled in 780ms (874 modules)
 ✓ Compiled in 720ms (874 modules)
 ✓ Compiled in 718ms (874 modules)
 ✓ Compiled in 706ms (874 modules)
 ✓ Compiled in 732ms (874 modules)
 ✓ Compiled in 696ms (874 modules)
 ✓ Compiled in 725ms (874 modules)
 ✓ Compiled in 717ms (874 modules)
 ✓ Compiled in 731ms (874 modules)
 ✓ Compiled in 708ms (874 modules)
 ✓ Compiled in 715ms (874 modules)
 ✓ Compiled in 717ms (874 modules)
 ✓ Compiled in 735ms (874 modules)
 ✓ Compiled in 699ms (874 modules)
 ✓ Compiled in 732ms (874 modules)
 ✓ Compiled in 1390ms (874 modules)
 ✓ Compiled in 858ms (874 modules)
 ✓ Compiled in 721ms (874 modules)
 ✓ Compiled in 744ms (874 modules)
 ✓ Compiled in 737ms (874 modules)
 ✓ Compiled in 809ms (874 modules)
 ✓ Compiled in 716ms (874 modules)
 ✓ Compiled in 714ms (874 modules)
 ✓ Compiled in 722ms (874 modules)
 ✓ Compiled in 754ms (874 modules)
 ✓ Compiled in 729ms (874 modules)
 ✓ Compiled in 717ms (874 modules)
 ✓ Compiled in 748ms (874 modules)
 ✓ Compiled in 767ms (874 modules)
 ✓ Compiled in 732ms (874 modules)
 ✓ Compiled in 792ms (874 modules)
 ✓ Compiled in 795ms (874 modules)
 ✓ Compiled in 763ms (874 modules)
 ✓ Compiled in 749ms (874 modules)
 ✓ Compiled in 734ms (874 modules)
 ✓ Compiled in 752ms (874 modules)
 ✓ Compiled in 843ms (874 modules)
 ✓ Compiled in 731ms (874 modules)
 ✓ Compiled in 721ms (874 modules)
 ✓ Compiled in 735ms (874 modules)
 ✓ Compiled in 775ms (874 modules)
 ✓ Compiled in 732ms (874 modules)
 ✓ Compiled in 719ms (874 modules)
 ✓ Compiled in 704ms (874 modules)
 ✓ Compiled in 737ms (874 modules)
 ✓ Compiled in 741ms (874 modules)
 ✓ Compiled in 717ms (874 modules)
 ✓ Compiled in 702ms (874 modules)
 ✓ Compiled in 752ms (874 modules)
 ✓ Compiled in 726ms (874 modules)
 ✓ Compiled in 722ms (874 modules)
 ✓ Compiled in 693ms (874 modules)
 ✓ Compiled in 771ms (874 modules)
 ✓ Compiled in 722ms (874 modules)
 ✓ Compiled in 727ms (874 modules)
 ✓ Compiled in 699ms (874 modules)
 ✓ Compiled in 745ms (874 modules)
 ✓ Compiled in 724ms (874 modules)
 ✓ Compiled in 740ms (874 modules)
 ✓ Compiled in 705ms (874 modules)
 ✓ Compiled in 768ms (874 modules)
 ✓ Compiled in 769ms (874 modules)
 ✓ Compiled in 742ms (874 modules)
 ✓ Compiled in 728ms (874 modules)
 ✓ Compiled in 772ms (874 modules)
 ✓ Compiled in 769ms (874 modules)
 ✓ Compiled in 775ms (874 modules)
 ✓ Compiled in 713ms (874 modules)
 ✓ Compiled in 735ms (874 modules)
 ✓ Compiled in 741ms (874 modules)
 ✓ Compiled in 711ms (874 modules)
 ✓ Compiled in 715ms (874 modules)
 ✓ Compiled in 1488ms (874 modules)
 ✓ Compiled in 913ms (874 modules)
 ✓ Compiled in 746ms (874 modules)
 ✓ Compiled in 771ms (874 modules)
 ✓ Compiled in 769ms (874 modules)
 ✓ Compiled in 740ms (874 modules)
 ✓ Compiled in 723ms (874 modules)
 ✓ Compiled in 777ms (874 modules)
 ✓ Compiled in 787ms (874 modules)
 ✓ Compiled in 740ms (874 modules)
 ✓ Compiled in 720ms (874 modules)
 ✓ Compiled in 733ms (874 modules)
 ✓ Compiled in 731ms (874 modules)
 ✓ Compiled in 734ms (874 modules)
 ✓ Compiled in 752ms (874 modules)
 ✓ Compiled in 796ms (874 modules)
 ✓ Compiled in 755ms (874 modules)
 ✓ Compiled in 740ms (874 modules)
 ✓ Compiled in 726ms (874 modules)
 ✓ Compiled in 736ms (874 modules)
 ✓ Compiled in 714ms (874 modules)
 ✓ Compiled in 736ms (874 modules)
 ✓ Compiled in 732ms (874 modules)
 ✓ Compiled in 733ms (874 modules)
 ✓ Compiled in 725ms (874 modules)
 ✓ Compiled in 741ms (874 modules)
 ✓ Compiled in 743ms (874 modules)
 ✓ Compiled in 742ms (874 modules)
 ✓ Compiled in 740ms (874 modules)
 ✓ Compiled in 723ms (874 modules)
 ✓ Compiled in 713ms (874 modules)
 ✓ Compiled in 740ms (874 modules)
 ✓ Compiled in 718ms (874 modules)
 ✓ Compiled in 760ms (874 modules)
 ✓ Compiled in 705ms (874 modules)
 ✓ Compiled in 757ms (874 modules)
 ✓ Compiled in 698ms (874 modules)
 ✓ Compiled in 728ms (874 modules)
 ✓ Compiled in 701ms (874 modules)
 ✓ Compiled in 754ms (874 modules)
 ✓ Compiled in 715ms (874 modules)
 ✓ Compiled in 717ms (874 modules)
 ✓ Compiled in 720ms (874 modules)
 ✓ Compiled in 766ms (874 modules)
 ✓ Compiled in 722ms (874 modules)
 ✓ Compiled in 733ms (874 modules)
 ✓ Compiled in 719ms (874 modules)
 ✓ Compiled in 756ms (874 modules)
 ✓ Compiled in 778ms (874 modules)
 ✓ Compiled in 709ms (874 modules)
 ✓ Compiled in 721ms (874 modules)
 ✓ Compiled in 724ms (874 modules)
 ✓ Compiled in 723ms (874 modules)
 ✓ Compiled in 692ms (874 modules)
 ✓ Compiled in 716ms (874 modules)
 ✓ Compiled in 733ms (874 modules)
 ✓ Compiled in 743ms (874 modules)
 ✓ Compiled in 1455ms (874 modules)
 ✓ Compiled in 888ms (874 modules)
 ✓ Compiled in 789ms (874 modules)
 ✓ Compiled in 755ms (874 modules)
 ✓ Compiled in 736ms (874 modules)
 ✓ Compiled in 708ms (874 modules)
 ✓ Compiled in 752ms (874 modules)
 ✓ Compiled in 732ms (874 modules)
 ✓ Compiled in 737ms (874 modules)
 ✓ Compiled in 720ms (874 modules)
 ✓ Compiled in 787ms (874 modules)
 ✓ Compiled in 764ms (874 modules)
 ✓ Compiled in 740ms (874 modules)
 ✓ Compiled in 709ms (874 modules)
 ✓ Compiled in 748ms (874 modules)
 ✓ Compiled in 722ms (874 modules)
 ✓ Compiled in 727ms (874 modules)
 ✓ Compiled in 715ms (874 modules)
 ✓ Compiled in 751ms (874 modules)
 ✓ Compiled in 744ms (874 modules)
 ✓ Compiled in 721ms (874 modules)
 ✓ Compiled in 727ms (874 modules)
 ✓ Compiled in 742ms (874 modules)
 ✓ Compiled in 728ms (874 modules)
 ✓ Compiled in 725ms (874 modules)
 ✓ Compiled in 750ms (874 modules)
 ✓ Compiled in 717ms (874 modules)
 ✓ Compiled in 726ms (874 modules)
 ✓ Compiled in 719ms (874 modules)
 ✓ Compiled in 735ms (874 modules)
 ✓ Compiled in 717ms (874 modules)
 ✓ Compiled in 774ms (874 modules)
 ✓ Compiled in 718ms (874 modules)
 ✓ Compiled in 744ms (874 modules)
 ✓ Compiled in 717ms (874 modules)
 ✓ Compiled in 748ms (874 modules)
 ✓ Compiled in 717ms (874 modules)
 ✓ Compiled in 743ms (874 modules)
 ✓ Compiled in 753ms (874 modules)
 ✓ Compiled in 765ms (874 modules)
 ✓ Compiled in 730ms (874 modules)
 ✓ Compiled in 774ms (874 modules)
 ✓ Compiled in 741ms (874 modules)
 ✓ Compiled in 834ms (874 modules)
 ✓ Compiled in 727ms (874 modules)
 ✓ Compiled in 1071ms (874 modules)
 ✓ Compiled in 770ms (874 modules)
 ✓ Compiled in 731ms (874 modules)
 ✓ Compiled in 733ms (874 modules)
 ✓ Compiled in 763ms (874 modules)
 ✓ Compiled in 766ms (874 modules)
 ✓ Compiled in 759ms (874 modules)
 ✓ Compiled in 728ms (874 modules)
 ✓ Compiled in 755ms (874 modules)
 ✓ Compiled in 704ms (874 modules)
 ✓ Compiled in 726ms (874 modules)
 ✓ Compiled in 720ms (874 modules)
 ✓ Compiled in 1508ms (874 modules)
 ✓ Compiled in 859ms (874 modules)
 ✓ Compiled in 778ms (874 modules)
 ✓ Compiled in 754ms (874 modules)
 ✓ Compiled in 783ms (874 modules)
 ✓ Compiled in 749ms (874 modules)
 ✓ Compiled in 751ms (874 modules)
 ✓ Compiled in 716ms (874 modules)
 ✓ Compiled in 776ms (874 modules)
 ✓ Compiled in 717ms (874 modules)
 ✓ Compiled in 772ms (874 modules)
 ✓ Compiled in 724ms (874 modules)
 ✓ Compiled in 806ms (874 modules)
 ✓ Compiled in 796ms (874 modules)
 ✓ Compiled in 731ms (874 modules)
 ✓ Compiled in 728ms (874 modules)
 ✓ Compiled in 763ms (874 modules)
 ✓ Compiled in 747ms (874 modules)
 ✓ Compiled in 708ms (874 modules)
 ✓ Compiled in 752ms (874 modules)
 ✓ Compiled in 756ms (874 modules)
 ✓ Compiled in 761ms (874 modules)
 ✓ Compiled in 735ms (874 modules)
 ✓ Compiled in 751ms (874 modules)
 ✓ Compiled in 750ms (874 modules)
 ✓ Compiled in 775ms (874 modules)
 ✓ Compiled in 727ms (874 modules)
 ✓ Compiled in 722ms (874 modules)
 ✓ Compiled in 766ms (874 modules)
 ✓ Compiled in 739ms (874 modules)
 ✓ Compiled in 727ms (874 modules)
 ✓ Compiled in 714ms (874 modules)
 ✓ Compiled in 785ms (874 modules)
 ✓ Compiled in 773ms (874 modules)
 ✓ Compiled in 738ms (874 modules)
 ✓ Compiled in 708ms (874 modules)
 ✓ Compiled in 759ms (874 modules)
 ✓ Compiled in 745ms (874 modules)
 ✓ Compiled in 726ms (874 modules)
 ✓ Compiled in 736ms (874 modules)
 ✓ Compiled in 748ms (874 modules)
 ✓ Compiled in 743ms (874 modules)
 ✓ Compiled in 738ms (874 modules)
 ✓ Compiled in 744ms (874 modules)
 ✓ Compiled in 762ms (874 modules)
 ✓ Compiled in 744ms (874 modules)
 ✓ Compiled in 738ms (874 modules)
 ✓ Compiled in 731ms (874 modules)
 ✓ Compiled in 751ms (874 modules)
 ✓ Compiled in 761ms (874 modules)
 ✓ Compiled in 766ms (874 modules)
 ✓ Compiled in 737ms (874 modules)
 ✓ Compiled in 749ms (874 modules)
 ✓ Compiled in 774ms (874 modules)
 ✓ Compiled in 725ms (874 modules)
 ✓ Compiled in 740ms (874 modules)
 ✓ Compiled in 799ms (874 modules)
 ✓ Compiled in 1449ms (874 modules)
 ✓ Compiled in 839ms (874 modules)
 ✓ Compiled in 769ms (874 modules)
 ✓ Compiled in 780ms (874 modules)
 ✓ Compiled in 758ms (874 modules)
 ✓ Compiled in 753ms (874 modules)
 ✓ Compiled in 738ms (874 modules)
 ✓ Compiled in 759ms (874 modules)
 ✓ Compiled in 757ms (874 modules)
 ✓ Compiled in 746ms (874 modules)
 ✓ Compiled in 768ms (874 modules)
 ✓ Compiled in 746ms (874 modules)
 ✓ Compiled in 747ms (874 modules)
 ✓ Compiled in 749ms (874 modules)
 ✓ Compiled in 884ms (874 modules)
 ✓ Compiled in 764ms (874 modules)
 ✓ Compiled in 767ms (874 modules)
 ✓ Compiled in 732ms (874 modules)
 ✓ Compiled in 765ms (874 modules)
 ✓ Compiled in 755ms (874 modules)
 ✓ Compiled in 763ms (874 modules)
 ✓ Compiled in 743ms (874 modules)
 ✓ Compiled in 785ms (874 modules)
 ✓ Compiled in 767ms (874 modules)
 ✓ Compiled in 772ms (874 modules)
 ✓ Compiled in 750ms (874 modules)
 ✓ Compiled in 754ms (874 modules)
 ✓ Compiled in 721ms (874 modules)
 ✓ Compiled in 735ms (874 modules)
 ✓ Compiled in 736ms (874 modules)
 ✓ Compiled in 751ms (874 modules)
 ✓ Compiled in 724ms (874 modules)
 ✓ Compiled in 792ms (874 modules)
 ✓ Compiled in 759ms (874 modules)
 ✓ Compiled in 821ms (874 modules)
 ✓ Compiled in 761ms (874 modules)
 ✓ Compiled in 818ms (874 modules)
 ✓ Compiled in 855ms (874 modules)
 ✓ Compiled in 817ms (874 modules)
 ✓ Compiled in 770ms (874 modules)
 ✓ Compiled in 737ms (874 modules)
 ✓ Compiled in 732ms (874 modules)
 ✓ Compiled in 762ms (874 modules)
 ✓ Compiled in 764ms (874 modules)
 ✓ Compiled in 743ms (874 modules)
 ✓ Compiled in 787ms (874 modules)
 ✓ Compiled in 826ms (874 modules)
 ✓ Compiled in 781ms (874 modules)
 ✓ Compiled in 725ms (874 modules)
 ✓ Compiled in 724ms (874 modules)
 ✓ Compiled in 770ms (874 modules)
 ✓ Compiled in 747ms (874 modules)
 ✓ Compiled in 721ms (874 modules)
 ✓ Compiled in 729ms (874 modules)
 ✓ Compiled in 809ms (874 modules)
 ✓ Compiled in 742ms (874 modules)
 ✓ Compiled in 951ms (874 modules)
 ✓ Compiled in 1247ms (874 modules)
 ✓ Compiled in 863ms (874 modules)
 ✓ Compiled in 796ms (874 modules)
 ✓ Compiled in 765ms (874 modules)
 ✓ Compiled in 752ms (874 modules)
 ✓ Compiled in 788ms (874 modules)
 ✓ Compiled in 754ms (874 modules)
 ✓ Compiled in 748ms (874 modules)
 ✓ Compiled in 735ms (874 modules)
 ✓ Compiled in 785ms (874 modules)
 ✓ Compiled in 769ms (874 modules)
 ✓ Compiled in 750ms (874 modules)
 ✓ Compiled in 724ms (874 modules)
 ✓ Compiled in 784ms (874 modules)
 ✓ Compiled in 776ms (874 modules)
 ✓ Compiled in 848ms (874 modules)
 ✓ Compiled in 727ms (874 modules)
 ✓ Compiled in 756ms (874 modules)
 ✓ Compiled in 783ms (874 modules)
 ✓ Compiled in 769ms (874 modules)
 ✓ Compiled in 752ms (874 modules)
 ✓ Compiled in 772ms (874 modules)
 ✓ Compiled in 771ms (874 modules)
 ✓ Compiled in 763ms (874 modules)
 ✓ Compiled in 749ms (874 modules)
 ✓ Compiled in 770ms (874 modules)
 ✓ Compiled in 767ms (874 modules)
 ✓ Compiled in 749ms (874 modules)
 ✓ Compiled in 748ms (874 modules)
 ✓ Compiled in 744ms (874 modules)
 ✓ Compiled in 753ms (874 modules)
 ✓ Compiled in 757ms (874 modules)
 ✓ Compiled in 746ms (874 modules)
 ✓ Compiled in 763ms (874 modules)
 ✓ Compiled in 749ms (874 modules)
 ✓ Compiled in 778ms (874 modules)
 ✓ Compiled in 768ms (874 modules)
 ✓ Compiled in 751ms (874 modules)
 ✓ Compiled in 760ms (874 modules)
 ✓ Compiled in 744ms (874 modules)
 ✓ Compiled in 758ms (874 modules)
 ✓ Compiled in 734ms (874 modules)
 ✓ Compiled in 764ms (874 modules)
 ✓ Compiled in 737ms (874 modules)
 ✓ Compiled in 770ms (874 modules)
 ✓ Compiled in 731ms (874 modules)
 ✓ Compiled in 758ms (874 modules)
 ✓ Compiled in 753ms (874 modules)
 ✓ Compiled in 754ms (874 modules)
 ✓ Compiled in 736ms (874 modules)
 ✓ Compiled in 737ms (874 modules)
 ✓ Compiled in 730ms (874 modules)
 ✓ Compiled in 751ms (874 modules)
 ✓ Compiled in 745ms (874 modules)
 ✓ Compiled in 785ms (874 modules)
 ✓ Compiled in 779ms (874 modules)
 ✓ Compiled in 1411ms (874 modules)
 ✓ Compiled in 1028ms (874 modules)
 ✓ Compiled in 808ms (874 modules)
 ✓ Compiled in 778ms (874 modules)
 ✓ Compiled in 808ms (874 modules)
 ✓ Compiled in 753ms (874 modules)
 ✓ Compiled in 759ms (874 modules)
 ✓ Compiled in 772ms (874 modules)
 ✓ Compiled in 777ms (874 modules)
 ✓ Compiled in 744ms (874 modules)
 ✓ Compiled in 749ms (874 modules)
 ✓ Compiled in 741ms (874 modules)
 ✓ Compiled in 793ms (874 modules)
 ✓ Compiled in 746ms (874 modules)
 ✓ Compiled in 743ms (874 modules)
 ✓ Compiled in 799ms (874 modules)
 ✓ Compiled in 786ms (874 modules)
 ✓ Compiled in 823ms (874 modules)
 ✓ Compiled in 733ms (874 modules)
 ✓ Compiled in 757ms (874 modules)
 ✓ Compiled in 795ms (874 modules)
 ✓ Compiled in 770ms (874 modules)
 ✓ Compiled in 849ms (874 modules)
 ✓ Compiled in 740ms (874 modules)
 ✓ Compiled in 788ms (874 modules)
 ✓ Compiled in 781ms (874 modules)
 ✓ Compiled in 758ms (874 modules)
 ✓ Compiled in 733ms (874 modules)
 ✓ Compiled in 761ms (874 modules)
 ✓ Compiled in 768ms (874 modules)
 ✓ Compiled in 742ms (874 modules)
 ✓ Compiled in 3.3s (1822 modules)
 ✓ Compiled in 3.4s (1822 modules)
 ✓ Compiled in 963ms (874 modules)
 ✓ Compiled in 839ms (874 modules)
 ✓ Compiled in 839ms (874 modules)
 ✓ Compiled in 775ms (874 modules)
 ✓ Compiled in 760ms (874 modules)
 ✓ Compiled in 794ms (874 modules)
 ✓ Compiled in 789ms (874 modules)
 ✓ Compiled in 777ms (874 modules)
 ✓ Compiled in 769ms (874 modules)
 ✓ Compiled in 780ms (874 modules)
 ✓ Compiled in 752ms (874 modules)
 ✓ Compiled in 762ms (874 modules)
 ✓ Compiled in 763ms (874 modules)
 ✓ Compiled in 816ms (874 modules)
 ✓ Compiled in 772ms (874 modules)
 ✓ Compiled in 776ms (874 modules)
 ✓ Compiled in 746ms (874 modules)
 ✓ Compiled in 801ms (874 modules)
 ✓ Compiled in 779ms (874 modules)
 ✓ Compiled in 761ms (874 modules)
 ✓ Compiled in 841ms (874 modules)
 ✓ Compiled in 814ms (874 modules)
 ✓ Compiled in 812ms (874 modules)
 ✓ Compiled in 822ms (874 modules)
 ✓ Compiled in 810ms (874 modules)
 ✓ Compiled in 859ms (874 modules)
 ✓ Compiled in 925ms (874 modules)
 ✓ Compiled in 759ms (874 modules)
 ✓ Compiled in 731ms (874 modules)
 ✓ Compiled in 776ms (874 modules)
 ✓ Compiled in 782ms (874 modules)
 ✓ Compiled in 738ms (874 modules)
 ✓ Compiled in 728ms (874 modules)
 ✓ Compiled in 761ms (874 modules)
 ✓ Compiled in 770ms (874 modules)
 ✓ Compiled in 762ms (874 modules)
 ✓ Compiled in 754ms (874 modules)
 ✓ Compiled in 743ms (874 modules)
 ✓ Compiled in 764ms (874 modules)
 ✓ Compiled in 890ms (874 modules)
 ✓ Compiled in 737ms (874 modules)
 ✓ Compiled in 730ms (874 modules)
 ✓ Compiled in 2.5s (874 modules)
 ✓ Compiled in 873ms (874 modules)
 ✓ Compiled in 766ms (874 modules)
 ✓ Compiled in 771ms (874 modules)
 ✓ Compiled in 786ms (874 modules)
 ✓ Compiled in 810ms (874 modules)
 ✓ Compiled in 766ms (874 modules)
 ✓ Compiled in 743ms (874 modules)
 ✓ Compiled in 756ms (874 modules)
 ✓ Compiled in 799ms (874 modules)
 ✓ Compiled in 748ms (874 modules)
 ✓ Compiled in 757ms (874 modules)
 ✓ Compiled in 751ms (874 modules)
 ✓ Compiled in 803ms (874 modules)
 ✓ Compiled in 825ms (874 modules)
 ✓ Compiled in 759ms (874 modules)
 ✓ Compiled in 739ms (874 modules)
 ✓ Compiled in 809ms (874 modules)
 ✓ Compiled in 778ms (874 modules)
 ✓ Compiled in 749ms (874 modules)
 ✓ Compiled in 761ms (874 modules)
 ✓ Compiled in 797ms (874 modules)
 ✓ Compiled in 786ms (874 modules)
 ✓ Compiled in 763ms (874 modules)
 ✓ Compiled in 785ms (874 modules)
 ✓ Compiled in 808ms (874 modules)
 ✓ Compiled in 762ms (874 modules)
 ✓ Compiled in 787ms (874 modules)
 ✓ Compiled in 746ms (874 modules)
 ✓ Compiled in 780ms (874 modules)
 ✓ Compiled in 725ms (874 modules)
 ✓ Compiled in 747ms (874 modules)
 ✓ Compiled in 753ms (874 modules)
 ✓ Compiled in 801ms (874 modules)
 ✓ Compiled in 793ms (874 modules)
 ✓ Compiled in 780ms (874 modules)
 ✓ Compiled in 760ms (874 modules)
 ✓ Compiled in 776ms (874 modules)
 ✓ Compiled in 743ms (874 modules)
 ✓ Compiled in 777ms (874 modules)
 ✓ Compiled in 733ms (874 modules)
 ✓ Compiled in 752ms (453 modules)
 ✓ Compiled in 788ms (453 modules)
 ✓ Compiled in 755ms (453 modules)
 ✓ Compiled in 747ms (453 modules)
 ✓ Compiled in 745ms (453 modules)
 ✓ Compiled in 721ms (453 modules)
 ✓ Compiled in 729ms (453 modules)
 ✓ Compiled in 746ms (453 modules)
 ✓ Compiled in 735ms (453 modules)
 ✓ Compiled in 710ms (453 modules)
 ✓ Compiled in 710ms (453 modules)
 ✓ Compiled in 718ms (453 modules)
 ✓ Compiled in 774ms (453 modules)
 ✓ Compiled in 715ms (453 modules)
 ✓ Compiled in 715ms (453 modules)
 ✓ Compiled in 729ms (453 modules)
 ✓ Compiled in 760ms (453 modules)
 ✓ Compiled in 714ms (453 modules)
 ✓ Compiled in 738ms (453 modules)
 ✓ Compiled in 717ms (453 modules)
 ✓ Compiled in 766ms (453 modules)
 ✓ Compiled in 753ms (453 modules)
 ✓ Compiled in 757ms (453 modules)
 ✓ Compiled in 698ms (453 modules)
 ✓ Compiled in 11s (1823 modules)
 ✓ Compiled in 1020ms (874 modules)
 ✓ Compiled in 824ms (874 modules)
 ✓ Compiled in 868ms (874 modules)
 ✓ Compiled in 983ms (874 modules)
 ✓ Compiled in 855ms (874 modules)
 ✓ Compiled in 864ms (874 modules)
 ✓ Compiled in 951ms (874 modules)
 ✓ Compiled in 770ms (874 modules)
 ✓ Compiled in 778ms (874 modules)
 ✓ Compiled in 876ms (874 modules)
 ✓ Compiled in 764ms (874 modules)
 ✓ Compiled in 759ms (874 modules)
 ✓ Compiled in 885ms (874 modules)
 ✓ Compiled in 824ms (874 modules)
 ✓ Compiled in 728ms (874 modules)
 ✓ Compiled in 916ms (874 modules)
 ✓ Compiled in 829ms (874 modules)
 ✓ Compiled in 750ms (874 modules)
 ✓ Compiled in 867ms (874 modules)
 ✓ Compiled in 800ms (874 modules)
 ✓ Compiled in 781ms (874 modules)
 ✓ Compiled in 845ms (874 modules)
 ✓ Compiled in 788ms (874 modules)
 ✓ Compiled in 811ms (874 modules)
 ✓ Compiled in 789ms (874 modules)
 ✓ Compiled in 771ms (874 modules)
 ✓ Compiled in 797ms (874 modules)
 ✓ Compiled in 818ms (874 modules)
 ✓ Compiled in 748ms (874 modules)
 ✓ Compiled in 800ms (874 modules)
 ✓ Compiled in 831ms (874 modules)
 ✓ Compiled in 737ms (874 modules)
 ✓ Compiled in 862ms (874 modules)
 ✓ Compiled in 858ms (874 modules)
 ✓ Compiled in 757ms (874 modules)
 ✓ Compiled in 773ms (874 modules)
 ✓ Compiled in 856ms (874 modules)
 ✓ Compiled in 793ms (874 modules)
 ✓ Compiled in 752ms (874 modules)
 ✓ Compiled in 843ms (874 modules)
 ✓ Compiled in 794ms (874 modules)
 ✓ Compiled in 1496ms (874 modules)
 ✓ Compiled in 973ms (874 modules)
 ✓ Compiled in 832ms (874 modules)
 ✓ Compiled in 826ms (874 modules)
 ✓ Compiled in 849ms (874 modules)
 ✓ Compiled in 809ms (874 modules)
 ✓ Compiled in 849ms (874 modules)
 ✓ Compiled in 781ms (874 modules)
 ✓ Compiled in 863ms (874 modules)
 ✓ Compiled in 852ms (874 modules)
 ✓ Compiled in 739ms (874 modules)
 ✓ Compiled in 808ms (874 modules)
 ✓ Compiled in 855ms (874 modules)
 ✓ Compiled in 727ms (874 modules)
 ✓ Compiled in 806ms (874 modules)
 ✓ Compiled in 869ms (874 modules)
 ✓ Compiled in 758ms (874 modules)
 ✓ Compiled in 771ms (874 modules)
 ✓ Compiled in 866ms (874 modules)
 ✓ Compiled in 799ms (874 modules)
 ✓ Compiled in 749ms (874 modules)
 ✓ Compiled in 880ms (874 modules)
 ✓ Compiled in 810ms (874 modules)
 ✓ Compiled in 751ms (874 modules)
 ✓ Compiled in 2.5s (874 modules)
 ✓ Compiled in 1073ms (874 modules)
 ✓ Compiled in 846ms (874 modules)
 ✓ Compiled in 846ms (874 modules)
 ✓ Compiled in 803ms (874 modules)
 ✓ Compiled in 806ms (874 modules)
 ✓ Compiled in 790ms (874 modules)
 ✓ Compiled in 806ms (874 modules)
 ✓ Compiled in 826ms (874 modules)
 ✓ Compiled in 788ms (874 modules)
 ✓ Compiled in 785ms (874 modules)
 ✓ Compiled in 828ms (874 modules)
 ✓ Compiled in 814ms (874 modules)
 ✓ Compiled in 782ms (874 modules)
 ✓ Compiled in 806ms (874 modules)
 ✓ Compiled in 824ms (874 modules)
 ✓ Compiled in 811ms (874 modules)
 ✓ Compiled in 781ms (874 modules)
 ✓ Compiled in 832ms (874 modules)
 ✓ Compiled in 912ms (874 modules)
 ✓ Compiled in 773ms (874 modules)
 ✓ Compiled in 857ms (874 modules)
 ✓ Compiled in 814ms (874 modules)
 ✓ Compiled in 758ms (874 modules)
 ✓ Compiled in 823ms (874 modules)
 ✓ Compiled in 896ms (874 modules)
 ✓ Compiled in 750ms (874 modules)
 ✓ Compiled in 797ms (874 modules)
 ✓ Compiled in 826ms (874 modules)
 ✓ Compiled in 767ms (874 modules)
 ✓ Compiled in 765ms (874 modules)
 ✓ Compiled in 830ms (874 modules)
 ✓ Compiled in 820ms (874 modules)
 ✓ Compiled in 722ms (874 modules)
 ✓ Compiled in 835ms (874 modules)
 ✓ Compiled in 811ms (874 modules)
 ✓ Compiled in 733ms (874 modules)
 ✓ Compiled in 835ms (874 modules)
 ✓ Compiled in 889ms (874 modules)
 ✓ Compiled in 763ms (874 modules)
 ✓ Compiled in 833ms (874 modules)
 ✓ Compiled in 824ms (874 modules)
 ✓ Compiled in 804ms (874 modules)
 ✓ Compiled in 766ms (874 modules)
 ✓ Compiled in 811ms (874 modules)
 ✓ Compiled in 835ms (874 modules)
 ✓ Compiled in 734ms (874 modules)
 ✓ Compiled in 815ms (874 modules)
 ✓ Compiled in 830ms (874 modules)
 ✓ Compiled in 755ms (874 modules)
 ✓ Compiled in 801ms (874 modules)
 ✓ Compiled in 828ms (874 modules)
 ✓ Compiled in 753ms (874 modules)
 ✓ Compiled in 789ms (874 modules)
 ✓ Compiled in 854ms (874 modules)
 ✓ Compiled in 756ms (874 modules)
 ✓ Compiled in 784ms (874 modules)
 ✓ Compiled in 867ms (874 modules)
 ✓ Compiled in 1535ms (874 modules)
 ✓ Compiled in 956ms (874 modules)
 ✓ Compiled in 848ms (874 modules)
 ✓ Compiled in 823ms (874 modules)
 ✓ Compiled in 776ms (874 modules)
 ✓ Compiled in 842ms (874 modules)
 ✓ Compiled in 833ms (874 modules)
 ✓ Compiled in 750ms (874 modules)
 ✓ Compiled in 808ms (874 modules)
 ✓ Compiled in 814ms (874 modules)
 ✓ Compiled in 763ms (874 modules)
 ✓ Compiled in 820ms (874 modules)
 ✓ Compiled in 814ms (874 modules)
 ✓ Compiled in 768ms (874 modules)
 ✓ Compiled in 814ms (874 modules)
 ✓ Compiled in 789ms (874 modules)
 ✓ Compiled in 851ms (874 modules)
 ✓ Compiled in 899ms (874 modules)
 ✓ Compiled in 766ms (874 modules)
 ✓ Compiled in 776ms (874 modules)
 ✓ Compiled in 888ms (874 modules)
 ✓ Compiled in 720ms (874 modules)
 ✓ Compiled in 769ms (874 modules)
 ✓ Compiled in 893ms (874 modules)
 ✓ Compiled in 736ms (874 modules)
 ✓ Compiled in 774ms (874 modules)
 ✓ Compiled in 893ms (874 modules)
 ✓ Compiled in 758ms (874 modules)
 ○ Compiling /live ...
 ✓ Compiled /live in 8.9s (1869 modules)
 GET /live 200 in 9078ms
 ✓ Compiled in 1118ms (886 modules)
 GET /live 200 in 298ms
 ✓ Compiled in 843ms (886 modules)
 GET /live 200 in 280ms
 GET /live 200 in 342ms
 ✓ Compiled in 963ms (886 modules)
 GET /live 200 in 273ms
 GET / 200 in 1216ms
 ✓ Compiled in 2.2s (886 modules)
 GET / 200 in 604ms
 ✓ Compiled in 940ms (886 modules)
 GET / 200 in 579ms
 ✓ Compiled in 955ms (886 modules)
 GET / 200 in 570ms
 GET /live 200 in 408ms
 ✓ Compiled in 930ms (886 modules)
 GET /live 200 in 266ms
 ✓ Compiled in 904ms (886 modules)
 GET /live 200 in 264ms
 ✓ Compiled in 916ms (886 modules)
 GET /live 200 in 269ms
 ✓ Compiled in 1044ms (886 modules)
 GET /live 200 in 273ms
 GET / 200 in 889ms
 ✓ Compiled in 929ms (886 modules)
 ✓ Compiled in 1109ms (886 modules)
 ✓ Compiled in 865ms (886 modules)
 ✓ Compiled in 2.4s (886 modules)
 GET / 200 in 4508ms
 ✓ Compiled in 1096ms (886 modules)
 ✓ Compiled in 1064ms (886 modules)
 ✓ Compiled in 909ms (886 modules)
 GET / 200 in 3172ms
 ✓ Compiled in 1214ms (886 modules)
 ✓ Compiled in 928ms (886 modules)
 ✓ Compiled in 1059ms (886 modules)
 GET / 200 in 3291ms
 ✓ Compiled in 935ms (886 modules)
 ✓ Compiled in 1057ms (886 modules)
 ✓ Compiled in 881ms (886 modules)
 GET / 200 in 2983ms
 ✓ Compiled in 1235ms (886 modules)
 ✓ Compiled in 950ms (886 modules)
 ✓ Compiled in 1587ms (886 modules)
 GET / 200 in 4171ms
 ✓ Compiled in 1371ms (886 modules)
 ✓ Compiled in 1127ms (886 modules)
 ✓ Compiled in 946ms (886 modules)
 GET / 200 in 4187ms
 ✓ Compiled in 1090ms (886 modules)
 ✓ Compiled in 891ms (886 modules)
 ✓ Compiled in 1015ms (886 modules)
 GET / 200 in 3094ms
 ✓ Compiled in 976ms (886 modules)
 ✓ Compiled in 1031ms (886 modules)
 GET / 200 in 2238ms
 ✓ Compiled in 1089ms (886 modules)
 GET /live 200 in 1313ms
 ✓ Compiled in 1019ms (886 modules)
 ✓ Compiled in 887ms (886 modules)
 ✓ Compiled in 1060ms (886 modules)
 ✓ Compiled in 919ms (886 modules)
 ✓ Compiled in 932ms (886 modules)
 ✓ Compiled in 963ms (886 modules)
 ✓ Compiled in 1050ms (886 modules)
 GET /live 200 in 1802ms
 ✓ Compiled in 1009ms (886 modules)
 GET /live 200 in 1876ms
 ✓ Compiled in 1005ms (886 modules)
 ✓ Compiled in 990ms (886 modules)
 GET /live 200 in 1185ms
 ✓ Compiled in 1032ms (886 modules)
 GET /live 200 in 1787ms
 ✓ Compiled in 972ms (886 modules)
 ○ Compiling /_error ...
 ✓ Compiled /_error in 5.4s (1965 modules)
 GET /live 500 in 7342ms
 ✓ Compiled in 1091ms (887 modules)
 GET /live 200 in 539ms
 GET /live 200 in 272ms
 GET /live 200 in 261ms
 GET /live 200 in 270ms
 GET /live 200 in 517ms
 ✓ Compiled in 977ms (887 modules)
 GET /live 200 in 255ms
 GET /live 200 in 333ms
 ○ Compiling /_not-found ...
 ✓ Compiled /_not-found in 1802ms (1947 modules)
 GET /static/chunks/app-pages-internals.js 404 in 2431ms
 GET /static/chunks/app/layout.js 404 in 358ms
 GET /static/chunks/app/error.js 404 in 350ms
 GET /static/chunks/app/page.js 404 in 352ms
 GET /static/chunks/app/live/page.js 404 in 354ms
 ✓ Compiled in 1546ms (888 modules)
 GET /live 200 in 288ms
 GET /live 200 in 392ms
 ✓ Compiled in 990ms (888 modules)
 GET /live 200 in 262ms
 ✓ Compiled in 1035ms (887 modules)
 GET /live 200 in 267ms
 ✓ Compiled in 1023ms (887 modules)
 GET /live 200 in 267ms
 ✓ Compiled in 1289ms (887 modules)
 GET /live 200 in 278ms
 GET /live 200 in 165ms
 ✓ Compiled in 1064ms (887 modules)
 GET /live 200 in 286ms
 ✓ Compiled in 1050ms (887 modules)
 GET /live 200 in 268ms
 ✓ Compiled in 962ms (887 modules)
 GET /live 200 in 287ms
 ✓ Compiled in 4.2s (1870 modules)
 GET /live 200 in 510ms
 GET /live 200 in 612ms
 ✓ Compiled in 1128ms (887 modules)
 ✓ Compiled in 1089ms (887 modules)
 ✓ Compiled in 979ms (887 modules)
 ✓ Compiled in 1011ms (887 modules)
 ✓ Compiled in 987ms (887 modules)
 ✓ Compiled in 1068ms (887 modules)
 ✓ Compiled in 1083ms (887 modules)
 GET /live 200 in 1947ms
 ✓ Compiled in 1102ms (887 modules)
 GET /live 200 in 1907ms
 ✓ Compiled in 972ms (887 modules)
 ✓ Compiled in 1033ms (887 modules)
 GET /live 200 in 1223ms
 ✓ Compiled in 994ms (887 modules)
 GET /live 200 in 1878ms
 ○ Compiling /_error ...
 ✓ Compiled /_error in 2.5s (1966 modules)
 GET /live 500 in 3479ms
 ✓ Compiled in 1146ms (888 modules)
 GET /live 200 in 1490ms
 ✓ Compiled in 1312ms (888 modules)
 ✓ Compiled in 1033ms (888 modules)
 GET /live 200 in 1154ms
 ✓ Compiled in 1173ms (888 modules)
 GET /live 200 in 57844ms
 ✓ Compiled in 61.9s (888 modules)
 ✓ Compiled in 1276ms (888 modules)
 ✓ Compiled in 1089ms (888 modules)
 ✓ Compiled in 1391ms (888 modules)
 ✓ Compiled in 1044ms (888 modules)
 ✓ Compiled in 968ms (888 modules)
 ✓ Compiled in 1062ms (888 modules)
 ✓ Compiled in 854ms (888 modules)
 ✓ Compiled in 1093ms (888 modules)
 ✓ Compiled in 900ms (888 modules)
 ✓ Compiled in 1071ms (888 modules)
 ✓ Compiled in 935ms (888 modules)
 ✓ Compiled in 993ms (888 modules)
 ✓ Compiled in 996ms (888 modules)
 ✓ Compiled in 917ms (888 modules)
 ✓ Compiled in 1034ms (888 modules)
 ✓ Compiled in 840ms (888 modules)
 ✓ Compiled in 1073ms (888 modules)
 ✓ Compiled in 822ms (888 modules)
 ✓ Compiled in 1055ms (888 modules)
 ✓ Compiled in 849ms (888 modules)
 ✓ Compiled in 1067ms (888 modules)
 ✓ Compiled in 915ms (888 modules)
 ✓ Compiled in 1009ms (888 modules)
 ✓ Compiled in 1340ms (888 modules)
 GET /live 200 in 1478ms
 ✓ Compiled in 1052ms (888 modules)
 ✓ Compiled in 1046ms (888 modules)
 ✓ Compiled in 881ms (888 modules)
 ✓ Compiled in 1047ms (888 modules)
 ✓ Compiled in 845ms (888 modules)
 ✓ Compiled in 1417ms (888 modules)
 ✓ Compiled in 1644ms (888 modules)
 GET /live 200 in 2202ms
 ○ Compiling /_error ...
 ✓ Compiled /_error in 15.6s (1966 modules)
 GET /live 500 in 16435ms
 ✓ Compiled in 1129ms (888 modules)
 GET /live 200 in 1376ms
 ✓ Compiled in 1190ms (888 modules)
 ✓ Compiled in 1012ms (888 modules)
 GET /live 200 in 1122ms
 ✓ Compiled in 1085ms (888 modules)
 GET /live 200 in 1195ms
 ✓ Compiled in 973ms (888 modules)
 GET /live 200 in 1820ms
 ✓ Compiled in 1135ms (888 modules)
 GET /live 200 in 1976ms
 ✓ Compiled in 1014ms (888 modules)
 GET /live 200 in 1370ms
 ✓ Compiled in 1173ms (888 modules)
 ✓ Compiled in 967ms (888 modules)
 GET /live 200 in 1073ms
 ✓ Compiled in 1158ms (888 modules)
 GET /live 200 in 1273ms
 ✓ Compiled in 1454ms (888 modules)
 GET /live 200 in 2627ms
 ✓ Compiled in 1500ms (888 modules)
 GET /live 200 in 2753ms
 ✓ Compiled in 1450ms (888 modules)
 ✓ Compiled in 1457ms (888 modules)
 GET /live 200 in 1680ms
 ✓ Compiled in 2s (888 modules)
 GET /live 200 in 2149ms
 ✓ Compiled in 1380ms (888 modules)
 GET /live 200 in 1506ms
 ✓ Compiled in 3s (1966 modules)
 GET /live 500 in 3958ms
 ✓ Compiled in 1249ms (888 modules)
 GET /live 200 in 2674ms
 ✓ Compiled in 2.6s (888 modules)
 ✓ Compiled in 1412ms (888 modules)
 GET /live 200 in 1541ms
 ✓ Compiled in 1397ms (888 modules)
 GET /live 200 in 1504ms
 ✓ Compiled in 1372ms (888 modules)
 GET /live 200 in 2426ms
 ✓ Compiled in 1271ms (888 modules)
 ✓ Compiled in 1316ms (888 modules)
 GET /live 200 in 2520ms
 ✓ Compiled in 1319ms (888 modules)
 GET /live 200 in 1439ms
 ✓ Compiled in 1315ms (888 modules)
 GET /live 200 in 2397ms
 ✓ Compiled in 1344ms (888 modules)
 ✓ Compiled in 1644ms (888 modules)
 GET /live 200 in 2919ms
 ✓ Compiled in 1431ms (888 modules)
 GET /live 200 in 1563ms
 ✓ Compiled in 1567ms (888 modules)
 GET /live 200 in 2633ms
 ✓ Compiled in 1369ms (888 modules)
 GET /live 200 in 2402ms
 ✓ Compiled in 1337ms (888 modules)
 GET /live 200 in 1683ms
 ✓ Compiled in 1475ms (888 modules)
 ✓ Compiled in 1615ms (888 modules)
 GET /live 200 in 1736ms
 ✓ Compiled in 1281ms (888 modules)
 GET /live 200 in 1381ms
 ✓ Compiled in 1277ms (888 modules)
 GET /live 200 in 2320ms
 ✓ Compiled in 1277ms (888 modules)
 GET /live 200 in 1532ms
 ✓ Compiled in 1393ms (888 modules)
 ✓ Compiled in 1293ms (888 modules)
 GET /live 200 in 1516ms
 ✓ Compiled in 1504ms (888 modules)
 GET /live 200 in 1617ms
 ✓ Compiled in 1325ms (888 modules)
 GET /live 200 in 1442ms
 ✓ Compiled in 1317ms (888 modules)
 GET /live 200 in 2625ms
 ✓ Compiled in 1404ms (888 modules)
 ✓ Compiled in 1442ms (888 modules)
 GET /live 200 in 1569ms
 ✓ Compiled in 1624ms (888 modules)
 GET /live 200 in 2014ms
 ✓ Compiled in 1919ms (888 modules)
 GET /live 200 in 3041ms
 ✓ Compiled in 1687ms (888 modules)
 GET /live 200 in 3356ms
 ✓ Compiled in 1933ms (888 modules)
 ✓ Compiled in 1526ms (888 modules)
 GET /live 200 in 1981ms
 ✓ Compiled in 1471ms (888 modules)
 GET /live 200 in 1586ms
 ✓ Compiled in 1471ms (888 modules)
 GET /live 200 in 1614ms
 ✓ Compiled in 1388ms (888 modules)
 GET /live 200 in 2664ms
 ✓ Compiled in 1407ms (888 modules)
 ✓ Compiled in 1267ms (888 modules)
 GET /live 200 in 1423ms
 ✓ Compiled in 1246ms (888 modules)
 GET /live 200 in 1351ms
 ✓ Compiled in 1287ms (888 modules)
 GET /live 200 in 2284ms
 ✓ Compiled in 1240ms (888 modules)
 GET /live 200 in 2296ms
 ✓ Compiled in 1288ms (888 modules)
 GET /live 200 in 1568ms
 ✓ Compiled in 1406ms (888 modules)
 ✓ Compiled in 1399ms (888 modules)
 GET /live 200 in 1537ms
 ✓ Compiled in 1321ms (888 modules)
 GET /live 200 in 1428ms
 ✓ Compiled in 2.3s (888 modules)
 GET /live 200 in 3451ms
 ✓ Compiled in 1425ms (888 modules)
 ✓ Compiled in 1385ms (888 modules)
 GET /live 200 in 2727ms
 ✓ Compiled in 1417ms (888 modules)
 GET /live 200 in 1542ms
 ✓ Compiled in 1517ms (888 modules)
 GET /live 200 in 1687ms
 ✓ Compiled in 3.3s (1966 modules)
 GET /live 500 in 4325ms
 ✓ Compiled in 1376ms (888 modules)
 GET /live 200 in 2089ms
 ✓ Compiled in 1896ms (888 modules)
 ✓ Compiled in 1427ms (888 modules)
 GET /live 200 in 1557ms
 ✓ Compiled in 1333ms (888 modules)
 GET /live 200 in 1465ms
 ✓ Compiled in 1394ms (888 modules)
 GET /live 200 in 2390ms
 ✓ Compiled in 1217ms (888 modules)
 ✓ Compiled in 1219ms (888 modules)
 GET /live 200 in 2372ms
 ✓ Compiled in 1220ms (888 modules)
 GET /live 200 in 1329ms
 ✓ Compiled in 1250ms (888 modules)
 GET /live 200 in 2289ms
 ✓ Compiled in 1245ms (888 modules)
 ✓ Compiled in 1213ms (888 modules)
 GET /live 200 in 2381ms
 ✓ Compiled in 1249ms (888 modules)
 GET /live 200 in 1348ms
 ✓ Compiled in 1501ms (888 modules)
 GET /live 200 in 2514ms
 ✓ Compiled in 1209ms (888 modules)
 ✓ Compiled in 1234ms (888 modules)
 GET /live 200 in 2379ms
 ✓ Compiled in 1223ms (888 modules)
 GET /live 200 in 1317ms
 ✓ Compiled in 1246ms (888 modules)
 GET /live 200 in 2256ms
 ✓ Compiled in 1217ms (888 modules)
 ✓ Compiled in 1220ms (888 modules)
 GET /live 200 in 2368ms
 ✓ Compiled in 1228ms (888 modules)
 GET /live 200 in 1327ms
 ✓ Compiled in 1223ms (888 modules)
 GET /live 200 in 2227ms
 ✓ Compiled in 1208ms (888 modules)
 ✓ Compiled in 1222ms (888 modules)
 GET /live 200 in 2373ms
 ✓ Compiled in 1216ms (888 modules)
 GET /live 200 in 1321ms
 ✓ Compiled in 1345ms (888 modules)
 GET /live 200 in 2396ms
 ✓ Compiled in 1265ms (888 modules)
 ✓ Compiled in 1268ms (888 modules)
 GET /live 200 in 2461ms
 ✓ Compiled in 1243ms (888 modules)
 GET /live 200 in 1356ms
 ✓ Compiled in 1238ms (888 modules)
 GET /live 200 in 2251ms
 ✓ Compiled in 1246ms (888 modules)
 GET /live 200 in 2316ms
 ✓ Compiled in 1246ms (888 modules)
 GET /live 200 in 1410ms
 ✓ Compiled in 1257ms (888 modules)
 ✓ Compiled in 1238ms (888 modules)
 GET /live 200 in 1345ms
 ✓ Compiled in 1245ms (888 modules)
 GET /live 200 in 1340ms
 ✓ Compiled in 1248ms (888 modules)
 GET /live 200 in 2256ms
 ✓ Compiled in 2.1s (888 modules)
 GET /live 200 in 2638ms
 ✓ Compiled in 1630ms (888 modules)
 ✓ Compiled in 1331ms (888 modules)
 GET /live 200 in 1567ms
 ✓ Compiled in 1288ms (888 modules)
 GET /live 200 in 1409ms
 ✓ Compiled in 1277ms (888 modules)
 GET /live 200 in 1362ms
 ✓ Compiled in 2.9s (1966 modules)
 GET /live 500 in 3874ms
 ✓ Compiled in 1246ms (888 modules)
 GET /live 200 in 1482ms
 ✓ Compiled in 1343ms (888 modules)
 ✓ Compiled in 1271ms (888 modules)
 GET /live 200 in 1371ms
 ✓ Compiled in 1255ms (888 modules)
 GET /live 200 in 1363ms
 ✓ Compiled in 1268ms (888 modules)
 GET /live 200 in 2372ms
 ✓ Compiled in 1324ms (888 modules)
 ✓ Compiled in 1273ms (888 modules)
 GET /live 200 in 2533ms
 ✓ Compiled in 1277ms (888 modules)
 GET /live 200 in 1382ms
 ✓ Compiled in 1273ms (888 modules)
 GET /live 200 in 2312ms
 ✓ Compiled in 1268ms (888 modules)
 ✓ Compiled in 1252ms (888 modules)
 GET /live 200 in 2453ms
 ✓ Compiled in 1256ms (888 modules)
 GET /live 200 in 1380ms
 ✓ Compiled in 1236ms (888 modules)
 GET /live 200 in 2233ms
 ✓ Compiled in 1207ms (888 modules)
 ✓ Compiled in 1251ms (888 modules)
 GET /live 200 in 2400ms
 ✓ Compiled in 1255ms (888 modules)
 GET /live 200 in 1366ms
 ✓ Compiled in 1243ms (888 modules)
 GET /live 200 in 2292ms
 ✓ Compiled in 1240ms (888 modules)
 ✓ Compiled in 1266ms (888 modules)
 GET /live 200 in 2447ms
 ✓ Compiled in 1227ms (888 modules)
 GET /live 200 in 1331ms
 ✓ Compiled in 1230ms (888 modules)
 GET /live 200 in 2234ms
 ✓ Compiled in 1237ms (888 modules)
 GET /live 200 in 2301ms
 ✓ Compiled in 1222ms (888 modules)
 GET /live 200 in 1376ms
 ✓ Compiled in 1221ms (888 modules)
 ✓ Compiled in 1253ms (888 modules)
 GET /live 200 in 1348ms
 ✓ Compiled in 1231ms (888 modules)
 GET /live 200 in 1329ms
 ✓ Compiled in 1223ms (888 modules)
 GET /live 200 in 2214ms
 ✓ Compiled in 1246ms (888 modules)
 GET /live 200 in 2267ms
 ✓ Compiled in 1174ms (888 modules)
 GET /live 200 in 1507ms
 ✓ Compiled in 1388ms (888 modules)
 ✓ Compiled in 1239ms (888 modules)
 GET /live 200 in 1356ms
 ✓ Compiled in 1245ms (888 modules)
 GET /live 200 in 1337ms
 ✓ Compiled in 1229ms (888 modules)
 GET /live 200 in 2237ms
 ✓ Compiled in 1205ms (888 modules)
 ✓ Compiled in 1222ms (888 modules)
 GET /live 200 in 2370ms
 ✓ Compiled in 1225ms (888 modules)
 GET /live 200 in 1317ms
 ✓ Compiled in 2.2s (888 modules)
 GET /live 200 in 3289ms
 ✓ Compiled in 1395ms (888 modules)
 GET /live 200 in 2365ms
 ✓ Compiled in 1234ms (888 modules)
 GET /live 200 in 1418ms
 ✓ Compiled in 1259ms (888 modules)
 ✓ Compiled in 1296ms (888 modules)
 GET /live 200 in 1409ms
 ✓ Compiled in 1234ms (888 modules)
 GET /live 200 in 1332ms
 ✓ Compiled in 1237ms (888 modules)
 GET /live 200 in 2268ms
 ✓ Compiled in 1225ms (888 modules)
 GET /live 200 in 2292ms
 ✓ Compiled in 1241ms (888 modules)
 ✓ Compiled in 1233ms (888 modules)
 GET /live 200 in 1393ms
 ✓ Compiled in 1240ms (888 modules)
 GET /live 200 in 1335ms
 ✓ Compiled in 1209ms (888 modules)
 GET /live 200 in 1300ms
 ✓ Compiled in 2.8s (1966 modules)
 GET /live 500 in 3834ms
 ✓ Compiled in 1236ms (888 modules)
 GET /live 200 in 1448ms
 ✓ Compiled in 1322ms (888 modules)
 ✓ Compiled in 1298ms (888 modules)
 GET /live 200 in 1409ms
 ✓ Compiled in 1257ms (888 modules)
 GET /live 200 in 1354ms
 ✓ Compiled in 1248ms (888 modules)
 GET /live 200 in 2258ms
 ✓ Compiled in 1259ms (888 modules)
 GET /live 200 in 2285ms
 ✓ Compiled in 1192ms (888 modules)
 GET /live 200 in 1356ms
 ✓ Compiled in 1237ms (888 modules)
 ✓ Compiled in 1260ms (888 modules)
 GET /live 200 in 1367ms
 ✓ Compiled in 1229ms (888 modules)
 GET /live 200 in 1319ms
 ✓ Compiled in 1235ms (888 modules)
 GET /live 200 in 2242ms
 ✓ Compiled in 1237ms (888 modules)
 GET /live 200 in 2282ms
 ✓ Compiled in 1205ms (888 modules)
 GET /live 200 in 1364ms
 ✓ Compiled in 1234ms (888 modules)
 ✓ Compiled in 1325ms (888 modules)
 GET /live 200 in 1435ms
 ✓ Compiled in 1245ms (888 modules)
 GET /live 200 in 1354ms
 ✓ Compiled in 1268ms (888 modules)
 GET /live 200 in 2267ms
 ✓ Compiled in 1204ms (888 modules)
 GET /live 200 in 1381ms
 ✓ Compiled in 1242ms (888 modules)
 ✓ Compiled in 1238ms (888 modules)
 GET /live 200 in 1386ms
 ✓ Compiled in 1305ms (888 modules)
 GET /live 200 in 1398ms
 ✓ Compiled in 1256ms (888 modules)
 GET /live 200 in 2288ms
 ✓ Compiled in 1282ms (888 modules)
 GET /live 200 in 2312ms
 ✓ Compiled in 1238ms (888 modules)
 GET /live 200 in 1397ms
 ✓ Compiled in 1254ms (888 modules)
 ✓ Compiled in 1261ms (888 modules)
 GET /live 200 in 1364ms
 ✓ Compiled in 1358ms (888 modules)
 GET /live 200 in 1466ms
 ✓ Compiled in 1311ms (888 modules)
 GET /live 200 in 2352ms
 ✓ Compiled in 1279ms (888 modules)
 GET /live 200 in 2354ms
 ✓ Compiled in 1258ms (888 modules)
 ✓ Compiled in 1310ms (888 modules)
 GET /live 200 in 1475ms
 ✓ Compiled in 1290ms (888 modules)
 GET /live 200 in 1394ms
 ✓ Compiled in 1276ms (888 modules)
 GET /live 200 in 1400ms
 ✓ Compiled in 1261ms (888 modules)
 GET /live 200 in 2271ms
 ✓ Compiled in 1219ms (888 modules)
 GET /live 200 in 1407ms
 ✓ Compiled in 1280ms (888 modules)
 ✓ Compiled in 1301ms (888 modules)
 GET /live 200 in 1451ms
 ✓ Compiled in 1708ms (888 modules)
 GET /live 200 in 2274ms
 ✓ Compiled in 1783ms (888 modules)
 GET /live 200 in 2596ms
 ✓ Compiled in 1353ms (888 modules)
 GET /live 200 in 2373ms
 ✓ Compiled in 1267ms (888 modules)
 GET /live 200 in 1429ms
 ✓ Compiled in 1286ms (888 modules)
 ✓ Compiled in 1273ms (888 modules)
 GET /live 200 in 1399ms
 ✓ Compiled in 1309ms (888 modules)
 GET /live 200 in 1410ms
 ✓ Compiled in 1302ms (888 modules)
 GET /live 200 in 2319ms
 ✓ Compiled in 1286ms (888 modules)
 GET /live 200 in 2375ms
 ✓ Compiled in 1254ms (888 modules)
 ✓ Compiled in 1268ms (888 modules)
 GET /live 200 in 1418ms
 ✓ Compiled in 1291ms (888 modules)
 GET /live 200 in 1404ms
 ✓ Compiled in 1314ms (888 modules)
 GET /live 200 in 1411ms
 ✓ Compiled in 1229ms (888 modules)
 ✓ Compiled in 1254ms (888 modules)
 GET /live 200 in 2459ms
 ✓ Compiled in 1355ms (888 modules)
 GET /live 200 in 1473ms
 ✓ Compiled in 1324ms (888 modules)
 GET /live 200 in 2339ms
 ✓ Compiled in 3s (1966 modules)
 GET /live 500 in 3971ms
 ✓ Compiled in 1238ms (888 modules)
 GET /live 200 in 1455ms
 ✓ Compiled in 1319ms (888 modules)
 ✓ Compiled in 1246ms (888 modules)
 GET /live 200 in 1346ms
 ✓ Compiled in 1250ms (888 modules)
 GET /live 200 in 1350ms
 ✓ Compiled in 1347ms (888 modules)
 GET /live 200 in 2417ms
 ✓ Compiled in 1270ms (888 modules)
 ✓ Compiled in 1237ms (888 modules)
 GET /live 200 in 2444ms
 ✓ Compiled in 1265ms (888 modules)
 GET /live 200 in 1363ms
 ✓ Compiled in 1260ms (888 modules)
 GET /live 200 in 2265ms
 ✓ Compiled in 1242ms (888 modules)
 GET /live 200 in 2246ms
 ✓ Compiled in 1219ms (888 modules)
 GET /live 200 in 1389ms
 ✓ Compiled in 1245ms (888 modules)
 ✓ Compiled in 1290ms (888 modules)
 GET /live 200 in 1402ms
 ✓ Compiled in 1352ms (888 modules)
 GET /live 200 in 1461ms
 ✓ Compiled in 1299ms (888 modules)
 GET /live 200 in 2332ms
 ✓ Compiled in 1284ms (888 modules)
 GET /live 200 in 2449ms
 ✓ Compiled in 1340ms (888 modules)
 ✓ Compiled in 1308ms (888 modules)
 GET /live 200 in 1477ms
 ✓ Compiled in 1282ms (888 modules)
 GET /live 200 in 1384ms
 ✓ Compiled in 1306ms (888 modules)
 GET /live 200 in 1431ms
 ✓ Compiled in 1339ms (888 modules)
 GET /live 200 in 2360ms
 ✓ Compiled in 1233ms (888 modules)
 GET /live 200 in 1383ms
 ✓ Compiled in 1254ms (888 modules)
 ✓ Compiled in 1271ms (888 modules)
 GET /live 200 in 1428ms
 ✓ Compiled in 1323ms (888 modules)
 GET /live 200 in 1441ms
 ✓ Compiled in 1284ms (888 modules)
 GET /live 200 in 2346ms
 ✓ Compiled in 1260ms (888 modules)
 ✓ Compiled in 1297ms (888 modules)
 GET /live 200 in 2511ms
 ✓ Compiled in 1282ms (888 modules)
 GET /live 200 in 1384ms
 ✓ Compiled in 1267ms (888 modules)
 GET /live 200 in 2308ms
 ✓ Compiled in 1283ms (888 modules)
 GET /live 200 in 2363ms
 ✓ Compiled in 1257ms (888 modules)
 GET /live 200 in 1408ms
 ✓ Compiled in 1256ms (888 modules)
 ✓ Compiled in 1864ms (888 modules)
 GET /live 200 in 2211ms
 ✓ Compiled in 1604ms (888 modules)
 GET /live 200 in 1689ms
 ✓ Compiled in 1359ms (888 modules)
 GET /live 200 in 2400ms
 ✓ Compiled in 1311ms (888 modules)
 GET /live 200 in 2383ms
 ✓ Compiled in 1246ms (888 modules)
 ✓ Compiled in 1342ms (888 modules)
 GET /live 200 in 1500ms
 ✓ Compiled in 1302ms (888 modules)
 GET /live 200 in 1400ms
 ✓ Compiled in 1270ms (888 modules)
 GET /live 200 in 1377ms
 ✓ Compiled in 1248ms (888 modules)
 ✓ Compiled in 1274ms (888 modules)
 GET /live 200 in 2484ms
 ✓ Compiled in 1279ms (888 modules)
 GET /live 200 in 1384ms
 ✓ Compiled in 1267ms (888 modules)
 GET /live 200 in 1382ms
 ✓ Compiled in 1300ms (888 modules)
 ✓ Compiled in 1260ms (888 modules)
 GET /live 200 in 2494ms
 ✓ Compiled in 1261ms (888 modules)
 GET /live 200 in 1362ms
 ✓ Compiled in 1266ms (888 modules)
 GET /live 200 in 1369ms
 ✓ Compiled in 1270ms (888 modules)
 GET /live 200 in 2335ms
 ✓ Compiled in 1270ms (888 modules)
 GET /live 200 in 2397ms
 ✓ Compiled in 1297ms (888 modules)
 ✓ Compiled in 1269ms (888 modules)
 GET /live 200 in 1428ms
 ✓ Compiled in 1257ms (888 modules)
 GET /live 200 in 1355ms
 ✓ Compiled in 1283ms (888 modules)
 GET /live 200 in 1396ms
 ✓ Compiled in 1241ms (888 modules)
 ✓ Compiled in 1248ms (888 modules)
 GET /live 200 in 2446ms
 ✓ Compiled in 1289ms (888 modules)
 GET /live 200 in 1376ms
 ✓ Compiled in 1256ms (888 modules)
 GET /live 200 in 2279ms
 ✓ Compiled in 1264ms (888 modules)
 GET /live 200 in 2274ms
 ✓ Compiled in 1221ms (888 modules)
 GET /live 200 in 1401ms
 ✓ Compiled in 1268ms (888 modules)
 ✓ Compiled in 1282ms (888 modules)
 GET /live 200 in 1384ms
 ✓ Compiled in 1297ms (888 modules)
 GET /live 200 in 1400ms
 ✓ Compiled in 1297ms (888 modules)
 GET /live 200 in 2330ms
 ✓ Compiled in 1278ms (888 modules)
 GET /live 200 in 2337ms
 ✓ Compiled in 1232ms (888 modules)
 ✓ Compiled in 1263ms (888 modules)
 GET /live 200 in 1418ms
 ✓ Compiled in 1246ms (888 modules)
 GET /live 200 in 1343ms
 ✓ Compiled in 1263ms (888 modules)
 GET /live 200 in 1366ms
 ✓ Compiled in 1240ms (888 modules)
 ✓ Compiled in 1252ms (888 modules)
 GET /live 200 in 2443ms
 ✓ Compiled in 1266ms (888 modules)
 GET /live 200 in 1362ms
 ✓ Compiled in 1276ms (888 modules)
 GET /live 200 in 1382ms
 ✓ Compiled in 1338ms (888 modules)
 GET /live 200 in 2382ms
 ✓ Compiled in 1240ms (888 modules)
 GET /live 200 in 2327ms
 ✓ Compiled in 1254ms (888 modules)
 ✓ Compiled in 1253ms (888 modules)
 GET /live 200 in 1394ms
 ✓ Compiled in 1268ms (888 modules)
 GET /live 200 in 1364ms
 ✓ Compiled in 1239ms (888 modules)
 GET /live 200 in 2271ms
 ✓ Compiled in 1253ms (888 modules)
 GET /live 200 in 2280ms
 ✓ Compiled in 1232ms (888 modules)
 GET /live 200 in 1390ms
 ✓ Compiled in 1258ms (888 modules)
 ✓ Compiled in 1256ms (888 modules)
 GET /live 200 in 1357ms
 GET /live 200 in 1440ms
 ✓ Compiled in 7.5s (1875 modules)
 GET /live 200 in 6631ms
 GET /live 200 in 288ms
 GET /live 200 in 293ms
 GET /live 200 in 291ms
 GET /live 200 in 291ms
 GET /live 200 in 305ms
 GET /live 200 in 291ms
 GET /live 200 in 298ms
 GET /live 200 in 286ms
 GET /live 200 in 303ms
 GET /live 200 in 301ms
 GET /live 200 in 321ms
 GET /live 200 in 298ms
 GET /live 200 in 328ms
 GET /live 200 in 318ms
 GET /live 200 in 298ms
 GET /live 200 in 294ms
 GET /live 200 in 291ms
 GET /live 200 in 330ms
 GET /live 200 in 302ms
 GET /live 200 in 302ms
 GET /live 200 in 312ms
 GET /live 200 in 319ms
 GET /live 200 in 303ms
 GET /live 200 in 299ms
 GET /live 200 in 298ms
 GET /live 200 in 289ms
 GET /live 200 in 302ms
 GET /live 200 in 323ms
 GET /live 200 in 312ms
 GET /live 200 in 305ms
 GET /live 200 in 282ms
 GET /live 200 in 264ms
 GET /live 200 in 275ms
 GET /live 200 in 261ms
 GET /live 200 in 269ms
 GET /live 200 in 276ms
 GET /live 200 in 261ms
 GET /live 200 in 1462ms
 ✓ Compiled in 1342ms (889 modules)
 GET /live 200 in 369ms
 GET /live 200 in 256ms
 GET /live 200 in 255ms
 GET /live 200 in 263ms
 GET /live 200 in 261ms
 GET /live 200 in 263ms
 GET /live 200 in 261ms
 GET /live 200 in 262ms
 GET /live 200 in 261ms
 GET /live 200 in 266ms
 GET /live 200 in 265ms
 GET /live 200 in 267ms
 GET /live 200 in 269ms
 GET /live 200 in 266ms
 GET /live 200 in 255ms
 GET /live 200 in 263ms
 GET /live 200 in 259ms
 GET /live 200 in 260ms
 GET /live 200 in 275ms
 GET /live 200 in 261ms
 GET /live 200 in 261ms
 GET /live 200 in 267ms
 GET /live 200 in 630ms
 ✓ Compiled in 1352ms (889 modules)
 GET /live 200 in 280ms
 GET /live 200 in 406ms
 ✓ Compiled in 1252ms (889 modules)
 GET /live 200 in 271ms
 ✓ Compiled in 1279ms (889 modules)
 GET /live 200 in 287ms
 ✓ Compiled in 1726ms (889 modules)
 GET /live 200 in 322ms
 ✓ Compiled in 1966ms (889 modules)
 ✓ Compiled in 1616ms (889 modules)
 GET /live 200 in 2753ms
 ✓ Compiled in 1415ms (889 modules)
 GET /live 200 in 2641ms
 ✓ Compiled in 1395ms (889 modules)
 ✓ Compiled in 1771ms (889 modules)
 GET /live 200 in 1985ms
 ✓ Compiled in 1519ms (889 modules)
 GET /live 200 in 1684ms
 ✓ Compiled in 2.1s (889 modules)
 GET /live 200 in 3334ms
 ✓ Compiled in 1488ms (889 modules)
 ✓ Compiled in 1561ms (889 modules)
 GET /live 200 in 1795ms
 ✓ Compiled in 1425ms (889 modules)
 GET /live 200 in 1625ms
 ✓ Compiled in 1451ms (889 modules)
 GET /live 200 in 2633ms
 ✓ Compiled in 1394ms (889 modules)
 GET /live 200 in 1635ms
 ✓ Compiled in 1441ms (889 modules)
 ✓ Compiled in 1565ms (889 modules)
 GET /live 200 in 2838ms
 ✓ Compiled in 2.7s (889 modules)
 GET /live 200 in 3144ms
 ✓ Compiled in 1555ms (889 modules)
 GET /live 200 in 1603ms
 ✓ Compiled in 1358ms (889 modules)
 ✓ Compiled in 1336ms (889 modules)
 GET /live 200 in 1584ms
 ✓ Compiled in 1378ms (889 modules)
 GET /live 200 in 2670ms
 ✓ Compiled in 1512ms (889 modules)
 ✓ Compiled in 1279ms (889 modules)
 GET /live 200 in 2737ms
 ✓ Compiled in 1239ms (889 modules)
 GET /live 200 in 2295ms
 ✓ Compiled in 1233ms (889 modules)
 ✓ Compiled in 1236ms (889 modules)
 GET /live 200 in 2425ms
 ✓ Compiled in 1364ms (889 modules)
 GET /live 200 in 2735ms
 ✓ Compiled in 1560ms (889 modules)
 ✓ Compiled in 1280ms (889 modules)
 GET /live 200 in 2553ms
 ✓ Compiled in 1245ms (889 modules)
 GET /live 200 in 1379ms
 ○ Compiling /_error ...
 ✓ Compiled /_error in 4.4s (1970 modules)
 GET /live 500 in 5548ms
 ✓ Compiled in 1341ms (890 modules)
 GET /live 200 in 1636ms
 ✓ Compiled in 1477ms (890 modules)
 ✓ Compiled in 1330ms (890 modules)
 GET /live 200 in 1445ms
 ✓ Compiled in 1285ms (890 modules)
 GET /live 200 in 1387ms
 ✓ Compiled in 1360ms (890 modules)
 GET /live 200 in 2436ms
 ✓ Compiled in 1321ms (890 modules)
 GET /live 200 in 2380ms
 ✓ Compiled in 1267ms (890 modules)
 ✓ Compiled in 1275ms (890 modules)
 GET /live 200 in 1472ms
 ✓ Compiled in 1245ms (890 modules)
 GET /live 200 in 1342ms
 ✓ Compiled in 1284ms (890 modules)
 GET /live 200 in 1409ms
 ✓ Compiled in 1265ms (890 modules)
 GET /live 200 in 2278ms
 ✓ Compiled in 1231ms (890 modules)
 GET /live 200 in 1386ms
 ✓ Compiled in 1253ms (890 modules)
 ✓ Compiled in 1254ms (890 modules)
 GET /live 200 in 1407ms
 ✓ Compiled in 1244ms (890 modules)
 GET /live 200 in 1366ms
 ✓ Compiled in 1259ms (890 modules)
 GET /live 200 in 2298ms
 ✓ Compiled in 1237ms (890 modules)
 ✓ Compiled in 1241ms (890 modules)
 GET /live 200 in 2436ms
 ✓ Compiled in 1268ms (890 modules)
 GET /live 200 in 1366ms
 ✓ Compiled in 1246ms (890 modules)
 GET /live 200 in 2265ms
 ✓ Compiled in 1233ms (890 modules)
 ✓ Compiled in 1231ms (890 modules)
 GET /live 200 in 2402ms
 ✓ Compiled in 1256ms (890 modules)
 GET /live 200 in 1367ms
 ✓ Compiled in 1251ms (890 modules)
 GET /live 200 in 2292ms
 ✓ Compiled in 1287ms (890 modules)
 GET /live 200 in 2353ms
 ✓ Compiled in 1225ms (890 modules)
 GET /live 200 in 1383ms
 ✓ Compiled in 1243ms (890 modules)
 ✓ Compiled in 1237ms (890 modules)
 GET /live 200 in 1339ms
 ✓ Compiled in 1366ms (890 modules)
 GET /live 200 in 1469ms
 ✓ Compiled in 1265ms (890 modules)
 GET /live 200 in 2292ms
 ✓ Compiled in 1275ms (890 modules)
 GET /live 200 in 2315ms
 ✓ Compiled in 1202ms (890 modules)
 ✓ Compiled in 1236ms (890 modules)
 GET /live 200 in 1379ms
 ✓ Compiled in 1243ms (890 modules)
 GET /live 200 in 1346ms
 ✓ Compiled in 1234ms (890 modules)
 GET /live 200 in 1335ms
 ✓ Compiled in 1257ms (890 modules)
 GET /live 200 in 2277ms
 ✓ Compiled in 1227ms (890 modules)
 GET /live 200 in 1381ms
 ✓ Compiled in 1242ms (890 modules)
 ✓ Compiled in 1315ms (890 modules)
 GET /live 200 in 1463ms
 ✓ Compiled in 1246ms (890 modules)
 GET /live 200 in 1340ms
 ✓ Compiled in 1291ms (890 modules)
 GET /live 200 in 1397ms
 ✓ Compiled in 1228ms (890 modules)
 ✓ Compiled in 1312ms (890 modules)
 GET /live 200 in 2499ms
 ✓ Compiled in 1671ms (890 modules)
 GET /live 200 in 2288ms
 ✓ Compiled in 3.2s (890 modules)
 GET /live 200 in 4575ms
 ✓ Compiled in 1651ms (890 modules)
 GET /live 200 in 2599ms
 ✓ Compiled in 1281ms (890 modules)
 GET /live 200 in 1456ms
 ✓ Compiled in 1286ms (890 modules)
 ✓ Compiled in 1261ms (890 modules)
 GET /live 200 in 1371ms
 ✓ Compiled in 1317ms (890 modules)
 GET /live 200 in 1430ms
 ✓ Compiled in 1293ms (890 modules)
 GET /live 200 in 2338ms
 ✓ Compiled in 1294ms (890 modules)
 GET /live 200 in 2381ms
 ✓ Compiled in 1262ms (890 modules)
 ✓ Compiled in 1259ms (890 modules)
 GET /live 200 in 1408ms
 ✓ Compiled in 1261ms (890 modules)
 GET /live 200 in 1377ms
 ✓ Compiled in 1264ms (890 modules)
 GET /live 200 in 1364ms
 ✓ Compiled in 1264ms (890 modules)
 GET /live 200 in 2296ms
 ✓ Compiled in 1226ms (890 modules)
 GET /live 200 in 1395ms
 ✓ Compiled in 1260ms (890 modules)
 ✓ Compiled in 1264ms (890 modules)
 GET /live 200 in 1424ms
 ✓ Compiled in 1264ms (890 modules)
 GET /live 200 in 1358ms
 ✓ Compiled in 1398ms (890 modules)
 GET /live 200 in 2545ms
 ✓ Compiled in 18.4s (1970 modules)
 GET /live 500 in 19402ms
 ✓ Compiled in 1302ms (890 modules)
 GET /live 200 in 1529ms
 ✓ Compiled in 1395ms (890 modules)
 ✓ Compiled in 1331ms (890 modules)
 GET /live 200 in 1447ms
 ✓ Compiled in 1292ms (890 modules)
 GET /live 200 in 1392ms
 ✓ Compiled in 1303ms (890 modules)
 GET /live 200 in 2336ms
 ✓ Compiled in 1301ms (890 modules)
 GET /live 200 in 2318ms
 ✓ Compiled in 1226ms (890 modules)
 GET /live 200 in 1397ms
 ✓ Compiled in 1261ms (890 modules)
 ✓ Compiled in 1307ms (890 modules)
 GET /live 200 in 1417ms
 ✓ Compiled in 1307ms (890 modules)
 GET /live 200 in 1422ms
 ✓ Compiled in 1317ms (890 modules)
 GET /live 200 in 2375ms
 ✓ Compiled in 1319ms (890 modules)
 GET /live 200 in 2377ms
 ✓ Compiled in 1252ms (890 modules)
 GET /live 200 in 1593ms
 ✓ Compiled in 1583ms (890 modules)
 ✓ Compiled in 1611ms (890 modules)
 GET /live 200 in 2493ms
 ✓ Compiled in 1377ms (890 modules)
 GET /live 200 in 1502ms
 ✓ Compiled in 1400ms (890 modules)
 GET /live 200 in 2460ms
 ✓ Compiled in 1330ms (890 modules)
 GET /live 200 in 2393ms
 ✓ Compiled in 1237ms (890 modules)
 GET /live 200 in 1498ms
 ✓ Compiled in 1355ms (890 modules)
 ✓ Compiled in 1268ms (890 modules)
 GET /live 200 in 1377ms
 ✓ Compiled in 1308ms (890 modules)
 GET /live 200 in 1422ms
 ✓ Compiled in 1288ms (890 modules)
 GET /live 200 in 2317ms
 ✓ Compiled in 1235ms (890 modules)
 GET /live 200 in 2362ms
 ✓ Compiled in 1275ms (890 modules)
 ✓ Compiled in 1276ms (890 modules)
 GET /live 200 in 1418ms
 ✓ Compiled in 1262ms (890 modules)
 GET /live 200 in 1358ms
 ✓ Compiled in 1273ms (890 modules)
 GET /live 200 in 1394ms
 ✓ Compiled in 1274ms (890 modules)
 ✓ Compiled in 1280ms (890 modules)
 GET /live 200 in 2492ms
 ✓ Compiled in 1282ms (890 modules)
 GET /live 200 in 1385ms
 ✓ Compiled in 1304ms (890 modules)
 GET /live 200 in 1400ms
 ✓ Compiled in 1287ms (890 modules)
 GET /live 200 in 2575ms
 ✓ Compiled in 1361ms (890 modules)
 ✓ Compiled in 1347ms (890 modules)
 GET /live 200 in 1451ms
 ✓ Compiled in 1302ms (890 modules)
 GET /live 200 in 1408ms
 ✓ Compiled in 1304ms (890 modules)
 GET /live 200 in 2365ms
 ✓ Compiled in 1321ms (890 modules)
 GET /live 200 in 2394ms
 ✓ Compiled in 1257ms (890 modules)
 ✓ Compiled in 1299ms (890 modules)
 GET /live 200 in 1467ms
 ✓ Compiled in 1273ms (890 modules)
 GET /live 200 in 1372ms
 ✓ Compiled in 1277ms (890 modules)
 GET /live 200 in 1382ms
 ✓ Compiled in 1342ms (890 modules)
 GET /live 200 in 2548ms
 ✓ Compiled in 1305ms (890 modules)
 ✓ Compiled in 1290ms (890 modules)
 GET /live 200 in 1388ms
 ✓ Compiled in 1274ms (890 modules)
 GET /live 200 in 1379ms
 ✓ Compiled in 1297ms (890 modules)
 GET /live 200 in 2431ms
 ✓ Compiled in 1360ms (890 modules)
 ✓ Compiled in 1372ms (890 modules)
 GET /live 200 in 2645ms
 ✓ Compiled in 1301ms (890 modules)
 GET /live 200 in 1405ms
 ✓ Compiled in 1314ms (890 modules)
 GET /live 200 in 1427ms
 ✓ Compiled in 1317ms (890 modules)
 GET /live 200 in 2368ms
 ✓ Compiled in 1263ms (890 modules)
 GET /live 200 in 1427ms
 ✓ Compiled in 1272ms (890 modules)
 ✓ Compiled in 1338ms (890 modules)
 GET /live 200 in 1479ms
 ✓ Compiled in 1285ms (890 modules)
 GET /live 200 in 1398ms
 ✓ Compiled in 1565ms (890 modules)
 GET /live 200 in 1693ms
 ✓ Compiled in 1414ms (890 modules)
 GET /live 200 in 3007ms
 ✓ Compiled in 1680ms (890 modules)
 ✓ Compiled in 2s (890 modules)
 GET /live 200 in 2183ms
 ✓ Compiled in 1965ms (890 modules)
 GET /live 200 in 2134ms
 ✓ Compiled in 1816ms (890 modules)
 GET /live 200 in 3329ms
 ✓ Compiled in 1786ms (890 modules)
 GET /live 200 in 1957ms
 ✓ Compiled in 1777ms (890 modules)
 ✓ Compiled in 1600ms (890 modules)
 GET /live 200 in 1782ms
 ✓ Compiled in 2.1s (890 modules)
 GET /live 200 in 2797ms
 ✓ Compiled in 2.4s (890 modules)
 GET /live 200 in 3173ms
 ✓ Compiled in 1462ms (890 modules)
 GET /live 200 in 2562ms
 ✓ Compiled in 1343ms (890 modules)
 GET /live 200 in 1664ms
 ✓ Compiled in 1499ms (890 modules)
 ✓ Compiled in 1370ms (890 modules)
 GET /live 200 in 1490ms
 ✓ Compiled in 1317ms (890 modules)
 GET /live 200 in 1416ms
 ✓ Compiled in 1337ms (890 modules)
 GET /live 200 in 2664ms
 ✓ Compiled in 1568ms (890 modules)
 GET /live 200 in 2670ms
 ✓ Compiled in 1293ms (890 modules)
 GET /live 200 in 1443ms
 ✓ Compiled in 1291ms (890 modules)
 ✓ Compiled in 1253ms (890 modules)
 GET /live 200 in 1360ms
 ✓ Compiled in 1304ms (890 modules)
 GET /live 200 in 1399ms
 ✓ Compiled in 1264ms (890 modules)
 GET /live 200 in 2301ms
 ✓ Compiled in 1241ms (890 modules)
 GET /live 200 in 1421ms
 ✓ Compiled in 1297ms (890 modules)
 ✓ Compiled in 1350ms (890 modules)
 GET /live 200 in 1537ms
 ✓ Compiled in 1259ms (890 modules)
 GET /live 200 in 1377ms
 ✓ Compiled in 1304ms (890 modules)
 GET /live 200 in 2377ms
 ✓ Compiled in 2.9s (1970 modules)
 GET /live 500 in 3970ms
 ✓ Compiled in 1277ms (890 modules)
 GET /live 200 in 1473ms
 ✓ Compiled in 1335ms (890 modules)
 ✓ Compiled in 1279ms (890 modules)
 GET /live 200 in 1388ms
 ✓ Compiled in 1297ms (890 modules)
 GET /live 200 in 1402ms
 ✓ Compiled in 1277ms (890 modules)
 GET /live 200 in 2291ms
 ✓ Compiled in 1280ms (890 modules)
 GET /live 200 in 2369ms
 ✓ Compiled in 1245ms (890 modules)
 ✓ Compiled in 1253ms (890 modules)
 GET /live 200 in 1392ms
 ✓ Compiled in 1276ms (890 modules)
 GET /live 200 in 1383ms
 ✓ Compiled in 1268ms (890 modules)
 GET /live 200 in 1383ms
 ✓ Compiled in 1253ms (890 modules)
 GET /live 200 in 2329ms
 ✓ Compiled in 1291ms (890 modules)
 GET /live 200 in 1422ms
 ✓ Compiled in 1268ms (890 modules)
 ✓ Compiled in 1257ms (890 modules)
 GET /live 200 in 1412ms
 ✓ Compiled in 1250ms (890 modules)
 GET /live 200 in 1354ms
 ✓ Compiled in 1280ms (890 modules)
 GET /live 200 in 2305ms
 ✓ Compiled in 1279ms (890 modules)
 GET /live 200 in 2304ms
 ✓ Compiled in 1245ms (890 modules)
 GET /live 200 in 1483ms
 ✓ Compiled in 1334ms (890 modules)
 ✓ Compiled in 1255ms (890 modules)
 GET /live 200 in 1360ms
 ✓ Compiled in 1248ms (890 modules)
 GET /live 200 in 1349ms
 ✓ Compiled in 1336ms (890 modules)
 GET /live 200 in 2371ms
 ✓ Compiled in 1280ms (890 modules)
 GET /live 200 in 2338ms
 ✓ Compiled in 1222ms (890 modules)
 GET /live 200 in 1397ms
 ✓ Compiled in 1264ms (890 modules)
 ✓ Compiled in 1259ms (890 modules)
 GET /live 200 in 1364ms
 ✓ Compiled in 1270ms (890 modules)
 GET /live 200 in 1367ms
 ✓ Compiled in 1258ms (890 modules)
 GET /live 200 in 2307ms
 ✓ Compiled in 1249ms (890 modules)
 GET /live 200 in 1437ms
 ✓ Compiled in 1300ms (890 modules)
 ✓ Compiled in 1299ms (890 modules)
 GET /live 200 in 1461ms
 ✓ Compiled in 1767ms (890 modules)
 GET /live 200 in 2290ms
 ✓ Compiled in 1814ms (890 modules)
 GET /live 200 in 1699ms
 ✓ Compiled in 3.1s (1970 modules)
 GET /live 500 in 4139ms
 ✓ Compiled in 1278ms (890 modules)
 GET /live 200 in 1516ms
 ✓ Compiled in 1363ms (890 modules)
 ✓ Compiled in 1281ms (890 modules)
 GET /live 200 in 1392ms
 ✓ Compiled in 1298ms (890 modules)
 GET /live 200 in 1409ms
 ✓ Compiled in 1281ms (890 modules)
 GET /live 200 in 2402ms
 ✓ Compiled in 1334ms (890 modules)
 ✓ Compiled in 1270ms (890 modules)
 GET /live 200 in 2540ms
 ✓ Compiled in 1292ms (890 modules)
 GET /live 200 in 1399ms
 ✓ Compiled in 1277ms (890 modules)
 GET /live 200 in 2324ms
 ✓ Compiled in 1272ms (890 modules)
 GET /live 200 in 2308ms
 ✓ Compiled in 1265ms (890 modules)
 GET /live 200 in 1406ms
 ✓ Compiled in 1260ms (890 modules)
 ✓ Compiled in 1313ms (890 modules)
 GET /live 200 in 1417ms
 ✓ Compiled in 1307ms (890 modules)
 GET /live 200 in 1429ms
 ✓ Compiled in 1302ms (890 modules)
 GET /live 200 in 2334ms
 ✓ Compiled in 1281ms (890 modules)
 GET /live 200 in 2362ms
 ✓ Compiled in 1243ms (890 modules)
 GET /live 200 in 1458ms
 ✓ Compiled in 1308ms (890 modules)
 ✓ Compiled in 1259ms (890 modules)
 GET /live 200 in 1359ms
 ✓ Compiled in 1304ms (890 modules)
 GET /live 200 in 1403ms
 ✓ Compiled in 1282ms (890 modules)
 GET /live 200 in 2328ms
 ✓ Compiled in 1241ms (890 modules)
 GET /live 200 in 2403ms
 ✓ Compiled in 1319ms (890 modules)
 ✓ Compiled in 1257ms (890 modules)
 GET /live 200 in 1425ms
 ✓ Compiled in 1270ms (890 modules)
 GET /live 200 in 1374ms
 ✓ Compiled in 1282ms (890 modules)
 GET /live 200 in 2304ms
 ✓ Compiled in 2.8s (1970 modules)
 GET /live 500 in 3896ms
 ✓ Compiled in 1354ms (890 modules)
 GET /live 200 in 1478ms
 ✓ Compiled in 1329ms (890 modules)
 ✓ Compiled in 1253ms (890 modules)
 GET /live 200 in 1364ms
 ✓ Compiled in 1262ms (890 modules)
 GET /live 200 in 1359ms
 ✓ Compiled in 1289ms (890 modules)
 GET /live 200 in 2332ms
 ✓ Compiled in 1282ms (890 modules)
 GET /live 200 in 2350ms
 ✓ Compiled in 1241ms (890 modules)
 ✓ Compiled in 1266ms (890 modules)
 GET /live 200 in 1425ms
 ✓ Compiled in 1265ms (890 modules)
 GET /live 200 in 1363ms
 ✓ Compiled in 1259ms (890 modules)
 GET /live 200 in 1372ms
 ✓ Compiled in 1231ms (890 modules)
 ✓ Compiled in 1257ms (890 modules)
 GET /live 200 in 2450ms
 ✓ Compiled in 1315ms (890 modules)
 GET /live 200 in 1418ms
 ✓ Compiled in 1278ms (890 modules)
 GET /live 200 in 2312ms
 ✓ Compiled in 1232ms (890 modules)
 ✓ Compiled in 1257ms (890 modules)
 GET /live 200 in 2427ms
 ✓ Compiled in 1305ms (890 modules)
 GET /live 200 in 1415ms
 ✓ Compiled in 1286ms (890 modules)
 GET /live 200 in 2368ms
 ✓ Compiled in 1319ms (890 modules)
 GET /live 200 in 2324ms
 ✓ Compiled in 1247ms (890 modules)
 GET /live 200 in 2065ms
 ✓ Compiled in 2.2s (890 modules)
 ✓ Compiled in 1591ms (890 modules)
 GET /live 200 in 2586ms
 ✓ Compiled in 1373ms (890 modules)
 GET /live 200 in 1479ms
 ✓ Compiled in 1416ms (890 modules)
 GET /live 200 in 2462ms
 ✓ Compiled in 1265ms (890 modules)
 GET /live 200 in 1465ms
 ✓ Compiled in 1282ms (890 modules)
 ✓ Compiled in 1307ms (890 modules)
 GET /live 200 in 1462ms
 ✓ Compiled in 1304ms (890 modules)
 GET /live 200 in 1394ms
 ✓ Compiled in 1275ms (890 modules)
 GET /live 200 in 1378ms
 ✓ Compiled in 3s (1970 modules)
 GET /live 500 in 3983ms
 ✓ Compiled in 1256ms (890 modules)
 GET /live 200 in 1473ms
 ✓ Compiled in 1347ms (890 modules)
 ✓ Compiled in 1268ms (890 modules)
 GET /live 200 in 1371ms
 ✓ Compiled in 1331ms (890 modules)
 GET /live 200 in 1438ms
 ✓ Compiled in 1287ms (890 modules)
 GET /live 200 in 2336ms
 ✓ Compiled in 1288ms (890 modules)
 ✓ Compiled in 1280ms (890 modules)
 GET /live 200 in 2492ms
 ✓ Compiled in 1298ms (890 modules)
 GET /live 200 in 1411ms
 ✓ Compiled in 1274ms (890 modules)
 GET /live 200 in 2354ms
 ✓ Compiled in 1326ms (890 modules)
 GET /live 200 in 2410ms
 ✓ Compiled in 1250ms (890 modules)
 ✓ Compiled in 1276ms (890 modules)
 GET /live 200 in 1425ms
 ✓ Compiled in 1294ms (890 modules)
 GET /live 200 in 1391ms
 ✓ Compiled in 1271ms (890 modules)
 GET /live 200 in 1372ms
 ✓ Compiled in 1242ms (890 modules)
 ✓ Compiled in 1305ms (890 modules)
 GET /live 200 in 2506ms
 ✓ Compiled in 1272ms (890 modules)
 GET /live 200 in 1366ms
 ✓ Compiled in 1281ms (890 modules)
 GET /live 200 in 1374ms
 ✓ Compiled in 2.8s (1970 modules)
 GET /live 500 in 3883ms
 ✓ Compiled in 1286ms (890 modules)
 GET /live 200 in 1471ms
 ✓ Compiled in 1340ms (890 modules)
 ✓ Compiled in 1259ms (890 modules)
 GET /live 200 in 1366ms
 ✓ Compiled in 1277ms (890 modules)
 GET /live 200 in 1375ms
 ✓ Compiled in 1264ms (890 modules)
 GET /live 200 in 2294ms
 ✓ Compiled in 1246ms (890 modules)
 ✓ Compiled in 1374ms (890 modules)
 GET /live 200 in 2556ms
 ✓ Compiled in 1269ms (890 modules)
 GET /live 200 in 1368ms
 ✓ Compiled in 1271ms (890 modules)
 GET /live 200 in 2330ms
 ✓ Compiled in 1264ms (890 modules)
 ✓ Compiled in 1252ms (890 modules)
 GET /live 200 in 2450ms
 ✓ Compiled in 1275ms (890 modules)
 GET /live 200 in 1389ms
 ✓ Compiled in 1290ms (890 modules)
 GET /live 200 in 2338ms
 ✓ Compiled in 1259ms (890 modules)
 ✓ Compiled in 1272ms (890 modules)
 GET /live 200 in 2466ms
 ✓ Compiled in 1294ms (890 modules)
 GET /live 200 in 1413ms
 ✓ Compiled in 1274ms (890 modules)
 GET /live 200 in 2325ms
 ✓ Compiled in 1247ms (890 modules)
 ✓ Compiled in 1276ms (890 modules)
 GET /live 200 in 2467ms
 ✓ Compiled in 1294ms (890 modules)
 GET /live 200 in 1397ms
 ✓ Compiled in 1265ms (890 modules)
 GET /live 200 in 2308ms
 ✓ Compiled in 2.2s (890 modules)
 GET /live 200 in 3627ms
 ✓ Compiled in 1572ms (890 modules)
 GET /live 200 in 1662ms
 ✓ Compiled in 1349ms (890 modules)
 ✓ Compiled in 1301ms (890 modules)
 GET /live 200 in 1415ms
 ✓ Compiled in 1324ms (890 modules)
 GET /live 200 in 1434ms
 ✓ Compiled in 1286ms (890 modules)
 GET /live 200 in 2330ms
 ✓ Compiled in 1263ms (890 modules)
 GET /live 200 in 1438ms
 ✓ Compiled in 1279ms (890 modules)
 ✓ Compiled in 1314ms (890 modules)
 GET /live 200 in 1484ms
 ✓ Compiled in 1294ms (890 modules)
 GET /live 200 in 1385ms
 ✓ Compiled in 1289ms (890 modules)
 GET /live 200 in 2341ms
 ✓ Compiled in 2.9s (1970 modules)
 GET /live 500 in 3983ms
 GET /live 200 in 595ms
 ✓ Compiled in 8.4s (1970 modules)
 GET /live 200 in 8266ms
 ✓ Compiled in 1356ms (890 modules)
 GET /live 200 in 387ms
 GET /live 200 in 261ms
 GET /live 200 in 276ms
 GET /live 200 in 272ms
 GET /live 200 in 274ms
 GET /live 200 in 259ms
 GET /live 200 in 270ms
 GET /live 200 in 263ms
 GET /live 200 in 270ms
 GET /live 200 in 258ms
 GET /live 200 in 257ms
 GET /live 200 in 260ms
 GET /live 200 in 268ms
 GET /live 200 in 265ms
 GET /live 200 in 266ms
 GET /live 200 in 260ms
 GET /live 200 in 260ms
 GET /live 200 in 264ms
 GET /live 200 in 257ms
 GET /live 200 in 298ms
 GET /live 200 in 1522ms
 ✓ Compiled in 3.2s (1970 modules)
 ✓ Compiled in 1234ms (890 modules)
 ✓ Compiled in 1240ms (890 modules)
 ✓ Compiled in 1245ms (890 modules)
 ✓ Compiled in 1236ms (890 modules)
 ✓ Compiled in 1390ms (890 modules)
 ✓ Compiled in 1254ms (890 modules)
 ✓ Compiled in 1296ms (890 modules)
 ✓ Compiled in 1244ms (890 modules)
 ✓ Compiled in 1221ms (890 modules)
 ✓ Compiled in 1239ms (890 modules)
 ✓ Compiled in 1241ms (890 modules)
 ✓ Compiled in 1262ms (890 modules)
 ✓ Compiled in 1232ms (890 modules)
 ✓ Compiled in 1233ms (890 modules)
 ✓ Compiled in 1224ms (890 modules)
 ✓ Compiled in 1238ms (890 modules)
 ✓ Compiled in 1244ms (890 modules)
 ✓ Compiled in 1230ms (890 modules)
 ✓ Compiled in 5.3s (1970 modules)
 ✓ Compiled in 1365ms (890 modules)
 ✓ Compiled in 3.1s (1874 modules)
 ✓ Compiled in 1404ms (889 modules)
 ✓ Compiled in 1300ms (889 modules)
 ✓ Compiled in 1270ms (889 modules)
 ✓ Compiled in 2.8s (889 modules)
 ✓ Compiled in 21.1s (1874 modules)
 ✓ Compiled in 16.6s (889 modules)
 ✓ Compiled in 1516ms (889 modules)
 ✓ Compiled in 1340ms (889 modules)
 ✓ Compiled in 1297ms (889 modules)
 ✓ Compiled in 1343ms (889 modules)
 ✓ Compiled in 1294ms (889 modules)
 ✓ Compiled in 1238ms (889 modules)
 ✓ Compiled in 1344ms (889 modules)
 ✓ Compiled in 1235ms (889 modules)
 ✓ Compiled in 1251ms (889 modules)
 ✓ Compiled in 1282ms (889 modules)
 ✓ Compiled in 1322ms (889 modules)
 ✓ Compiled in 1380ms (889 modules)
 ✓ Compiled in 1377ms (889 modules)
 ✓ Compiled in 2s (889 modules)
 ✓ Compiled in 1511ms (889 modules)
 ✓ Compiled in 1291ms (889 modules)
 ✓ Compiled in 1250ms (889 modules)
 ✓ Compiled in 2.5s (889 modules)
 ✓ Compiled in 1394ms (889 modules)
 ✓ Compiled in 1314ms (889 modules)
 ✓ Compiled in 1272ms (889 modules)
 ✓ Compiled in 1247ms (889 modules)
 ✓ Compiled in 1276ms (889 modules)
 ✓ Compiled in 1258ms (889 modules)
 ✓ Compiled in 1288ms (889 modules)
 ✓ Compiled in 1243ms (889 modules)
 ✓ Compiled in 1313ms (889 modules)
 ✓ Compiled in 1911ms (889 modules)
 ✓ Compiled in 1433ms (889 modules)
 ✓ Compiled in 1309ms (889 modules)
 ✓ Compiled in 1249ms (889 modules)
 ✓ Compiled in 1292ms (889 modules)
 ✓ Compiled in 1260ms (889 modules)
 ✓ Compiled in 1237ms (889 modules)
 ✓ Compiled in 1269ms (889 modules)
 ✓ Compiled in 1247ms (889 modules)
 ✓ Compiled in 1258ms (889 modules)
 ✓ Compiled in 1246ms (889 modules)
 ✓ Compiled in 1246ms (889 modules)
 ✓ Compiled in 1336ms (889 modules)
 ✓ Compiled in 1279ms (889 modules)
 ✓ Compiled in 1239ms (889 modules)
 ✓ Compiled in 1234ms (889 modules)
 ✓ Compiled in 1240ms (889 modules)
 ✓ Compiled in 1247ms (889 modules)
 ✓ Compiled in 1226ms (889 modules)
 ✓ Compiled in 1228ms (889 modules)
 ✓ Compiled in 1268ms (889 modules)
 ✓ Compiled in 1278ms (889 modules)
 ✓ Compiled in 1237ms (889 modules)
 ✓ Compiled in 1227ms (889 modules)
 ✓ Compiled in 1267ms (889 modules)
 ✓ Compiled in 1239ms (889 modules)
 ✓ Compiled in 1241ms (889 modules)
 ✓ Compiled in 1243ms (889 modules)
 ✓ Compiled in 1244ms (889 modules)
 ✓ Compiled in 1261ms (889 modules)
 ✓ Compiled in 1297ms (889 modules)
 ✓ Compiled in 1483ms (889 modules)
 ✓ Compiled in 1546ms (889 modules)
 ✓ Compiled in 1407ms (889 modules)
 ✓ Compiled in 1255ms (889 modules)
 ✓ Compiled in 1265ms (889 modules)
 ✓ Compiled in 1243ms (889 modules)
 ✓ Compiled in 1237ms (889 modules)
 ✓ Compiled in 1246ms (889 modules)
 ✓ Compiled in 1240ms (889 modules)
 ✓ Compiled in 1233ms (889 modules)
 ✓ Compiled in 1276ms (889 modules)
 ✓ Compiled in 1258ms (889 modules)
 ✓ Compiled in 2.1s (889 modules)
 ✓ Compiled in 1779ms (889 modules)
 ✓ Compiled in 1339ms (889 modules)
 ✓ Compiled in 1368ms (889 modules)
 ✓ Compiled in 1273ms (889 modules)
 ✓ Compiled in 1251ms (889 modules)
 ✓ Compiled in 1254ms (889 modules)
 ✓ Compiled in 1256ms (889 modules)
 ✓ Compiled in 1267ms (889 modules)
 ✓ Compiled in 1243ms (889 modules)
 ✓ Compiled in 1269ms (889 modules)
 ✓ Compiled in 1247ms (889 modules)
 ✓ Compiled in 1249ms (889 modules)
 ✓ Compiled in 1237ms (889 modules)
 ✓ Compiled in 1248ms (889 modules)
 ✓ Compiled in 1282ms (889 modules)
 ✓ Compiled in 1240ms (889 modules)
 ✓ Compiled in 1253ms (889 modules)
 ✓ Compiled in 1280ms (889 modules)
 ✓ Compiled in 1271ms (889 modules)
 ✓ Compiled in 1264ms (889 modules)
 ✓ Compiled in 1242ms (889 modules)
 ✓ Compiled in 1238ms (889 modules)
 ✓ Compiled in 1255ms (889 modules)
 ✓ Compiled in 1282ms (889 modules)
 ✓ Compiled in 1264ms (889 modules)
 ✓ Compiled in 1234ms (889 modules)
 ✓ Compiled in 1268ms (889 modules)
 ✓ Compiled in 1237ms (889 modules)
 ✓ Compiled in 1224ms (889 modules)
 ✓ Compiled in 1239ms (889 modules)
 ✓ Compiled in 1258ms (889 modules)
 ✓ Compiled in 1261ms (889 modules)
 ✓ Compiled in 1253ms (889 modules)
 ✓ Compiled in 1247ms (889 modules)
 ✓ Compiled in 1237ms (889 modules)
 ✓ Compiled in 1265ms (889 modules)
 ✓ Compiled in 1245ms (889 modules)
 ✓ Compiled in 1263ms (889 modules)
 ✓ Compiled in 1312ms (889 modules)
 ✓ Compiled in 1257ms (889 modules)
 ✓ Compiled in 1241ms (889 modules)
 ✓ Compiled in 1248ms (889 modules)
 ✓ Compiled in 1245ms (889 modules)
 ✓ Compiled in 1245ms (889 modules)
 ✓ Compiled in 1252ms (889 modules)
 ✓ Compiled in 1245ms (889 modules)
 ✓ Compiled in 1256ms (889 modules)
 ✓ Compiled in 1258ms (889 modules)
 ✓ Compiled in 1249ms (889 modules)
 ✓ Compiled in 1250ms (889 modules)
 ✓ Compiled in 1267ms (889 modules)
 ✓ Compiled in 1229ms (889 modules)
 ✓ Compiled in 1252ms (889 modules)
 ✓ Compiled in 2.1s (889 modules)
 ✓ Compiled in 1665ms (889 modules)
 ✓ Compiled in 1321ms (889 modules)
 ✓ Compiled in 1296ms (889 modules)
 ✓ Compiled in 1267ms (889 modules)
 ✓ Compiled in 1263ms (889 modules)
 ✓ Compiled in 1269ms (889 modules)
 ✓ Compiled in 1273ms (889 modules)
 ✓ Compiled in 1290ms (889 modules)
 ✓ Compiled in 1262ms (889 modules)
 ✓ Compiled in 1262ms (889 modules)
 ✓ Compiled in 1257ms (889 modules)
 ✓ Compiled in 1236ms (889 modules)
 ✓ Compiled in 1264ms (889 modules)
 ✓ Compiled in 1255ms (889 modules)
 ✓ Compiled in 1270ms (889 modules)
 ✓ Compiled in 1253ms (889 modules)
 ✓ Compiled in 1273ms (889 modules)
 ✓ Compiled in 1264ms (889 modules)
 ✓ Compiled in 1289ms (889 modules)
 ✓ Compiled in 1336ms (889 modules)
 ✓ Compiled in 1238ms (889 modules)
 ✓ Compiled in 1264ms (889 modules)
 ✓ Compiled in 1263ms (889 modules)
 ✓ Compiled in 1259ms (889 modules)
 ✓ Compiled in 1265ms (889 modules)
 ✓ Compiled in 1260ms (889 modules)
 ✓ Compiled in 1238ms (889 modules)
 ✓ Compiled in 1233ms (889 modules)
 ✓ Compiled in 1245ms (889 modules)
 ✓ Compiled in 1244ms (889 modules)
 ✓ Compiled in 1264ms (889 modules)
 ✓ Compiled in 1254ms (889 modules)
 ✓ Compiled in 1241ms (889 modules)
 ✓ Compiled in 1241ms (889 modules)
 ✓ Compiled in 1295ms (889 modules)
 ✓ Compiled in 1330ms (889 modules)
 ✓ Compiled in 1348ms (889 modules)
 ✓ Compiled in 1268ms (889 modules)
 ✓ Compiled in 1245ms (889 modules)
 ✓ Compiled in 1254ms (889 modules)
 ✓ Compiled in 1276ms (889 modules)
 ✓ Compiled in 1268ms (889 modules)
 ✓ Compiled in 1270ms (889 modules)
 ✓ Compiled in 1296ms (889 modules)
 ✓ Compiled in 1249ms (889 modules)
 ✓ Compiled in 1260ms (889 modules)
 ✓ Compiled in 1402ms (889 modules)
 ✓ Compiled in 1345ms (889 modules)
 ✓ Compiled in 1283ms (889 modules)
 ✓ Compiled in 1303ms (889 modules)
 ✓ Compiled in 1286ms (889 modules)
 ✓ Compiled in 1242ms (889 modules)
 ✓ Compiled in 1238ms (889 modules)
 ✓ Compiled in 2.1s (889 modules)
 ✓ Compiled in 1684ms (889 modules)
 ✓ Compiled in 1327ms (889 modules)
 ✓ Compiled in 1292ms (889 modules)
 ✓ Compiled in 1269ms (889 modules)
 ✓ Compiled in 1266ms (889 modules)
 ✓ Compiled in 1299ms (889 modules)
 ✓ Compiled in 1296ms (889 modules)
 ✓ Compiled in 1271ms (889 modules)
 ✓ Compiled in 1268ms (889 modules)
 ✓ Compiled in 1282ms (889 modules)
 ✓ Compiled in 1272ms (889 modules)
 ✓ Compiled in 1295ms (889 modules)
 ✓ Compiled in 1270ms (889 modules)
 ✓ Compiled in 1263ms (889 modules)
 ✓ Compiled in 1259ms (889 modules)
 ✓ Compiled in 1287ms (889 modules)
 ✓ Compiled in 1270ms (889 modules)
 ✓ Compiled in 1329ms (889 modules)
 ✓ Compiled in 1358ms (889 modules)
 ✓ Compiled in 1301ms (889 modules)
 ✓ Compiled in 1256ms (889 modules)
 ✓ Compiled in 1241ms (889 modules)
 ✓ Compiled in 1251ms (889 modules)
 ✓ Compiled in 1306ms (889 modules)
 ✓ Compiled in 1270ms (889 modules)
 ✓ Compiled in 1288ms (889 modules)
 ✓ Compiled in 1258ms (889 modules)
 ✓ Compiled in 1265ms (889 modules)
 ✓ Compiled in 1250ms (889 modules)
 ✓ Compiled in 1235ms (889 modules)
 ✓ Compiled in 1312ms (889 modules)
 ✓ Compiled in 1347ms (889 modules)
 ✓ Compiled in 1313ms (889 modules)
 ✓ Compiled in 1285ms (889 modules)
 ✓ Compiled in 1263ms (889 modules)
 ✓ Compiled in 1324ms (889 modules)
 ✓ Compiled in 1281ms (889 modules)
 ✓ Compiled in 1267ms (889 modules)
 ✓ Compiled in 1279ms (889 modules)
 ✓ Compiled in 1260ms (889 modules)
 ✓ Compiled in 1267ms (889 modules)
 ✓ Compiled in 1314ms (889 modules)
 ✓ Compiled in 1268ms (889 modules)
 ✓ Compiled in 1289ms (889 modules)
 ✓ Compiled in 1294ms (889 modules)
 ✓ Compiled in 1257ms (889 modules)
 ✓ Compiled in 1308ms (889 modules)
 ✓ Compiled in 1272ms (889 modules)
 ✓ Compiled in 1254ms (889 modules)
 ✓ Compiled in 1255ms (889 modules)
 ✓ Compiled in 1257ms (889 modules)
 ✓ Compiled in 1256ms (889 modules)
 ✓ Compiled in 1237ms (889 modules)
 ✓ Compiled in 1764ms (889 modules)
 ✓ Compiled in 1641ms (889 modules)
 ✓ Compiled in 1390ms (889 modules)
 ✓ Compiled in 1311ms (889 modules)
 ✓ Compiled in 1305ms (889 modules)
 ✓ Compiled in 1277ms (889 modules)
 ✓ Compiled in 1267ms (889 modules)
 ✓ Compiled in 1272ms (889 modules)
 ✓ Compiled in 1291ms (889 modules)
 ✓ Compiled in 1279ms (889 modules)
 ✓ Compiled in 1268ms (889 modules)
 ✓ Compiled in 1276ms (889 modules)
 ✓ Compiled in 1289ms (889 modules)
 ✓ Compiled in 1267ms (889 modules)
 ✓ Compiled in 1270ms (889 modules)
 ✓ Compiled in 1285ms (889 modules)
 ✓ Compiled in 1370ms (889 modules)
 ✓ Compiled in 1254ms (889 modules)
 ✓ Compiled in 1277ms (889 modules)
 ✓ Compiled in 1304ms (889 modules)
 ✓ Compiled in 1293ms (889 modules)
 ✓ Compiled in 1250ms (889 modules)
 ✓ Compiled in 1268ms (889 modules)
 ✓ Compiled in 1296ms (889 modules)
 ✓ Compiled in 1319ms (889 modules)
 ✓ Compiled in 1290ms (889 modules)
 ✓ Compiled in 1295ms (889 modules)
 ✓ Compiled in 1262ms (889 modules)
 ✓ Compiled in 1332ms (889 modules)
 ✓ Compiled in 1255ms (889 modules)
 ✓ Compiled in 1246ms (889 modules)
 ✓ Compiled in 1289ms (889 modules)
 ✓ Compiled in 1255ms (889 modules)
 ✓ Compiled in 1255ms (889 modules)
 ✓ Compiled in 1251ms (889 modules)
 ✓ Compiled in 1280ms (889 modules)
 ✓ Compiled in 1258ms (889 modules)
 ✓ Compiled in 1274ms (889 modules)
 ✓ Compiled in 1260ms (889 modules)
 ✓ Compiled in 1281ms (889 modules)
 ✓ Compiled in 1282ms (889 modules)
 ✓ Compiled in 1246ms (889 modules)
 ✓ Compiled in 1252ms (889 modules)
 ✓ Compiled in 1279ms (889 modules)
 ✓ Compiled in 1250ms (889 modules)
 ✓ Compiled in 1256ms (889 modules)
 ✓ Compiled in 1273ms (889 modules)
 ✓ Compiled in 1256ms (889 modules)
 ✓ Compiled in 1288ms (889 modules)
 ✓ Compiled in 1266ms (889 modules)
 ✓ Compiled in 1294ms (889 modules)
 ✓ Compiled in 1339ms (889 modules)
 ✓ Compiled in 1306ms (889 modules)
 ✓ Compiled in 1265ms (889 modules)
 ✓ Compiled in 2.2s (889 modules)
 ✓ Compiled in 1628ms (889 modules)
 ✓ Compiled in 1346ms (889 modules)
 ✓ Compiled in 1274ms (889 modules)
 ✓ Compiled in 1368ms (889 modules)
 ✓ Compiled in 1353ms (889 modules)
 ✓ Compiled in 1314ms (889 modules)
 ✓ Compiled in 1283ms (889 modules)
 ✓ Compiled in 1315ms (889 modules)
 ✓ Compiled in 1278ms (889 modules)
 ✓ Compiled in 1262ms (889 modules)
 ✓ Compiled in 1276ms (889 modules)
 ✓ Compiled in 1321ms (889 modules)
 ✓ Compiled in 1266ms (889 modules)
 ✓ Compiled in 1278ms (889 modules)
 ✓ Compiled in 1266ms (889 modules)
 ✓ Compiled in 1290ms (889 modules)
 ✓ Compiled in 1305ms (889 modules)
 ✓ Compiled in 1406ms (889 modules)
 ✓ Compiled in 1326ms (889 modules)
 ✓ Compiled in 1320ms (889 modules)
 ✓ Compiled in 1262ms (889 modules)
 ✓ Compiled in 1266ms (889 modules)
 ✓ Compiled in 1283ms (889 modules)
 ✓ Compiled in 1295ms (889 modules)
 ✓ Compiled in 1329ms (889 modules)
 ✓ Compiled in 1282ms (889 modules)
 ✓ Compiled in 1270ms (889 modules)
 ✓ Compiled in 1257ms (889 modules)
 ✓ Compiled in 1267ms (889 modules)
 ✓ Compiled in 1285ms (889 modules)
 ✓ Compiled in 1390ms (889 modules)
 ✓ Compiled in 1279ms (889 modules)
 ✓ Compiled in 1261ms (889 modules)
 ✓ Compiled in 1270ms (889 modules)
 ✓ Compiled in 1268ms (889 modules)
 ✓ Compiled in 1288ms (889 modules)
 ✓ Compiled in 1271ms (889 modules)
 ✓ Compiled in 1283ms (889 modules)
 ✓ Compiled in 1279ms (889 modules)
 ✓ Compiled in 1294ms (889 modules)
 ✓ Compiled in 1288ms (889 modules)
 ✓ Compiled in 1305ms (889 modules)
 ✓ Compiled in 1313ms (889 modules)
 ✓ Compiled in 1269ms (889 modules)
 ✓ Compiled in 1280ms (889 modules)
 ✓ Compiled in 1268ms (889 modules)
 ✓ Compiled in 1282ms (889 modules)
 ✓ Compiled in 1288ms (889 modules)
 ✓ Compiled in 1265ms (889 modules)
 ✓ Compiled in 1267ms (889 modules)
 ✓ Compiled in 1302ms (889 modules)
 ✓ Compiled in 1256ms (889 modules)
 ✓ Compiled in 1257ms (889 modules)
 ✓ Compiled in 2s (889 modules)
 ✓ Compiled in 1660ms (889 modules)
 ✓ Compiled in 1351ms (889 modules)
 ✓ Compiled in 1334ms (889 modules)
 ✓ Compiled in 1295ms (889 modules)
 ✓ Compiled in 1284ms (889 modules)
 ✓ Compiled in 1292ms (889 modules)
 ✓ Compiled in 1315ms (889 modules)
 ✓ Compiled in 1279ms (889 modules)
 ✓ Compiled in 1271ms (889 modules)
 ✓ Compiled in 1315ms (889 modules)
 ✓ Compiled in 1368ms (889 modules)
 ✓ Compiled in 1323ms (889 modules)
 ✓ Compiled in 1289ms (889 modules)
 ✓ Compiled in 1278ms (889 modules)
 ✓ Compiled in 1281ms (889 modules)
 ✓ Compiled in 1294ms (889 modules)
 ✓ Compiled in 1265ms (889 modules)
 ✓ Compiled in 1316ms (889 modules)
 ✓ Compiled in 1300ms (889 modules)
 ✓ Compiled in 1278ms (889 modules)
 ✓ Compiled in 1273ms (889 modules)
 ✓ Compiled in 1292ms (889 modules)
 ✓ Compiled in 1298ms (889 modules)
 ✓ Compiled in 1295ms (889 modules)
 ✓ Compiled in 1300ms (889 modules)
 ✓ Compiled in 1259ms (889 modules)
 ✓ Compiled in 1264ms (889 modules)
 ✓ Compiled in 1258ms (889 modules)
 ✓ Compiled in 1264ms (889 modules)
 ✓ Compiled in 1266ms (889 modules)
 ✓ Compiled in 1272ms (889 modules)
 ✓ Compiled in 1257ms (889 modules)
 ✓ Compiled in 1261ms (889 modules)
 ✓ Compiled in 1309ms (889 modules)
 ✓ Compiled in 1311ms (889 modules)
 ✓ Compiled in 1279ms (889 modules)
 ✓ Compiled in 1286ms (889 modules)
 ✓ Compiled in 1285ms (889 modules)
 ✓ Compiled in 1270ms (889 modules)
 ✓ Compiled in 1284ms (889 modules)
 ✓ Compiled in 1261ms (889 modules)
 ✓ Compiled in 1276ms (889 modules)
 ✓ Compiled in 1262ms (889 modules)
 ✓ Compiled in 1281ms (889 modules)
 ✓ Compiled in 1268ms (889 modules)
 ✓ Compiled in 1290ms (889 modules)
 ✓ Compiled in 1345ms (889 modules)
 ✓ Compiled in 1286ms (889 modules)
 ✓ Compiled in 1263ms (889 modules)
 ✓ Compiled in 1301ms (889 modules)
 ✓ Compiled in 1283ms (889 modules)
 ✓ Compiled in 1270ms (889 modules)
 ✓ Compiled in 1265ms (889 modules)
 ✓ Compiled in 2.2s (889 modules)
 ✓ Compiled in 1621ms (889 modules)
 ✓ Compiled in 1381ms (889 modules)
 ✓ Compiled in 1342ms (889 modules)
 ✓ Compiled in 1320ms (889 modules)
 ✓ Compiled in 1293ms (889 modules)
 ✓ Compiled in 1289ms (889 modules)
 ✓ Compiled in 1419ms (889 modules)
 ✓ Compiled in 2.1s (889 modules)
 ✓ Compiled in 1479ms (889 modules)
 ✓ Compiled in 1348ms (889 modules)
 ✓ Compiled in 1426ms (889 modules)
 ✓ Compiled in 1366ms (889 modules)
 ✓ Compiled in 1383ms (889 modules)
 ✓ Compiled in 1409ms (889 modules)
 ✓ Compiled in 1359ms (889 modules)
 ✓ Compiled in 1338ms (889 modules)
 ✓ Compiled in 1284ms (889 modules)
 ✓ Compiled in 1307ms (889 modules)
 ✓ Compiled in 1314ms (889 modules)
 ✓ Compiled in 1312ms (889 modules)
 ✓ Compiled in 1272ms (889 modules)
 ✓ Compiled in 1290ms (889 modules)
 ✓ Compiled in 1309ms (889 modules)
 ✓ Compiled in 1330ms (889 modules)
 ✓ Compiled in 1444ms (889 modules)
 ✓ Compiled in 1301ms (889 modules)
 ✓ Compiled in 1279ms (889 modules)
 ✓ Compiled in 1335ms (889 modules)
 ✓ Compiled in 1655ms (889 modules)
 ✓ Compiled in 1506ms (889 modules)
 ✓ Compiled in 1337ms (889 modules)
 ✓ Compiled in 1293ms (889 modules)
 ✓ Compiled in 1296ms (889 modules)
 ✓ Compiled in 1271ms (889 modules)
 ✓ Compiled in 1350ms (889 modules)
 ✓ Compiled in 1342ms (889 modules)
 ✓ Compiled in 1295ms (889 modules)
 ✓ Compiled in 1340ms (889 modules)
 ✓ Compiled in 1351ms (889 modules)
 ✓ Compiled in 1325ms (889 modules)
 ✓ Compiled in 1394ms (889 modules)
 ✓ Compiled in 1352ms (889 modules)
 ✓ Compiled in 1290ms (889 modules)
 ✓ Compiled in 1365ms (889 modules)
 ✓ Compiled in 1374ms (889 modules)
 ✓ Compiled in 1381ms (889 modules)
 ✓ Compiled in 1443ms (889 modules)
 ✓ Compiled in 1311ms (889 modules)
 ✓ Compiled in 1289ms (889 modules)
 ✓ Compiled in 1290ms (889 modules)
 ✓ Compiled in 1369ms (889 modules)
 ✓ Compiled in 1334ms (889 modules)
 ✓ Compiled in 1296ms (889 modules)
 ✓ Compiled in 2.2s (889 modules)
 ✓ Compiled in 1663ms (889 modules)
 ✓ Compiled in 1352ms (889 modules)
 ✓ Compiled in 1338ms (889 modules)
 ✓ Compiled in 1382ms (889 modules)
 ✓ Compiled in 1352ms (889 modules)
 ✓ Compiled in 1319ms (889 modules)
 ✓ Compiled in 1322ms (889 modules)
 ✓ Compiled in 1323ms (889 modules)
 ✓ Compiled in 1294ms (889 modules)
 ✓ Compiled in 1301ms (889 modules)
 ✓ Compiled in 1312ms (889 modules)
 ✓ Compiled in 1299ms (889 modules)
 ✓ Compiled in 1299ms (889 modules)
 ✓ Compiled in 1308ms (889 modules)
 ✓ Compiled in 1386ms (889 modules)
 ✓ Compiled in 1319ms (889 modules)
 ✓ Compiled in 1295ms (889 modules)
 ✓ Compiled in 1304ms (889 modules)
 ✓ Compiled in 1365ms (889 modules)
 ✓ Compiled in 1290ms (889 modules)
 ✓ Compiled in 1293ms (889 modules)
 ✓ Compiled in 1332ms (889 modules)
 ✓ Compiled in 1329ms (889 modules)
 ✓ Compiled in 1342ms (889 modules)
 ✓ Compiled in 1466ms (889 modules)
 ✓ Compiled in 1402ms (889 modules)
 ✓ Compiled in 1302ms (889 modules)
 ✓ Compiled in 1288ms (889 modules)
 ✓ Compiled in 1292ms (889 modules)
 ✓ Compiled in 1296ms (889 modules)
 ✓ Compiled in 1297ms (889 modules)
 ✓ Compiled in 1295ms (889 modules)
 ✓ Compiled in 1300ms (889 modules)
 ✓ Compiled in 1289ms (889 modules)
 ✓ Compiled in 1293ms (889 modules)
 ✓ Compiled in 1304ms (889 modules)
 ✓ Compiled in 1321ms (889 modules)
 ✓ Compiled in 1432ms (889 modules)
 ✓ Compiled in 1292ms (889 modules)
 ✓ Compiled in 1288ms (889 modules)
 ✓ Compiled in 1280ms (889 modules)
 ✓ Compiled in 1320ms (889 modules)
 ✓ Compiled in 1296ms (889 modules)
 ✓ Compiled in 1295ms (889 modules)
 ✓ Compiled in 1304ms (889 modules)
 ✓ Compiled in 1319ms (889 modules)
 ✓ Compiled in 1301ms (889 modules)
 ✓ Compiled in 1299ms (889 modules)
 ✓ Compiled in 1316ms (889 modules)
 ✓ Compiled in 1306ms (889 modules)
 ✓ Compiled in 1310ms (889 modules)
 ✓ Compiled in 1284ms (889 modules)
 ✓ Compiled in 1291ms (889 modules)
 ✓ Compiled in 1701ms (889 modules)
 ✓ Compiled in 1679ms (889 modules)
 ✓ Compiled in 1470ms (889 modules)
 ✓ Compiled in 1327ms (889 modules)
 ✓ Compiled in 1332ms (889 modules)
 ✓ Compiled in 1314ms (889 modules)
 ✓ Compiled in 1393ms (889 modules)
 ✓ Compiled in 1305ms (889 modules)
 ✓ Compiled in 1310ms (889 modules)
 ✓ Compiled in 1308ms (889 modules)
 ✓ Compiled in 1306ms (889 modules)
 ✓ Compiled in 1305ms (889 modules)
 ✓ Compiled in 1302ms (889 modules)
 ✓ Compiled in 1316ms (889 modules)
 ✓ Compiled in 1302ms (889 modules)
 ✓ Compiled in 1309ms (889 modules)
 ✓ Compiled in 1313ms (889 modules)
 ✓ Compiled in 1385ms (889 modules)
 ✓ Compiled in 1345ms (889 modules)
 ✓ Compiled in 1337ms (889 modules)
 ✓ Compiled in 1312ms (889 modules)
 ✓ Compiled in 1295ms (889 modules)
 ✓ Compiled in 1302ms (889 modules)
 ✓ Compiled in 1331ms (889 modules)
 ✓ Compiled in 1338ms (889 modules)
 ✓ Compiled in 1341ms (889 modules)
 ✓ Compiled in 1291ms (889 modules)
 ✓ Compiled in 1288ms (889 modules)
 ✓ Compiled in 1310ms (889 modules)
 ✓ Compiled in 1386ms (889 modules)
 ✓ Compiled in 1325ms (889 modules)
 ✓ Compiled in 1399ms (889 modules)
 ✓ Compiled in 1380ms (889 modules)
 ✓ Compiled in 1318ms (889 modules)
 ✓ Compiled in 1292ms (889 modules)
 ✓ Compiled in 1300ms (889 modules)
 ✓ Compiled in 1305ms (889 modules)
 ✓ Compiled in 1308ms (889 modules)
 ✓ Compiled in 1303ms (889 modules)
 ✓ Compiled in 1301ms (889 modules)
 ✓ Compiled in 1331ms (889 modules)
 ✓ Compiled in 1302ms (889 modules)
 ✓ Compiled in 1294ms (889 modules)
 ✓ Compiled in 1288ms (889 modules)
 ✓ Compiled in 1289ms (889 modules)
 ✓ Compiled in 1292ms (889 modules)
 ✓ Compiled in 1310ms (889 modules)
 ✓ Compiled in 1285ms (889 modules)
 ✓ Compiled in 1316ms (889 modules)
 ✓ Compiled in 1307ms (889 modules)
 ✓ Compiled in 1298ms (889 modules)
 ✓ Compiled in 1314ms (889 modules)
 ✓ Compiled in 1444ms (889 modules)
 ✓ Compiled in 1286ms (889 modules)
 ✓ Compiled in 2.2s (889 modules)
 ✓ Compiled in 1665ms (889 modules)
 ✓ Compiled in 1379ms (889 modules)
 ✓ Compiled in 1323ms (889 modules)
 ✓ Compiled in 1316ms (889 modules)
 ✓ Compiled in 1321ms (889 modules)
 ✓ Compiled in 1323ms (889 modules)
 ✓ Compiled in 1325ms (889 modules)
 ✓ Compiled in 1355ms (889 modules)
 ✓ Compiled in 1326ms (889 modules)
 ✓ Compiled in 1313ms (889 modules)
 ✓ Compiled in 1327ms (889 modules)
 ✓ Compiled in 1324ms (889 modules)
 ✓ Compiled in 1310ms (889 modules)
 ✓ Compiled in 1317ms (889 modules)
 ✓ Compiled in 1318ms (889 modules)
 ✓ Compiled in 1352ms (889 modules)
 ✓ Compiled in 1396ms (889 modules)
 ✓ Compiled in 1347ms (889 modules)
 ✓ Compiled in 1455ms (889 modules)
 ✓ Compiled in 1387ms (889 modules)
 ✓ Compiled in 1304ms (889 modules)
 ✓ Compiled in 1319ms (889 modules)
 ✓ Compiled in 1348ms (889 modules)
 ✓ Compiled in 1333ms (889 modules)
 ✓ Compiled in 1322ms (889 modules)
 ✓ Compiled in 1336ms (889 modules)
 ✓ Compiled in 1294ms (889 modules)
 ✓ Compiled in 1285ms (889 modules)
 ✓ Compiled in 1282ms (889 modules)
 ✓ Compiled in 1294ms (889 modules)
 ✓ Compiled in 1399ms (889 modules)
 ✓ Compiled in 1297ms (889 modules)
 ✓ Compiled in 1304ms (889 modules)
 ✓ Compiled in 1307ms (889 modules)
 ✓ Compiled in 1302ms (889 modules)
 ✓ Compiled in 1308ms (889 modules)
 ✓ Compiled in 1298ms (889 modules)
 ✓ Compiled in 1324ms (889 modules)
 ✓ Compiled in 1300ms (889 modules)
 ✓ Compiled in 1316ms (889 modules)
 ✓ Compiled in 1296ms (889 modules)
 ✓ Compiled in 1343ms (889 modules)
 ✓ Compiled in 1335ms (889 modules)
 ✓ Compiled in 1296ms (889 modules)
 ✓ Compiled in 1298ms (889 modules)
 ✓ Compiled in 1327ms (889 modules)
 ✓ Compiled in 1318ms (889 modules)
 ✓ Compiled in 1374ms (889 modules)
 ✓ Compiled in 1355ms (889 modules)
 ✓ Compiled in 1292ms (889 modules)
 ✓ Compiled in 1350ms (889 modules)
 ✓ Compiled in 1310ms (889 modules)
 ✓ Compiled in 1288ms (889 modules)
 ✓ Compiled in 2.6s (889 modules)
 ✓ Compiled in 1399ms (889 modules)
 ✓ Compiled in 1344ms (889 modules)
 ✓ Compiled in 1367ms (889 modules)
 ✓ Compiled in 1347ms (889 modules)
 ✓ Compiled in 1316ms (889 modules)
 ✓ Compiled in 1319ms (889 modules)
 ✓ Compiled in 1318ms (889 modules)
 ✓ Compiled in 1310ms (889 modules)
 ✓ Compiled in 1301ms (889 modules)
 ✓ Compiled in 1401ms (889 modules)
 ✓ Compiled in 1340ms (889 modules)
 ✓ Compiled in 1328ms (889 modules)
 ✓ Compiled in 1304ms (889 modules)
 ✓ Compiled in 1314ms (889 modules)
 ✓ Compiled in 1318ms (889 modules)
 ✓ Compiled in 1304ms (889 modules)
 ✓ Compiled in 1301ms (889 modules)
 ✓ Compiled in 1304ms (889 modules)
 ✓ Compiled in 1311ms (889 modules)
 ✓ Compiled in 1295ms (889 modules)
 ✓ Compiled in 1337ms (889 modules)
 ✓ Compiled in 1325ms (889 modules)
 ✓ Compiled in 1326ms (889 modules)
 ✓ Compiled in 1321ms (889 modules)
 ✓ Compiled in 1300ms (889 modules)
 ✓ Compiled in 1289ms (889 modules)
 ✓ Compiled in 1292ms (889 modules)
 ✓ Compiled in 1309ms (889 modules)
 ✓ Compiled in 1296ms (889 modules)
 ✓ Compiled in 1315ms (889 modules)
 ✓ Compiled in 1298ms (889 modules)
 ✓ Compiled in 1303ms (889 modules)
 ✓ Compiled in 1376ms (889 modules)
 ✓ Compiled in 1357ms (889 modules)
 ✓ Compiled in 1408ms (889 modules)
 ✓ Compiled in 1458ms (889 modules)
 ✓ Compiled in 1405ms (889 modules)
 ✓ Compiled in 1322ms (889 modules)
 ✓ Compiled in 1301ms (889 modules)
 ✓ Compiled in 1297ms (889 modules)
 ✓ Compiled in 1313ms (889 modules)
 ✓ Compiled in 1322ms (889 modules)
 ✓ Compiled in 1364ms (889 modules)
 ✓ Compiled in 1465ms (889 modules)
 ✓ Compiled in 1301ms (889 modules)
 ✓ Compiled in 1316ms (889 modules)
 ✓ Compiled in 1303ms (889 modules)
 ✓ Compiled in 1301ms (889 modules)
 ✓ Compiled in 1293ms (889 modules)
 ✓ Compiled in 1297ms (889 modules)
 ✓ Compiled in 1313ms (889 modules)
 ✓ Compiled in 1321ms (889 modules)
 ✓ Compiled in 1684ms (889 modules)
 ✓ Compiled in 1930ms (889 modules)
 ✓ Compiled in 1488ms (889 modules)
 ✓ Compiled in 1354ms (889 modules)
 ✓ Compiled in 1347ms (889 modules)
 ✓ Compiled in 1325ms (889 modules)
 ✓ Compiled in 1332ms (889 modules)
 ✓ Compiled in 1345ms (889 modules)
 ✓ Compiled in 1330ms (889 modules)
 ✓ Compiled in 1316ms (889 modules)
 ✓ Compiled in 1305ms (889 modules)
 ✓ Compiled in 1325ms (889 modules)
 ✓ Compiled in 1314ms (889 modules)
 ✓ Compiled in 1334ms (889 modules)
 ✓ Compiled in 1318ms (889 modules)
 ✓ Compiled in 1323ms (889 modules)
 ✓ Compiled in 1318ms (889 modules)
 ✓ Compiled in 1323ms (889 modules)
 ✓ Compiled in 1337ms (889 modules)
 ✓ Compiled in 1342ms (889 modules)
 ✓ Compiled in 1322ms (889 modules)
 ✓ Compiled in 1306ms (889 modules)
 ✓ Compiled in 1327ms (889 modules)
 ✓ Compiled in 1307ms (889 modules)
 ✓ Compiled in 1411ms (889 modules)
 ✓ Compiled in 1406ms (889 modules)
 ✓ Compiled in 1315ms (889 modules)
 ✓ Compiled in 1322ms (889 modules)
 ✓ Compiled in 1295ms (889 modules)
 ✓ Compiled in 1292ms (889 modules)
 ✓ Compiled in 1297ms (889 modules)
 ✓ Compiled in 1320ms (889 modules)
 ✓ Compiled in 1360ms (889 modules)
 ✓ Compiled in 1305ms (889 modules)
 ✓ Compiled in 1297ms (889 modules)
 ✓ Compiled in 1345ms (889 modules)
 ✓ Compiled in 1346ms (889 modules)
 ✓ Compiled in 1342ms (889 modules)
 ✓ Compiled in 1370ms (889 modules)
 ✓ Compiled in 1367ms (889 modules)
 ✓ Compiled in 1311ms (889 modules)
 ✓ Compiled in 1294ms (889 modules)
 ✓ Compiled in 1305ms (889 modules)
 ✓ Compiled in 1310ms (889 modules)
 ✓ Compiled in 1288ms (889 modules)
 ✓ Compiled in 1294ms (889 modules)
 ✓ Compiled in 1308ms (889 modules)
 ✓ Compiled in 1344ms (889 modules)
 ✓ Compiled in 1344ms (889 modules)
 ✓ Compiled in 1308ms (889 modules)
 ✓ Compiled in 1300ms (889 modules)
 ✓ Compiled in 1306ms (889 modules)
 ✓ Compiled in 1336ms (889 modules)
 ✓ Compiled in 1300ms (889 modules)
 ✓ Compiled in 2.2s (889 modules)
 ✓ Compiled in 1668ms (889 modules)
 ✓ Compiled in 1396ms (889 modules)
 ✓ Compiled in 1396ms (889 modules)
 ✓ Compiled in 1424ms (889 modules)
 ✓ Compiled in 1319ms (889 modules)
 ✓ Compiled in 1322ms (889 modules)
 ✓ Compiled in 1339ms (889 modules)
 ✓ Compiled in 1325ms (889 modules)
 ✓ Compiled in 1325ms (889 modules)
 ✓ Compiled in 1316ms (889 modules)
 ✓ Compiled in 1338ms (889 modules)
 ✓ Compiled in 1316ms (889 modules)
 ✓ Compiled in 1311ms (889 modules)
 ✓ Compiled in 1326ms (889 modules)
 ✓ Compiled in 1358ms (889 modules)
 ✓ Compiled in 1371ms (889 modules)
 ✓ Compiled in 1302ms (889 modules)
 ✓ Compiled in 1337ms (889 modules)
 ✓ Compiled in 1358ms (889 modules)
 ✓ Compiled in 1412ms (889 modules)
 ✓ Compiled in 1382ms (889 modules)
 ✓ Compiled in 1303ms (889 modules)
 ✓ Compiled in 1330ms (889 modules)
 ✓ Compiled in 1335ms (889 modules)
 ✓ Compiled in 1345ms (889 modules)
 ✓ Compiled in 1347ms (889 modules)
 ✓ Compiled in 1332ms (889 modules)
 ✓ Compiled in 1311ms (889 modules)
 ✓ Compiled in 1314ms (889 modules)
 ✓ Compiled in 1303ms (889 modules)
 ✓ Compiled in 1322ms (889 modules)
 ✓ Compiled in 1301ms (889 modules)
 ✓ Compiled in 1306ms (889 modules)
 ✓ Compiled in 1301ms (889 modules)
 ✓ Compiled in 1329ms (889 modules)
 ✓ Compiled in 1302ms (889 modules)
 ✓ Compiled in 1388ms (889 modules)
 ✓ Compiled in 1347ms (889 modules)
 ✓ Compiled in 1333ms (889 modules)
 ✓ Compiled in 1319ms (889 modules)
 ✓ Compiled in 1298ms (889 modules)
 ✓ Compiled in 1305ms (889 modules)
 ✓ Compiled in 1296ms (889 modules)
 ✓ Compiled in 1306ms (889 modules)
 ✓ Compiled in 1303ms (889 modules)
 ✓ Compiled in 1302ms (889 modules)
 ✓ Compiled in 1295ms (889 modules)
 ✓ Compiled in 1320ms (889 modules)
 ✓ Compiled in 1334ms (889 modules)
 ✓ Compiled in 1324ms (889 modules)
 ✓ Compiled in 1313ms (889 modules)
 ✓ Compiled in 1337ms (889 modules)
 ✓ Compiled in 1310ms (889 modules)
 ✓ Compiled in 2s (889 modules)
 ✓ Compiled in 1681ms (889 modules)
 ✓ Compiled in 1375ms (889 modules)
 ✓ Compiled in 1369ms (889 modules)
 ✓ Compiled in 1340ms (889 modules)
 ✓ Compiled in 1340ms (889 modules)
 ✓ Compiled in 1365ms (889 modules)
 ✓ Compiled in 1378ms (889 modules)
 ✓ Compiled in 1334ms (889 modules)
 ✓ Compiled in 1325ms (889 modules)
 ✓ Compiled in 1343ms (889 modules)
 ✓ Compiled in 1346ms (889 modules)
 ✓ Compiled in 1334ms (889 modules)
 ✓ Compiled in 1323ms (889 modules)
 ✓ Compiled in 1310ms (889 modules)
 ✓ Compiled in 1354ms (889 modules)
 ✓ Compiled in 1433ms (889 modules)
 ✓ Compiled in 1338ms (889 modules)
 ✓ Compiled in 1326ms (889 modules)
 ✓ Compiled in 1409ms (889 modules)
 ✓ Compiled in 1413ms (889 modules)
 ✓ Compiled in 1350ms (889 modules)
 ✓ Compiled in 1325ms (889 modules)
 ✓ Compiled in 1321ms (889 modules)
 ✓ Compiled in 1357ms (889 modules)
 ✓ Compiled in 1338ms (889 modules)
 ✓ Compiled in 1328ms (889 modules)
 ✓ Compiled in 1355ms (889 modules)
 ✓ Compiled in 1325ms (889 modules)
 ✓ Compiled in 1353ms (889 modules)
 ✓ Compiled in 1333ms (889 modules)
 ✓ Compiled in 1335ms (889 modules)
 ✓ Compiled in 1311ms (889 modules)
 ✓ Compiled in 1313ms (889 modules)
 ✓ Compiled in 1319ms (889 modules)
 ✓ Compiled in 1322ms (889 modules)
 ✓ Compiled in 1318ms (889 modules)
 ✓ Compiled in 1314ms (889 modules)
 ✓ Compiled in 1323ms (889 modules)
 ✓ Compiled in 1344ms (889 modules)
 ✓ Compiled in 1321ms (889 modules)
 ✓ Compiled in 1305ms (889 modules)
 ✓ Compiled in 1329ms (889 modules)
 ✓ Compiled in 1302ms (889 modules)
 ✓ Compiled in 1305ms (889 modules)
 ✓ Compiled in 1305ms (889 modules)
 ✓ Compiled in 1313ms (889 modules)
 ✓ Compiled in 1330ms (889 modules)
 ✓ Compiled in 1307ms (889 modules)
 ✓ Compiled in 1307ms (889 modules)
 ✓ Compiled in 1386ms (889 modules)
 ✓ Compiled in 1317ms (889 modules)
 ✓ Compiled in 1390ms (889 modules)
 ✓ Compiled in 1305ms (889 modules)
 ✓ Compiled in 2.2s (889 modules)
 ✓ Compiled in 1693ms (889 modules)
 ✓ Compiled in 1402ms (889 modules)
 ✓ Compiled in 1333ms (889 modules)
 ✓ Compiled in 1340ms (889 modules)
 ✓ Compiled in 1333ms (889 modules)
 ✓ Compiled in 1363ms (889 modules)
 ✓ Compiled in 1411ms (889 modules)
 ✓ Compiled in 1329ms (889 modules)
 ✓ Compiled in 1338ms (889 modules)
 ✓ Compiled in 1328ms (889 modules)
 ✓ Compiled in 1322ms (889 modules)
 ✓ Compiled in 1324ms (889 modules)
 ✓ Compiled in 1316ms (889 modules)
 ✓ Compiled in 1326ms (889 modules)
 ✓ Compiled in 1327ms (889 modules)
 ✓ Compiled in 1326ms (889 modules)
 ✓ Compiled in 1315ms (889 modules)
 ✓ Compiled in 1383ms (889 modules)
 ✓ Compiled in 1372ms (889 modules)
 ✓ Compiled in 1384ms (889 modules)
 ✓ Compiled in 1301ms (889 modules)
 ✓ Compiled in 1327ms (889 modules)
 ✓ Compiled in 1321ms (889 modules)
 ✓ Compiled in 1372ms (889 modules)
 ✓ Compiled in 1348ms (889 modules)
 ✓ Compiled in 1311ms (889 modules)
 ✓ Compiled in 1314ms (889 modules)
 ✓ Compiled in 1305ms (889 modules)
 ✓ Compiled in 1391ms (889 modules)
 ✓ Compiled in 1326ms (889 modules)
 ✓ Compiled in 1334ms (889 modules)
 ✓ Compiled in 1306ms (889 modules)
 ✓ Compiled in 1312ms (889 modules)
 ✓ Compiled in 1311ms (889 modules)
 ✓ Compiled in 1336ms (889 modules)
 ✓ Compiled in 1337ms (889 modules)
 ✓ Compiled in 1411ms (889 modules)
 ✓ Compiled in 1368ms (889 modules)
 ✓ Compiled in 1364ms (889 modules)
 ✓ Compiled in 1357ms (889 modules)
 ✓ Compiled in 1317ms (889 modules)
 ✓ Compiled in 1363ms (889 modules)
 ✓ Compiled in 1321ms (889 modules)
 ✓ Compiled in 1319ms (889 modules)
 ✓ Compiled in 1306ms (889 modules)
 ✓ Compiled in 1359ms (889 modules)
 ✓ Compiled in 1326ms (889 modules)
 ✓ Compiled in 1321ms (889 modules)
 ✓ Compiled in 1314ms (889 modules)
 ✓ Compiled in 1358ms (889 modules)
 ✓ Compiled in 1337ms (889 modules)
 ✓ Compiled in 1379ms (889 modules)
 ✓ Compiled in 1320ms (889 modules)
 ✓ Compiled in 1671ms (889 modules)
 ✓ Compiled in 2s (889 modules)
 ✓ Compiled in 1446ms (889 modules)
 ✓ Compiled in 1367ms (889 modules)
 ✓ Compiled in 1329ms (889 modules)
 ✓ Compiled in 1343ms (889 modules)
 ✓ Compiled in 1356ms (889 modules)
 ✓ Compiled in 1328ms (889 modules)
 ✓ Compiled in 1466ms (889 modules)
 ✓ Compiled in 1351ms (889 modules)
 ✓ Compiled in 1363ms (889 modules)
 ✓ Compiled in 1352ms (889 modules)
 ✓ Compiled in 1350ms (889 modules)
 ✓ Compiled in 1323ms (889 modules)
 ✓ Compiled in 1332ms (889 modules)
 ✓ Compiled in 1344ms (889 modules)
 ✓ Compiled in 1321ms (889 modules)
 ✓ Compiled in 1322ms (889 modules)
 ✓ Compiled in 1344ms (889 modules)
 ✓ Compiled in 1387ms (889 modules)
 ✓ Compiled in 1333ms (889 modules)
 ✓ Compiled in 1323ms (889 modules)
 ✓ Compiled in 1345ms (889 modules)
 ✓ Compiled in 1336ms (889 modules)
 ✓ Compiled in 1422ms (889 modules)
 ✓ Compiled in 1425ms (889 modules)
 ✓ Compiled in 1460ms (889 modules)
 ✓ Compiled in 1667ms (889 modules)
 ✓ Compiled in 1389ms (889 modules)
 ✓ Compiled in 1330ms (889 modules)
 ✓ Compiled in 1357ms (889 modules)
 ✓ Compiled in 1350ms (889 modules)
 ✓ Compiled in 1354ms (889 modules)
 ✓ Compiled in 1420ms (889 modules)
 ✓ Compiled in 1343ms (889 modules)
 ✓ Compiled in 1344ms (889 modules)
 ✓ Compiled in 1332ms (889 modules)
 ✓ Compiled in 1343ms (889 modules)
 ✓ Compiled in 1345ms (889 modules)
 ✓ Compiled in 1341ms (889 modules)
 ✓ Compiled in 1336ms (889 modules)
 ✓ Compiled in 1390ms (889 modules)
 ✓ Compiled in 1335ms (889 modules)
 ✓ Compiled in 1329ms (889 modules)
 ✓ Compiled in 1330ms (889 modules)
 ✓ Compiled in 1334ms (889 modules)
 ✓ Compiled in 1415ms (889 modules)
 ✓ Compiled in 1379ms (889 modules)
 ✓ Compiled in 1344ms (889 modules)
 ✓ Compiled in 1330ms (889 modules)
 ✓ Compiled in 1329ms (889 modules)
 ✓ Compiled in 1349ms (889 modules)
 ✓ Compiled in 1368ms (889 modules)
 ✓ Compiled in 1331ms (889 modules)
 ✓ Compiled in 1841ms (889 modules)
 ✓ Compiled in 1744ms (889 modules)
 ✓ Compiled in 1413ms (889 modules)
 ✓ Compiled in 1344ms (889 modules)
 ✓ Compiled in 1368ms (889 modules)
 ✓ Compiled in 1335ms (889 modules)
 ✓ Compiled in 1338ms (889 modules)
 ✓ Compiled in 1345ms (889 modules)
 ✓ Compiled in 1377ms (889 modules)
 ✓ Compiled in 1329ms (889 modules)
 ✓ Compiled in 1338ms (889 modules)
 ✓ Compiled in 1327ms (889 modules)
 ✓ Compiled in 1350ms (889 modules)
 ✓ Compiled in 1332ms (889 modules)
 ✓ Compiled in 1340ms (889 modules)
 ✓ Compiled in 1377ms (889 modules)
 ✓ Compiled in 1411ms (889 modules)
 ✓ Compiled in 1384ms (889 modules)
 ✓ Compiled in 1354ms (889 modules)
 ✓ Compiled in 1426ms (889 modules)
 ✓ Compiled in 1395ms (889 modules)
 ✓ Compiled in 1327ms (889 modules)
 ✓ Compiled in 1374ms (889 modules)
 ✓ Compiled in 1370ms (889 modules)
 ✓ Compiled in 1387ms (889 modules)
 ✓ Compiled in 1352ms (889 modules)
 ✓ Compiled in 1322ms (889 modules)
 ✓ Compiled in 1338ms (889 modules)
 ✓ Compiled in 1340ms (889 modules)
 ✓ Compiled in 1338ms (889 modules)
 ✓ Compiled in 1324ms (889 modules)
 ✓ Compiled in 1364ms (889 modules)
 ✓ Compiled in 1328ms (889 modules)
 ✓ Compiled in 1316ms (889 modules)
 ✓ Compiled in 1313ms (889 modules)
 ✓ Compiled in 1342ms (889 modules)
 ✓ Compiled in 1321ms (889 modules)
 ✓ Compiled in 1332ms (889 modules)
 ✓ Compiled in 1321ms (889 modules)
 ✓ Compiled in 1331ms (889 modules)
 ✓ Compiled in 1319ms (889 modules)
 ✓ Compiled in 1304ms (889 modules)
 ✓ Compiled in 1353ms (889 modules)
 ✓ Compiled in 1323ms (889 modules)
 ✓ Compiled in 1332ms (889 modules)
 ✓ Compiled in 1382ms (889 modules)
 ✓ Compiled in 1382ms (889 modules)
 ✓ Compiled in 1322ms (889 modules)
 ✓ Compiled in 1341ms (889 modules)
 ✓ Compiled in 1316ms (889 modules)
 ✓ Compiled in 1331ms (889 modules)
 ✓ Compiled in 1360ms (889 modules)
 ✓ Compiled in 1325ms (889 modules)
 ✓ Compiled in 1394ms (889 modules)
 ✓ Compiled in 1523ms (889 modules)
 ✓ Compiled in 2.2s (889 modules)
 ✓ Compiled in 1402ms (889 modules)
 ✓ Compiled in 1362ms (889 modules)
 ✓ Compiled in 1347ms (889 modules)
 ✓ Compiled in 1347ms (889 modules)
 ✓ Compiled in 1375ms (889 modules)
 ✓ Compiled in 1349ms (889 modules)
 ✓ Compiled in 1348ms (889 modules)
 ✓ Compiled in 1388ms (889 modules)
 ✓ Compiled in 1347ms (889 modules)
 ✓ Compiled in 1327ms (889 modules)
 ✓ Compiled in 1368ms (889 modules)
 ✓ Compiled in 1346ms (889 modules)
 ✓ Compiled in 1348ms (889 modules)
 ✓ Compiled in 1344ms (889 modules)
 ✓ Compiled in 1357ms (889 modules)
 ✓ Compiled in 1334ms (889 modules)
 ✓ Compiled in 1350ms (889 modules)
 ✓ Compiled in 1374ms (889 modules)
 ✓ Compiled in 1400ms (889 modules)
 ✓ Compiled in 1363ms (889 modules)
 ✓ Compiled in 1340ms (889 modules)
 ✓ Compiled in 1337ms (889 modules)
 ✓ Compiled in 1366ms (889 modules)
 ✓ Compiled in 1362ms (889 modules)
 ✓ Compiled in 1321ms (889 modules)
 ✓ Compiled in 1327ms (889 modules)
 ✓ Compiled in 1315ms (889 modules)
 ✓ Compiled in 1323ms (889 modules)
 ✓ Compiled in 1342ms (889 modules)
 ✓ Compiled in 1352ms (889 modules)
 ✓ Compiled in 1419ms (889 modules)
 ✓ Compiled in 1326ms (889 modules)
 ✓ Compiled in 1347ms (889 modules)
 ✓ Compiled in 1365ms (889 modules)
 ✓ Compiled in 1322ms (889 modules)
 ✓ Compiled in 1348ms (889 modules)
 ✓ Compiled in 1336ms (889 modules)
 ✓ Compiled in 1328ms (889 modules)
 ✓ Compiled in 1333ms (889 modules)
 ✓ Compiled in 1337ms (889 modules)
 ✓ Compiled in 1336ms (889 modules)
 ✓ Compiled in 1424ms (889 modules)
 ✓ Compiled in 1337ms (889 modules)
 ✓ Compiled in 1337ms (889 modules)
 ✓ Compiled in 1354ms (889 modules)
 ✓ Compiled in 1338ms (889 modules)
 ✓ Compiled in 1331ms (889 modules)
 ✓ Compiled in 1314ms (889 modules)
 ✓ Compiled in 1332ms (889 modules)
 ✓ Compiled in 1350ms (889 modules)
 ✓ Compiled in 1331ms (889 modules)
 ✓ Compiled in 1318ms (889 modules)
 ✓ Compiled in 2.3s (889 modules)
 ✓ Compiled in 1731ms (889 modules)
 ✓ Compiled in 1421ms (889 modules)
 ✓ Compiled in 1358ms (889 modules)
 ✓ Compiled in 1379ms (889 modules)
 ✓ Compiled in 1352ms (889 modules)
 ✓ Compiled in 1377ms (889 modules)
 ✓ Compiled in 1407ms (889 modules)
 ✓ Compiled in 1339ms (889 modules)
 ✓ Compiled in 1352ms (889 modules)
 ✓ Compiled in 1409ms (889 modules)
 ✓ Compiled in 1367ms (889 modules)
 ✓ Compiled in 1351ms (889 modules)
 ✓ Compiled in 1339ms (889 modules)
 ✓ Compiled in 1367ms (889 modules)
 ✓ Compiled in 1338ms (889 modules)
 ✓ Compiled in 1344ms (889 modules)
 ✓ Compiled in 1338ms (889 modules)
 ✓ Compiled in 1351ms (889 modules)
 ✓ Compiled in 1367ms (889 modules)
 ✓ Compiled in 1344ms (889 modules)
 ✓ Compiled in 1366ms (889 modules)
 ✓ Compiled in 1353ms (889 modules)
 ✓ Compiled in 1350ms (889 modules)
 ✓ Compiled in 1377ms (889 modules)
 ✓ Compiled in 1406ms (889 modules)
 ✓ Compiled in 1350ms (889 modules)
 ✓ Compiled in 1322ms (889 modules)
 ✓ Compiled in 1329ms (889 modules)
 ✓ Compiled in 1330ms (889 modules)
 ✓ Compiled in 1335ms (889 modules)
 ✓ Compiled in 1344ms (889 modules)
 ✓ Compiled in 1376ms (889 modules)
 ✓ Compiled in 1343ms (889 modules)
 ✓ Compiled in 1334ms (889 modules)
 ✓ Compiled in 1331ms (889 modules)
 ✓ Compiled in 1341ms (889 modules)
 ✓ Compiled in 1350ms (889 modules)
 ✓ Compiled in 1334ms (889 modules)
 ✓ Compiled in 1341ms (889 modules)
 ✓ Compiled in 1337ms (889 modules)
 ✓ Compiled in 1326ms (889 modules)
 ✓ Compiled in 1332ms (889 modules)
 ✓ Compiled in 1331ms (889 modules)
 ✓ Compiled in 1433ms (889 modules)
 ✓ Compiled in 1347ms (889 modules)
 ✓ Compiled in 1398ms (889 modules)
 ✓ Compiled in 1684ms (889 modules)
 ✓ Compiled in 1334ms (889 modules)
 ✓ Compiled in 1336ms (889 modules)
 ✓ Compiled in 1357ms (889 modules)
 ✓ Compiled in 1374ms (889 modules)
 ✓ Compiled in 1342ms (889 modules)
 ✓ Compiled in 1355ms (889 modules)
 ✓ Compiled in 2.3s (889 modules)
 ✓ Compiled in 1702ms (889 modules)
 ✓ Compiled in 1445ms (889 modules)
 ✓ Compiled in 1375ms (889 modules)
 ✓ Compiled in 1357ms (889 modules)
 ✓ Compiled in 1356ms (889 modules)
 ✓ Compiled in 1373ms (889 modules)
 ✓ Compiled in 1359ms (889 modules)
 ✓ Compiled in 1361ms (889 modules)
 ✓ Compiled in 1354ms (889 modules)
 ✓ Compiled in 1348ms (889 modules)
 ✓ Compiled in 1405ms (889 modules)
 ✓ Compiled in 1349ms (889 modules)
 ✓ Compiled in 1352ms (889 modules)
 ✓ Compiled in 1383ms (889 modules)
 ✓ Compiled in 1358ms (889 modules)
 ✓ Compiled in 1355ms (889 modules)
 ✓ Compiled in 1382ms (889 modules)
 ✓ Compiled in 1445ms (889 modules)
 ✓ Compiled in 1414ms (889 modules)
 ✓ Compiled in 1355ms (889 modules)
 ✓ Compiled in 1349ms (889 modules)
 ✓ Compiled in 1468ms (889 modules)
 ✓ Compiled in 1338ms (889 modules)
 ✓ Compiled in 1415ms (889 modules)
 ✓ Compiled in 1380ms (889 modules)
 ✓ Compiled in 1359ms (889 modules)
 ✓ Compiled in 1342ms (889 modules)
 ✓ Compiled in 1328ms (889 modules)
 ✓ Compiled in 1331ms (889 modules)
 ✓ Compiled in 1340ms (889 modules)
 ✓ Compiled in 1355ms (889 modules)
 ✓ Compiled in 1330ms (889 modules)
 ✓ Compiled in 1387ms (889 modules)
 ✓ Compiled in 1348ms (889 modules)
 ✓ Compiled in 1346ms (889 modules)
 ✓ Compiled in 1370ms (889 modules)
 ✓ Compiled in 1389ms (889 modules)
 ✓ Compiled in 1422ms (889 modules)
 ✓ Compiled in 1363ms (889 modules)
 ✓ Compiled in 1343ms (889 modules)
 ✓ Compiled in 1338ms (889 modules)
 ✓ Compiled in 1350ms (889 modules)
 ✓ Compiled in 1359ms (889 modules)
 ✓ Compiled in 1383ms (889 modules)
 ✓ Compiled in 1348ms (889 modules)
 ✓ Compiled in 1365ms (889 modules)
 ✓ Compiled in 1372ms (889 modules)
 ✓ Compiled in 1359ms (889 modules)
 ✓ Compiled in 1340ms (889 modules)
 ✓ Compiled in 1345ms (889 modules)
 ✓ Compiled in 1375ms (889 modules)
 ✓ Compiled in 1341ms (889 modules)
 ✓ Compiled in 1348ms (889 modules)
 ✓ Compiled in 2.4s (889 modules)
 ✓ Compiled in 1723ms (889 modules)
 ✓ Compiled in 1423ms (889 modules)
 ✓ Compiled in 1377ms (889 modules)
 ✓ Compiled in 1426ms (889 modules)
 ✓ Compiled in 1374ms (889 modules)
 ✓ Compiled in 1404ms (889 modules)
 ✓ Compiled in 1375ms (889 modules)
 ✓ Compiled in 1358ms (889 modules)
 ✓ Compiled in 1349ms (889 modules)
 ✓ Compiled in 1363ms (889 modules)
 ✓ Compiled in 1390ms (889 modules)
 ✓ Compiled in 1355ms (889 modules)
 ✓ Compiled in 1359ms (889 modules)
 ✓ Compiled in 1363ms (889 modules)
 ✓ Compiled in 1360ms (889 modules)
 ✓ Compiled in 1367ms (889 modules)
 ✓ Compiled in 1345ms (889 modules)
 ✓ Compiled in 1369ms (889 modules)
 ✓ Compiled in 1388ms (889 modules)
 ✓ Compiled in 1358ms (889 modules)
 ✓ Compiled in 1350ms (889 modules)
 ✓ Compiled in 1376ms (889 modules)
 ✓ Compiled in 1371ms (889 modules)
 ✓ Compiled in 1414ms (889 modules)
 ✓ Compiled in 1395ms (889 modules)
 ✓ Compiled in 1381ms (889 modules)
 ✓ Compiled in 1342ms (889 modules)
 ✓ Compiled in 1345ms (889 modules)
 ✓ Compiled in 1349ms (889 modules)
 ✓ Compiled in 1355ms (889 modules)
 ✓ Compiled in 1365ms (889 modules)
 ✓ Compiled in 1341ms (889 modules)
 ✓ Compiled in 1411ms (889 modules)
 ✓ Compiled in 1341ms (889 modules)
 ✓ Compiled in 1359ms (889 modules)
 ✓ Compiled in 1363ms (889 modules)
 ✓ Compiled in 1364ms (889 modules)
 ✓ Compiled in 1356ms (889 modules)
 ✓ Compiled in 1355ms (889 modules)
 ✓ Compiled in 1337ms (889 modules)
 ✓ Compiled in 1333ms (889 modules)
 ✓ Compiled in 1336ms (889 modules)
 ✓ Compiled in 1348ms (889 modules)
 ✓ Compiled in 1370ms (889 modules)
 ✓ Compiled in 1353ms (889 modules)
 ✓ Compiled in 1325ms (889 modules)
 ✓ Compiled in 1349ms (889 modules)
 ✓ Compiled in 1377ms (889 modules)
 ✓ Compiled in 1347ms (889 modules)
 ✓ Compiled in 1410ms (889 modules)
 ✓ Compiled in 1433ms (889 modules)
 ✓ Compiled in 1393ms (889 modules)
 ✓ Compiled in 1354ms (889 modules)
 ✓ Compiled in 2.1s (889 modules)
 ✓ Compiled in 1828ms (889 modules)
 ✓ Compiled in 1453ms (889 modules)
 ✓ Compiled in 1399ms (889 modules)
 ✓ Compiled in 1382ms (889 modules)
 ✓ Compiled in 1361ms (889 modules)
 ✓ Compiled in 1348ms (889 modules)
 ✓ Compiled in 1365ms (889 modules)
 ✓ Compiled in 1367ms (889 modules)
 ✓ Compiled in 1365ms (889 modules)
 ✓ Compiled in 1362ms (889 modules)
 ✓ Compiled in 1454ms (889 modules)
 ✓ Compiled in 1385ms (889 modules)
 ✓ Compiled in 1359ms (889 modules)
 ✓ Compiled in 1359ms (889 modules)
 ✓ Compiled in 1395ms (889 modules)
 ✓ Compiled in 1402ms (889 modules)
 ✓ Compiled in 1360ms (889 modules)
 ✓ Compiled in 1353ms (889 modules)
 ✓ Compiled in 1398ms (889 modules)
 ✓ Compiled in 1351ms (889 modules)
 ✓ Compiled in 1341ms (889 modules)
 ✓ Compiled in 1389ms (889 modules)
 ✓ Compiled in 1378ms (889 modules)
 ✓ Compiled in 1405ms (889 modules)
 ✓ Compiled in 1366ms (889 modules)
 ✓ Compiled in 1365ms (889 modules)
 ✓ Compiled in 1337ms (889 modules)
 ✓ Compiled in 1351ms (889 modules)
 ✓ Compiled in 1359ms (889 modules)
 ✓ Compiled in 1338ms (889 modules)
 ✓ Compiled in 1378ms (889 modules)
 ✓ Compiled in 1354ms (889 modules)
 ✓ Compiled in 1380ms (889 modules)
 ✓ Compiled in 1341ms (889 modules)
 ✓ Compiled in 1369ms (889 modules)
 ✓ Compiled in 1346ms (889 modules)
 ✓ Compiled in 1377ms (889 modules)
 ✓ Compiled in 1416ms (889 modules)
 ✓ Compiled in 1379ms (889 modules)
 ✓ Compiled in 1350ms (889 modules)
 ✓ Compiled in 1352ms (889 modules)
 ✓ Compiled in 1408ms (889 modules)
 ✓ Compiled in 1348ms (889 modules)
 ✓ Compiled in 1411ms (889 modules)
 ✓ Compiled in 1354ms (889 modules)
 ✓ Compiled in 1398ms (889 modules)
 ✓ Compiled in 1355ms (889 modules)
 ✓ Compiled in 1368ms (889 modules)
 ✓ Compiled in 1352ms (889 modules)
 ✓ Compiled in 1335ms (889 modules)
 ✓ Compiled in 1392ms (889 modules)
 ✓ Compiled in 1362ms (889 modules)
 ✓ Compiled in 1350ms (889 modules)
 ✓ Compiled in 2.6s (889 modules)
 ✓ Compiled in 1464ms (889 modules)
 ✓ Compiled in 1437ms (889 modules)
 ✓ Compiled in 1365ms (889 modules)
 ✓ Compiled in 1389ms (889 modules)
 ✓ Compiled in 1417ms (889 modules)
 ✓ Compiled in 1389ms (889 modules)
 ✓ Compiled in 1366ms (889 modules)
 ✓ Compiled in 1361ms (889 modules)
 ✓ Compiled in 1346ms (889 modules)
 ✓ Compiled in 1357ms (889 modules)
 ✓ Compiled in 1420ms (889 modules)
 ✓ Compiled in 1462ms (889 modules)
 ✓ Compiled in 1393ms (889 modules)
 ✓ Compiled in 1363ms (889 modules)
 ✓ Compiled in 1372ms (889 modules)
 ✓ Compiled in 1355ms (889 modules)
 ✓ Compiled in 1371ms (889 modules)
 ✓ Compiled in 1410ms (889 modules)
 ✓ Compiled in 1349ms (889 modules)
 ✓ Compiled in 1353ms (889 modules)
 ✓ Compiled in 1359ms (889 modules)
 ✓ Compiled in 1428ms (889 modules)
 ✓ Compiled in 1369ms (889 modules)
 ✓ Compiled in 1364ms (889 modules)
 ✓ Compiled in 1357ms (889 modules)
 ✓ Compiled in 1348ms (889 modules)
 ✓ Compiled in 1379ms (889 modules)
 ✓ Compiled in 1344ms (889 modules)
 ✓ Compiled in 1345ms (889 modules)
 ✓ Compiled in 1369ms (889 modules)
 ✓ Compiled in 1343ms (889 modules)
 ✓ Compiled in 1342ms (889 modules)
 ✓ Compiled in 1373ms (889 modules)
 ✓ Compiled in 1344ms (889 modules)
 ✓ Compiled in 1372ms (889 modules)
 ✓ Compiled in 1365ms (889 modules)
 ✓ Compiled in 1355ms (889 modules)
 ✓ Compiled in 1381ms (889 modules)
 ✓ Compiled in 1342ms (889 modules)
 ✓ Compiled in 1337ms (889 modules)
 ✓ Compiled in 1343ms (889 modules)
 ✓ Compiled in 1380ms (889 modules)
 ✓ Compiled in 1417ms (889 modules)
 ✓ Compiled in 1450ms (889 modules)
 ✓ Compiled in 1388ms (889 modules)
 ✓ Compiled in 1391ms (889 modules)
 ✓ Compiled in 1354ms (889 modules)
 ✓ Compiled in 1349ms (889 modules)
 ✓ Compiled in 1431ms (889 modules)
 ✓ Compiled in 1352ms (889 modules)
 ✓ Compiled in 1369ms (889 modules)
 ✓ Compiled in 1348ms (889 modules)
 ✓ Compiled in 1512ms (889 modules)
 ✓ Compiled in 2.3s (889 modules)
 ✓ Compiled in 1475ms (889 modules)
 ✓ Compiled in 1428ms (889 modules)
 ✓ Compiled in 1391ms (889 modules)
 ✓ Compiled in 1357ms (889 modules)
 ✓ Compiled in 1380ms (889 modules)
 ✓ Compiled in 1436ms (889 modules)
 ✓ Compiled in 1399ms (889 modules)
 ✓ Compiled in 1360ms (889 modules)
 ✓ Compiled in 1382ms (889 modules)
 ✓ Compiled in 1370ms (889 modules)
 ✓ Compiled in 1430ms (889 modules)
 ✓ Compiled in 1378ms (889 modules)
 ✓ Compiled in 1371ms (889 modules)
 ✓ Compiled in 1374ms (889 modules)
 ✓ Compiled in 1365ms (889 modules)
 ✓ Compiled in 1373ms (889 modules)
 ✓ Compiled in 1388ms (889 modules)
 ✓ Compiled in 1380ms (889 modules)
 ✓ Compiled in 1366ms (889 modules)
 ✓ Compiled in 1353ms (889 modules)
 ✓ Compiled in 1367ms (889 modules)
 ✓ Compiled in 1411ms (889 modules)
 ✓ Compiled in 1393ms (889 modules)
 ✓ Compiled in 1387ms (889 modules)
 ✓ Compiled in 1354ms (889 modules)
 ✓ Compiled in 1351ms (889 modules)
 ✓ Compiled in 1340ms (889 modules)
 ✓ Compiled in 1346ms (889 modules)
 ✓ Compiled in 1341ms (889 modules)
 ✓ Compiled in 1368ms (889 modules)
 ✓ Compiled in 1352ms (889 modules)
 ✓ Compiled in 1343ms (889 modules)
 ✓ Compiled in 1427ms (889 modules)
 ✓ Compiled in 1363ms (889 modules)
 ✓ Compiled in 1389ms (889 modules)
 ✓ Compiled in 1431ms (889 modules)
 ✓ Compiled in 1371ms (889 modules)
 ✓ Compiled in 1421ms (889 modules)
 ✓ Compiled in 1436ms (889 modules)
 ✓ Compiled in 1433ms (889 modules)
 ✓ Compiled in 1368ms (889 modules)
 ✓ Compiled in 1335ms (889 modules)
 ✓ Compiled in 1359ms (889 modules)
 ✓ Compiled in 1387ms (889 modules)
 ✓ Compiled in 1372ms (889 modules)
 ✓ Compiled in 1375ms (889 modules)
 ✓ Compiled in 1350ms (889 modules)
 ✓ Compiled in 1350ms (889 modules)
 ✓ Compiled in 1344ms (889 modules)
 ✓ Compiled in 1347ms (889 modules)
 ✓ Compiled in 1375ms (889 modules)
 ✓ Compiled in 1348ms (889 modules)
 ✓ Compiled in 2.2s (889 modules)
 ✓ Compiled in 1801ms (889 modules)
 ✓ Compiled in 1464ms (889 modules)
 ✓ Compiled in 1391ms (889 modules)
 ✓ Compiled in 1398ms (889 modules)
 ✓ Compiled in 1368ms (889 modules)
 ✓ Compiled in 1402ms (889 modules)
 ✓ Compiled in 1381ms (889 modules)
 ✓ Compiled in 1392ms (889 modules)
 ✓ Compiled in 1365ms (889 modules)
 ✓ Compiled in 1353ms (889 modules)
 ✓ Compiled in 1379ms (889 modules)
 ✓ Compiled in 1411ms (889 modules)
 ✓ Compiled in 1357ms (889 modules)
 ✓ Compiled in 1363ms (889 modules)
 ✓ Compiled in 1357ms (889 modules)
 ✓ Compiled in 1371ms (889 modules)
 ✓ Compiled in 1349ms (889 modules)
 ✓ Compiled in 1365ms (889 modules)
 ✓ Compiled in 1380ms (889 modules)
 ✓ Compiled in 1368ms (889 modules)
 ✓ Compiled in 1356ms (889 modules)
 ✓ Compiled in 1358ms (889 modules)
 ✓ Compiled in 1472ms (889 modules)
 ✓ Compiled in 1416ms (889 modules)
 ✓ Compiled in 1368ms (889 modules)
 ✓ Compiled in 1393ms (889 modules)
 ✓ Compiled in 1372ms (889 modules)
 ✓ Compiled in 1375ms (889 modules)
 ✓ Compiled in 1356ms (889 modules)
 ✓ Compiled in 1357ms (889 modules)
 ✓ Compiled in 1363ms (889 modules)
 ✓ Compiled in 1345ms (889 modules)
 ✓ Compiled in 1382ms (889 modules)
 ✓ Compiled in 1384ms (889 modules)
 ✓ Compiled in 1354ms (889 modules)
 ✓ Compiled in 1360ms (889 modules)
 ✓ Compiled in 1370ms (889 modules)
 ✓ Compiled in 1361ms (889 modules)
 ✓ Compiled in 1356ms (889 modules)
 ✓ Compiled in 1359ms (889 modules)
 ✓ Compiled in 1342ms (889 modules)
 ✓ Compiled in 1361ms (889 modules)
 ✓ Compiled in 1346ms (889 modules)
 ✓ Compiled in 1346ms (889 modules)
 ✓ Compiled in 1448ms (889 modules)
 ✓ Compiled in 1383ms (889 modules)
 ✓ Compiled in 1343ms (889 modules)
 ✓ Compiled in 1368ms (889 modules)
 ✓ Compiled in 1341ms (889 modules)
 ✓ Compiled in 1393ms (889 modules)
 ✓ Compiled in 1355ms (889 modules)
 ✓ Compiled in 1385ms (889 modules)
 ✓ Compiled in 1348ms (889 modules)
 ✓ Compiled in 1788ms (889 modules)
 ✓ Compiled in 1784ms (889 modules)
 ✓ Compiled in 1475ms (889 modules)
 ✓ Compiled in 1369ms (889 modules)
 ✓ Compiled in 1400ms (889 modules)
 ✓ Compiled in 1475ms (889 modules)
 ✓ Compiled in 1477ms (889 modules)
 ✓ Compiled in 1373ms (889 modules)
 ✓ Compiled in 1380ms (889 modules)
 ✓ Compiled in 1387ms (889 modules)
 ✓ Compiled in 1375ms (889 modules)
 ✓ Compiled in 1455ms (889 modules)
 ✓ Compiled in 1463ms (889 modules)
 ✓ Compiled in 1387ms (889 modules)
 ✓ Compiled in 1370ms (889 modules)
 ✓ Compiled in 1388ms (889 modules)
 ✓ Compiled in 1388ms (889 modules)
 ✓ Compiled in 1394ms (889 modules)
 ✓ Compiled in 1385ms (889 modules)
 ✓ Compiled in 1419ms (889 modules)
 ✓ Compiled in 1381ms (889 modules)
 ✓ Compiled in 1349ms (889 modules)
 ✓ Compiled in 1404ms (889 modules)
 ✓ Compiled in 1387ms (889 modules)
 ✓ Compiled in 1387ms (889 modules)
 ✓ Compiled in 1403ms (889 modules)
 ✓ Compiled in 1361ms (889 modules)
 ✓ Compiled in 1363ms (889 modules)
 ✓ Compiled in 1349ms (889 modules)
 ✓ Compiled in 1347ms (889 modules)
 ✓ Compiled in 1366ms (889 modules)
 ✓ Compiled in 1382ms (889 modules)
 ✓ Compiled in 1354ms (889 modules)
 ✓ Compiled in 1428ms (889 modules)
 ✓ Compiled in 1359ms (889 modules)
 ✓ Compiled in 1357ms (889 modules)
 ✓ Compiled in 1361ms (889 modules)
 ✓ Compiled in 1360ms (889 modules)
 ✓ Compiled in 1375ms (889 modules)
 ✓ Compiled in 1389ms (889 modules)
 ✓ Compiled in 1384ms (889 modules)
 ✓ Compiled in 1356ms (889 modules)
 ✓ Compiled in 1357ms (889 modules)
 ✓ Compiled in 1351ms (889 modules)
 ✓ Compiled in 1397ms (889 modules)
 ✓ Compiled in 1368ms (889 modules)
 ✓ Compiled in 1386ms (889 modules)
 ✓ Compiled in 1377ms (889 modules)
 ✓ Compiled in 1358ms (889 modules)
 ✓ Compiled in 1356ms (889 modules)
 ✓ Compiled in 1356ms (889 modules)
 ✓ Compiled in 1354ms (889 modules)
 ✓ Compiled in 1388ms (889 modules)
 ✓ Compiled in 1363ms (889 modules)
 ✓ Compiled in 1712ms (889 modules)
 ✓ Compiled in 1805ms (889 modules)
 ✓ Compiled in 1428ms (889 modules)
 ✓ Compiled in 1429ms (889 modules)
 ✓ Compiled in 1397ms (889 modules)
 ✓ Compiled in 1378ms (889 modules)
 ✓ Compiled in 1407ms (889 modules)
 ✓ Compiled in 1428ms (889 modules)
 ✓ Compiled in 1369ms (889 modules)
 ✓ Compiled in 1375ms (889 modules)
 ✓ Compiled in 1379ms (889 modules)
 ✓ Compiled in 1472ms (889 modules)
 ✓ Compiled in 1392ms (889 modules)
 ✓ Compiled in 1368ms (889 modules)
 ✓ Compiled in 1388ms (889 modules)
 ✓ Compiled in 1380ms (889 modules)
 ✓ Compiled in 1387ms (889 modules)
 ✓ Compiled in 1346ms (889 modules)
 ✓ Compiled in 1388ms (889 modules)
 ✓ Compiled in 1401ms (889 modules)
 ✓ Compiled in 1371ms (889 modules)
 ✓ Compiled in 1363ms (889 modules)
 ✓ Compiled in 1424ms (889 modules)
 ✓ Compiled in 1371ms (889 modules)
 ✓ Compiled in 1392ms (889 modules)
 ✓ Compiled in 1424ms (889 modules)
 ✓ Compiled in 1369ms (889 modules)
 ✓ Compiled in 1391ms (889 modules)
 ✓ Compiled in 1505ms (889 modules)
 ✓ Compiled in 1475ms (889 modules)
 ✓ Compiled in 1371ms (889 modules)
 ✓ Compiled in 1391ms (889 modules)
 ✓ Compiled in 1363ms (889 modules)
 ✓ Compiled in 1400ms (889 modules)
 ✓ Compiled in 1364ms (889 modules)
 ✓ Compiled in 1389ms (889 modules)
 ✓ Compiled in 1393ms (889 modules)
 ✓ Compiled in 1372ms (889 modules)
 ✓ Compiled in 1373ms (889 modules)
 ✓ Compiled in 1366ms (889 modules)
 ✓ Compiled in 1373ms (889 modules)
 ✓ Compiled in 1358ms (889 modules)
 ✓ Compiled in 1361ms (889 modules)
 ✓ Compiled in 1369ms (889 modules)
 ✓ Compiled in 1458ms (889 modules)
 ✓ Compiled in 1375ms (889 modules)
 ✓ Compiled in 1428ms (889 modules)
 ✓ Compiled in 1371ms (889 modules)
 ✓ Compiled in 1372ms (889 modules)
 ✓ Compiled in 1361ms (889 modules)
 ✓ Compiled in 1393ms (889 modules)
 ✓ Compiled in 1386ms (889 modules)
 ✓ Compiled in 1401ms (889 modules)
 ✓ Compiled in 1362ms (889 modules)
 ✓ Compiled in 1689ms (889 modules)
 ✓ Compiled in 2.2s (889 modules)
 ✓ Compiled in 1467ms (889 modules)
 ✓ Compiled in 1391ms (889 modules)
 ✓ Compiled in 1408ms (889 modules)
 ✓ Compiled in 1384ms (889 modules)
 ✓ Compiled in 1395ms (889 modules)
 ✓ Compiled in 1389ms (889 modules)
 ✓ Compiled in 1397ms (889 modules)
 ✓ Compiled in 1403ms (889 modules)
 ✓ Compiled in 1395ms (889 modules)
 ✓ Compiled in 1395ms (889 modules)
 ✓ Compiled in 1387ms (889 modules)
 ✓ Compiled in 1410ms (889 modules)
 ✓ Compiled in 1483ms (889 modules)
 ✓ Compiled in 1387ms (889 modules)
 ✓ Compiled in 1385ms (889 modules)
 ✓ Compiled in 1438ms (889 modules)
 ✓ Compiled in 1427ms (889 modules)
 ✓ Compiled in 1415ms (889 modules)
 ✓ Compiled in 1379ms (889 modules)
 ✓ Compiled in 1448ms (889 modules)
 ✓ Compiled in 1439ms (889 modules)
 ✓ Compiled in 1387ms (889 modules)
 ✓ Compiled in 1401ms (889 modules)
 ✓ Compiled in 1404ms (889 modules)
 ✓ Compiled in 1370ms (889 modules)
 ✓ Compiled in 1360ms (889 modules)
 ✓ Compiled in 1366ms (889 modules)
 ✓ Compiled in 1371ms (889 modules)
 ✓ Compiled in 1358ms (889 modules)
 ✓ Compiled in 1379ms (889 modules)
 ✓ Compiled in 1393ms (889 modules)
 ✓ Compiled in 1364ms (889 modules)
 ✓ Compiled in 1394ms (889 modules)
 ✓ Compiled in 1373ms (889 modules)
 ✓ Compiled in 1373ms (889 modules)
 ✓ Compiled in 1366ms (889 modules)
 ✓ Compiled in 1390ms (889 modules)
 ✓ Compiled in 1398ms (889 modules)
 ✓ Compiled in 1374ms (889 modules)
 ✓ Compiled in 1360ms (889 modules)
 ✓ Compiled in 1371ms (889 modules)
 ✓ Compiled in 1385ms (889 modules)
 ✓ Compiled in 1367ms (889 modules)
 ✓ Compiled in 7.8s (1874 modules)
 ✓ Compiled in 1828ms (889 modules)
 ✓ Compiled in 1431ms (889 modules)
 ✓ Compiled in 1457ms (889 modules)
 ✓ Compiled in 1565ms (889 modules)
 ✓ Compiled in 1429ms (889 modules)
 ✓ Compiled in 1452ms (889 modules)
 ✓ Compiled in 5.9s (889 modules)
 ✓ Compiled in 1654ms (889 modules)
 ✓ Compiled in 1442ms (889 modules)
 ✓ Compiled in 1453ms (889 modules)
 ✓ Compiled in 1416ms (889 modules)
 ✓ Compiled in 1393ms (889 modules)
 ✓ Compiled in 1382ms (889 modules)
 ✓ Compiled in 1396ms (889 modules)
 ✓ Compiled in 1448ms (889 modules)
 ✓ Compiled in 1365ms (889 modules)
 ✓ Compiled in 1423ms (889 modules)
 ✓ Compiled in 1402ms (889 modules)
 ✓ Compiled in 1392ms (889 modules)
 ✓ Compiled in 1384ms (889 modules)
 ✓ Compiled in 1466ms (889 modules)
 ✓ Compiled in 1396ms (889 modules)
 ✓ Compiled in 1370ms (889 modules)
 ✓ Compiled in 1393ms (889 modules)
 ✓ Compiled in 1374ms (889 modules)
 ✓ Compiled in 1366ms (889 modules)
 ✓ Compiled in 1362ms (889 modules)
 ✓ Compiled in 1365ms (889 modules)
 ✓ Compiled in 1378ms (889 modules)
 ✓ Compiled in 1702ms (889 modules)
 ✓ Compiled in 2.1s (889 modules)
 ✓ Compiled in 1491ms (889 modules)
 ✓ Compiled in 1406ms (889 modules)
 ✓ Compiled in 1396ms (889 modules)
 ✓ Compiled in 1390ms (889 modules)
 ✓ Compiled in 1392ms (889 modules)
 ✓ Compiled in 1392ms (889 modules)
 ✓ Compiled in 1422ms (889 modules)
 ✓ Compiled in 1392ms (889 modules)
 ✓ Compiled in 1383ms (889 modules)
 ✓ Compiled in 1413ms (889 modules)
 ✓ Compiled in 1517ms (889 modules)
 ✓ Compiled in 1546ms (889 modules)
 ✓ Compiled in 1375ms (889 modules)
 ✓ Compiled in 1398ms (889 modules)
 ✓ Compiled in 1391ms (889 modules)
 ✓ Compiled in 1373ms (889 modules)
 ✓ Compiled in 1383ms (889 modules)
 ✓ Compiled in 1394ms (889 modules)
 ✓ Compiled in 1379ms (889 modules)
 ✓ Compiled in 1362ms (889 modules)
 ✓ Compiled in 1445ms (889 modules)
 ✓ Compiled in 1416ms (889 modules)
 ✓ Compiled in 1412ms (889 modules)
 ✓ Compiled in 1385ms (889 modules)
 ✓ Compiled in 1382ms (889 modules)
 ✓ Compiled in 1397ms (889 modules)
 ✓ Compiled in 1384ms (889 modules)
 ✓ Compiled in 1415ms (889 modules)
 ✓ Compiled in 1425ms (889 modules)
 ✓ Compiled in 1394ms (889 modules)
 ✓ Compiled in 1378ms (889 modules)
 ✓ Compiled in 1401ms (889 modules)
 ✓ Compiled in 1368ms (889 modules)
 ✓ Compiled in 1381ms (889 modules)
 ✓ Compiled in 1362ms (889 modules)
 ✓ Compiled in 1373ms (889 modules)
 ✓ Compiled in 1383ms (889 modules)
 ✓ Compiled in 1381ms (889 modules)
 ✓ Compiled in 1367ms (889 modules)
 ✓ Compiled in 1371ms (889 modules)
 ✓ Compiled in 1369ms (889 modules)
 ✓ Compiled in 1363ms (889 modules)
 ✓ Compiled in 1381ms (889 modules)
 ✓ Compiled in 1366ms (889 modules)
 ✓ Compiled in 1362ms (889 modules)
 ✓ Compiled in 1367ms (889 modules)
 ✓ Compiled in 1421ms (889 modules)
 ✓ Compiled in 1364ms (889 modules)
 ✓ Compiled in 1360ms (889 modules)
 ✓ Compiled in 1369ms (889 modules)
 ✓ Compiled in 1397ms (889 modules)
 ✓ Compiled in 1373ms (889 modules)
 ✓ Compiled in 2.3s (889 modules)
 ✓ Compiled in 1855ms (889 modules)
 ✓ Compiled in 1432ms (889 modules)
 ✓ Compiled in 1432ms (889 modules)
 ✓ Compiled in 1412ms (889 modules)
 ✓ Compiled in 1388ms (889 modules)
 ✓ Compiled in 1398ms (889 modules)
 ✓ Compiled in 1413ms (889 modules)
 ✓ Compiled in 1399ms (889 modules)
 ✓ Compiled in 1396ms (889 modules)
 ✓ Compiled in 1398ms (889 modules)
 ✓ Compiled in 1430ms (889 modules)
 ✓ Compiled in 1389ms (889 modules)
 ✓ Compiled in 1377ms (889 modules)
 ✓ Compiled in 1387ms (889 modules)
 ✓ Compiled in 1422ms (889 modules)
 ✓ Compiled in 1423ms (889 modules)
 ✓ Compiled in 1385ms (889 modules)
 ✓ Compiled in 1422ms (889 modules)
 ✓ Compiled in 1404ms (889 modules)
 ✓ Compiled in 1392ms (889 modules)
 ✓ Compiled in 1379ms (889 modules)
 ✓ Compiled in 1482ms (889 modules)
 ✓ Compiled in 1399ms (889 modules)
 ✓ Compiled in 1392ms (889 modules)
 ✓ Compiled in 1415ms (889 modules)
 ✓ Compiled in 1391ms (889 modules)
 ✓ Compiled in 1366ms (889 modules)
 ✓ Compiled in 1369ms (889 modules)
 ✓ Compiled in 1421ms (889 modules)
 ✓ Compiled in 1370ms (889 modules)
 ✓ Compiled in 1392ms (889 modules)
 ✓ Compiled in 1473ms (889 modules)
 ✓ Compiled in 1407ms (889 modules)
 ✓ Compiled in 1364ms (889 modules)
 ✓ Compiled in 1381ms (889 modules)
 ✓ Compiled in 1405ms (889 modules)
 ✓ Compiled in 1396ms (889 modules)
 ✓ Compiled in 1389ms (889 modules)
 ✓ Compiled in 1384ms (889 modules)
 ✓ Compiled in 1402ms (889 modules)
 ✓ Compiled in 1369ms (889 modules)
 ✓ Compiled in 1379ms (889 modules)
 ✓ Compiled in 1428ms (889 modules)
 ✓ Compiled in 1380ms (889 modules)
 ✓ Compiled in 1420ms (889 modules)
 ✓ Compiled in 1368ms (889 modules)
 ✓ Compiled in 1369ms (889 modules)
 ✓ Compiled in 1387ms (889 modules)
 ✓ Compiled in 1376ms (889 modules)
 ✓ Compiled in 1400ms (889 modules)
 ✓ Compiled in 1385ms (889 modules)
 ✓ Compiled in 1363ms (889 modules)
 ✓ Compiled in 1378ms (889 modules)
 ✓ Compiled in 2.3s (889 modules)
 ✓ Compiled in 1775ms (889 modules)
 ✓ Compiled in 1478ms (889 modules)
 ✓ Compiled in 1426ms (889 modules)
 ✓ Compiled in 1422ms (889 modules)
 ✓ Compiled in 1407ms (889 modules)
 ✓ Compiled in 1407ms (889 modules)
 ✓ Compiled in 1464ms (889 modules)
 ✓ Compiled in 1411ms (889 modules)
 ✓ Compiled in 1389ms (889 modules)
 ✓ Compiled in 1506ms (889 modules)
 ✓ Compiled in 1405ms (889 modules)
 ✓ Compiled in 1407ms (889 modules)
 ✓ Compiled in 1391ms (889 modules)
 ✓ Compiled in 1402ms (889 modules)
 ✓ Compiled in 1413ms (889 modules)
 ✓ Compiled in 1437ms (889 modules)
 ✓ Compiled in 1399ms (889 modules)
 ✓ Compiled in 1430ms (889 modules)
 ✓ Compiled in 1431ms (889 modules)
 ✓ Compiled in 1432ms (889 modules)
 ✓ Compiled in 1382ms (889 modules)
 ✓ Compiled in 1410ms (889 modules)
 ✓ Compiled in 1470ms (889 modules)
 ✓ Compiled in 1422ms (889 modules)
 ✓ Compiled in 1405ms (889 modules)
 ✓ Compiled in 1403ms (889 modules)
 ✓ Compiled in 1385ms (889 modules)
 ✓ Compiled in 1393ms (889 modules)
 ✓ Compiled in 1408ms (889 modules)
 ✓ Compiled in 1392ms (889 modules)
 ✓ Compiled in 1411ms (889 modules)
 ✓ Compiled in 1370ms (889 modules)
 ✓ Compiled in 1374ms (889 modules)
 ✓ Compiled in 1386ms (889 modules)
 ✓ Compiled in 1391ms (889 modules)
 ✓ Compiled in 1375ms (889 modules)
 ✓ Compiled in 1394ms (889 modules)
 ✓ Compiled in 1385ms (889 modules)
 ✓ Compiled in 1373ms (889 modules)
 ✓ Compiled in 1386ms (889 modules)
 ✓ Compiled in 1372ms (889 modules)
 ✓ Compiled in 1455ms (889 modules)
 ✓ Compiled in 1374ms (889 modules)
 ✓ Compiled in 1396ms (889 modules)
 ✓ Compiled in 1382ms (889 modules)
 ✓ Compiled in 1394ms (889 modules)
 ✓ Compiled in 1384ms (889 modules)
 ✓ Compiled in 1394ms (889 modules)
 ✓ Compiled in 1387ms (889 modules)
 ✓ Compiled in 1397ms (889 modules)
 ✓ Compiled in 1392ms (889 modules)
 ✓ Compiled in 1371ms (889 modules)
 ✓ Compiled in 1439ms (889 modules)
 ✓ Compiled in 1867ms (889 modules)
 ✓ Compiled in 1764ms (889 modules)
 ✓ Compiled in 1455ms (889 modules)
 ✓ Compiled in 1417ms (889 modules)
 ✓ Compiled in 1428ms (889 modules)
 ✓ Compiled in 1387ms (889 modules)
 ✓ Compiled in 1444ms (889 modules)
 ✓ Compiled in 1414ms (889 modules)
 ✓ Compiled in 1450ms (889 modules)
 ✓ Compiled in 1411ms (889 modules)
 ✓ Compiled in 1409ms (889 modules)
 ✓ Compiled in 1416ms (889 modules)
 ✓ Compiled in 1404ms (889 modules)
 ✓ Compiled in 1408ms (889 modules)
 ✓ Compiled in 1397ms (889 modules)
 ✓ Compiled in 1426ms (889 modules)
 ✓ Compiled in 1420ms (889 modules)
 ✓ Compiled in 1412ms (889 modules)
 ✓ Compiled in 1419ms (889 modules)
 ✓ Compiled in 1480ms (889 modules)
 ✓ Compiled in 1399ms (889 modules)
 ✓ Compiled in 1389ms (889 modules)
 ✓ Compiled in 1400ms (889 modules)
 ✓ Compiled in 1393ms (889 modules)
 ✓ Compiled in 1472ms (889 modules)
 ✓ Compiled in 1435ms (889 modules)
 ✓ Compiled in 1373ms (889 modules)
 ✓ Compiled in 1413ms (889 modules)
 ✓ Compiled in 1389ms (889 modules)
 ✓ Compiled in 1398ms (889 modules)
 ✓ Compiled in 1410ms (889 modules)
 ✓ Compiled in 1400ms (889 modules)
 ✓ Compiled in 1390ms (889 modules)
 ✓ Compiled in 1388ms (889 modules)
 ✓ Compiled in 1395ms (889 modules)
 ✓ Compiled in 1386ms (889 modules)
 ✓ Compiled in 1398ms (889 modules)
 ✓ Compiled in 1406ms (889 modules)
 ✓ Compiled in 1440ms (889 modules)
 ✓ Compiled in 1402ms (889 modules)
 ✓ Compiled in 1405ms (889 modules)
 ✓ Compiled in 1420ms (889 modules)
 ✓ Compiled in 1403ms (889 modules)
 ✓ Compiled in 1387ms (889 modules)
 ✓ Compiled in 1392ms (889 modules)
 ✓ Compiled in 1402ms (889 modules)
 ✓ Compiled in 1404ms (889 modules)
 ✓ Compiled in 1420ms (889 modules)
 ✓ Compiled in 1405ms (889 modules)
 ✓ Compiled in 1375ms (889 modules)
 ✓ Compiled in 1406ms (889 modules)
 ✓ Compiled in 1462ms (889 modules)
 ✓ Compiled in 1408ms (889 modules)
 ✓ Compiled in 1398ms (889 modules)
 ✓ Compiled in 2.3s (889 modules)
 ✓ Compiled in 1767ms (889 modules)
 ✓ Compiled in 1466ms (889 modules)
 ✓ Compiled in 1476ms (889 modules)
 ✓ Compiled in 1445ms (889 modules)
 ✓ Compiled in 1601ms (889 modules)
 ✓ Compiled in 1425ms (889 modules)
 ✓ Compiled in 1443ms (889 modules)
 ✓ Compiled in 1410ms (889 modules)
 ✓ Compiled in 1420ms (889 modules)
 ✓ Compiled in 1404ms (889 modules)
 ✓ Compiled in 1413ms (889 modules)
 ✓ Compiled in 1413ms (889 modules)
 ✓ Compiled in 1413ms (889 modules)
 ✓ Compiled in 1406ms (889 modules)
 ✓ Compiled in 1405ms (889 modules)
 ✓ Compiled in 1420ms (889 modules)
 ✓ Compiled in 1407ms (889 modules)
 ✓ Compiled in 1447ms (889 modules)
 ✓ Compiled in 1433ms (889 modules)
 ✓ Compiled in 1435ms (889 modules)
 ✓ Compiled in 1391ms (889 modules)
 ✓ Compiled in 1416ms (889 modules)
 ✓ Compiled in 1404ms (889 modules)
 ✓ Compiled in 1414ms (889 modules)
 ✓ Compiled in 1501ms (889 modules)
 ✓ Compiled in 1568ms (889 modules)
 ✓ Compiled in 1427ms (889 modules)
 ✓ Compiled in 1509ms (889 modules)
 ✓ Compiled in 1411ms (889 modules)
 ✓ Compiled in 1388ms (889 modules)
 ✓ Compiled in 1423ms (889 modules)
 ✓ Compiled in 1385ms (889 modules)
 ✓ Compiled in 1386ms (889 modules)
 ✓ Compiled in 1384ms (889 modules)
 ✓ Compiled in 1409ms (889 modules)
 ✓ Compiled in 1405ms (889 modules)
 ✓ Compiled in 1399ms (889 modules)
 ✓ Compiled in 1426ms (889 modules)
 ✓ Compiled in 1412ms (889 modules)
 ✓ Compiled in 1396ms (889 modules)
 ✓ Compiled in 1383ms (889 modules)
 ✓ Compiled in 1373ms (889 modules)
 ✓ Compiled in 1387ms (889 modules)
 ✓ Compiled in 1392ms (889 modules)
 ✓ Compiled in 1387ms (889 modules)
 ✓ Compiled in 1380ms (889 modules)
 ✓ Compiled in 1409ms (889 modules)
 ✓ Compiled in 1418ms (889 modules)
 ✓ Compiled in 1395ms (889 modules)
 ✓ Compiled in 1422ms (889 modules)
 ✓ Compiled in 1407ms (889 modules)
 ✓ Compiled in 1390ms (889 modules)
 ✓ Compiled in 1398ms (889 modules)
 ✓ Compiled in 2.3s (889 modules)
 ✓ Compiled in 1757ms (889 modules)
 ✓ Compiled in 1479ms (889 modules)
 ✓ Compiled in 1441ms (889 modules)
 ✓ Compiled in 1443ms (889 modules)
 ✓ Compiled in 1471ms (889 modules)
 ✓ Compiled in 1413ms (889 modules)
 ✓ Compiled in 1438ms (889 modules)
 ✓ Compiled in 1397ms (889 modules)
 ✓ Compiled in 1420ms (889 modules)
 ✓ Compiled in 1406ms (889 modules)
 ✓ Compiled in 1412ms (889 modules)
 ✓ Compiled in 1422ms (889 modules)
 ✓ Compiled in 1392ms (889 modules)
 ✓ Compiled in 1430ms (889 modules)
 ✓ Compiled in 1421ms (889 modules)
 ✓ Compiled in 1536ms (889 modules)
 ✓ Compiled in 1425ms (889 modules)
 ✓ Compiled in 1425ms (889 modules)
 ✓ Compiled in 1426ms (889 modules)
 ✓ Compiled in 1413ms (889 modules)
 ✓ Compiled in 1446ms (889 modules)
 ✓ Compiled in 1510ms (889 modules)
 ✓ Compiled in 1507ms (889 modules)
 ✓ Compiled in 1446ms (889 modules)
 ✓ Compiled in 1442ms (889 modules)
 ✓ Compiled in 1426ms (889 modules)
 ✓ Compiled in 1389ms (889 modules)
 ✓ Compiled in 1400ms (889 modules)
 ✓ Compiled in 1388ms (889 modules)
 ✓ Compiled in 1395ms (889 modules)
 ✓ Compiled in 1416ms (889 modules)
 ✓ Compiled in 1391ms (889 modules)
 ✓ Compiled in 1387ms (889 modules)
 ✓ Compiled in 1462ms (889 modules)
 ✓ Compiled in 1450ms (889 modules)
 ✓ Compiled in 1404ms (889 modules)
 ✓ Compiled in 1478ms (889 modules)
 ✓ Compiled in 1409ms (889 modules)
 ✓ Compiled in 1395ms (889 modules)
 ✓ Compiled in 1404ms (889 modules)
 ✓ Compiled in 1382ms (889 modules)
 ✓ Compiled in 1409ms (889 modules)
 ✓ Compiled in 1406ms (889 modules)
 ✓ Compiled in 1399ms (889 modules)
 ✓ Compiled in 1392ms (889 modules)
 ✓ Compiled in 1421ms (889 modules)
 ✓ Compiled in 1426ms (889 modules)
 ✓ Compiled in 1441ms (889 modules)
 ✓ Compiled in 1389ms (889 modules)
 ✓ Compiled in 1392ms (889 modules)
 ✓ Compiled in 1438ms (889 modules)
 ✓ Compiled in 1397ms (889 modules)
 ✓ Compiled in 1405ms (889 modules)
 ✓ Compiled in 2.2s (889 modules)
 ✓ Compiled in 2s (889 modules)
 ✓ Compiled in 1571ms (889 modules)
 ✓ Compiled in 1514ms (889 modules)
 ✓ Compiled in 1447ms (889 modules)
 ✓ Compiled in 1410ms (889 modules)
 ✓ Compiled in 1442ms (889 modules)
 ✓ Compiled in 1447ms (889 modules)
 ✓ Compiled in 1444ms (889 modules)
 ✓ Compiled in 1437ms (889 modules)
 ✓ Compiled in 1423ms (889 modules)
 ✓ Compiled in 1440ms (889 modules)
 ✓ Compiled in 1432ms (889 modules)
 ✓ Compiled in 1414ms (889 modules)
 ✓ Compiled in 1487ms (889 modules)
 ✓ Compiled in 1424ms (889 modules)
 ✓ Compiled in 1425ms (889 modules)
 ✓ Compiled in 1403ms (889 modules)
 ✓ Compiled in 1423ms (889 modules)
 ✓ Compiled in 1455ms (889 modules)
 ✓ Compiled in 1404ms (889 modules)
 ✓ Compiled in 1391ms (889 modules)
 ✓ Compiled in 1435ms (889 modules)
 ✓ Compiled in 1440ms (889 modules)
 ✓ Compiled in 1464ms (889 modules)
 ✓ Compiled in 1420ms (889 modules)
 ✓ Compiled in 1412ms (889 modules)
 ✓ Compiled in 1399ms (889 modules)
 ✓ Compiled in 1383ms (889 modules)
 ✓ Compiled in 1403ms (889 modules)
 ✓ Compiled in 1404ms (889 modules)
 ✓ Compiled in 1414ms (889 modules)
 ✓ Compiled in 1397ms (889 modules)
 ✓ Compiled in 1383ms (889 modules)
 ✓ Compiled in 1396ms (889 modules)
 ✓ Compiled in 1434ms (889 modules)
 ✓ Compiled in 1395ms (889 modules)
 ✓ Compiled in 1436ms (889 modules)
 ✓ Compiled in 1462ms (889 modules)
 ✓ Compiled in 1472ms (889 modules)
 ✓ Compiled in 1485ms (889 modules)
 ✓ Compiled in 1393ms (889 modules)
 ✓ Compiled in 1398ms (889 modules)
 ✓ Compiled in 1403ms (889 modules)
 ✓ Compiled in 1425ms (889 modules)
 ✓ Compiled in 1445ms (889 modules)
 ✓ Compiled in 1492ms (889 modules)
 ✓ Compiled in 1398ms (889 modules)
 ✓ Compiled in 1423ms (889 modules)
 ✓ Compiled in 1401ms (889 modules)
 ✓ Compiled in 1398ms (889 modules)
 ✓ Compiled in 1430ms (889 modules)
 ✓ Compiled in 1398ms (889 modules)
 ✓ Compiled in 1399ms (889 modules)
 ✓ Compiled in 2.3s (889 modules)
 ✓ Compiled in 1827ms (889 modules)
 ✓ Compiled in 1487ms (889 modules)
 ✓ Compiled in 1427ms (889 modules)
 ✓ Compiled in 1444ms (889 modules)
 ✓ Compiled in 1414ms (889 modules)
 ✓ Compiled in 1437ms (889 modules)
 ✓ Compiled in 1434ms (889 modules)
 ✓ Compiled in 1445ms (889 modules)
 ✓ Compiled in 1417ms (889 modules)
 ✓ Compiled in 1418ms (889 modules)
 ✓ Compiled in 1424ms (889 modules)
 ✓ Compiled in 1444ms (889 modules)
 ✓ Compiled in 1410ms (889 modules)
 ✓ Compiled in 1417ms (889 modules)
 ✓ Compiled in 1409ms (889 modules)
 ✓ Compiled in 1422ms (889 modules)
 ✓ Compiled in 1394ms (889 modules)
 ✓ Compiled in 1426ms (889 modules)
 ✓ Compiled in 1429ms (889 modules)
 ✓ Compiled in 1426ms (889 modules)
 ✓ Compiled in 1408ms (889 modules)
 ✓ Compiled in 1499ms (889 modules)
 ✓ Compiled in 1439ms (889 modules)
 ✓ Compiled in 1437ms (889 modules)
 ✓ Compiled in 1428ms (889 modules)
 ✓ Compiled in 1427ms (889 modules)
 ✓ Compiled in 1388ms (889 modules)
 ✓ Compiled in 1400ms (889 modules)
 ✓ Compiled in 1408ms (889 modules)
 ✓ Compiled in 1403ms (889 modules)
 ✓ Compiled in 1439ms (889 modules)
 ✓ Compiled in 1422ms (889 modules)
 ✓ Compiled in 1435ms (889 modules)
 ✓ Compiled in 1395ms (889 modules)
 ✓ Compiled in 1414ms (889 modules)
 ✓ Compiled in 1397ms (889 modules)
 ✓ Compiled in 1417ms (889 modules)
 ✓ Compiled in 1420ms (889 modules)
 ✓ Compiled in 1406ms (889 modules)
 ✓ Compiled in 1419ms (889 modules)
 ✓ Compiled in 1412ms (889 modules)
 ✓ Compiled in 1408ms (889 modules)
 ✓ Compiled in 1420ms (889 modules)
 ✓ Compiled in 1421ms (889 modules)
 ✓ Compiled in 1407ms (889 modules)
 ✓ Compiled in 1409ms (889 modules)
 ✓ Compiled in 1418ms (889 modules)
 ✓ Compiled in 1411ms (889 modules)
 ✓ Compiled in 1386ms (889 modules)
 ✓ Compiled in 1399ms (889 modules)
 ✓ Compiled in 1409ms (889 modules)
 ✓ Compiled in 1385ms (889 modules)
 ✓ Compiled in 1433ms (889 modules)
 ✓ Compiled in 2.3s (889 modules)
 ✓ Compiled in 1866ms (889 modules)
 ✓ Compiled in 1512ms (889 modules)
 ✓ Compiled in 1443ms (889 modules)
 ✓ Compiled in 1434ms (889 modules)
 ✓ Compiled in 1437ms (889 modules)
 ✓ Compiled in 1429ms (889 modules)
 ✓ Compiled in 1434ms (889 modules)
 ✓ Compiled in 1441ms (889 modules)
 ✓ Compiled in 1433ms (889 modules)
 ✓ Compiled in 1448ms (889 modules)
 ✓ Compiled in 1442ms (889 modules)
 ✓ Compiled in 1423ms (889 modules)
 ✓ Compiled in 1420ms (889 modules)
 ✓ Compiled in 1428ms (889 modules)
 ✓ Compiled in 1440ms (889 modules)
 ✓ Compiled in 1432ms (889 modules)
 ✓ Compiled in 1413ms (889 modules)
 ✓ Compiled in 1450ms (889 modules)
 ✓ Compiled in 1471ms (889 modules)
 ✓ Compiled in 1462ms (889 modules)
 ✓ Compiled in 1425ms (889 modules)
 ✓ Compiled in 1406ms (889 modules)
 ✓ Compiled in 1452ms (889 modules)
 ✓ Compiled in 1439ms (889 modules)
 ✓ Compiled in 1455ms (889 modules)
 ✓ Compiled in 1411ms (889 modules)
 ✓ Compiled in 1413ms (889 modules)
 ✓ Compiled in 1418ms (889 modules)
 ✓ Compiled in 1415ms (889 modules)
 ✓ Compiled in 1428ms (889 modules)
 ✓ Compiled in 1501ms (889 modules)
 ✓ Compiled in 1423ms (889 modules)
 ✓ Compiled in 1430ms (889 modules)
 ✓ Compiled in 1402ms (889 modules)
 ✓ Compiled in 1430ms (889 modules)
 ✓ Compiled in 1414ms (889 modules)
 ✓ Compiled in 1428ms (889 modules)
 ✓ Compiled in 1425ms (889 modules)
 ✓ Compiled in 1418ms (889 modules)
 ✓ Compiled in 1435ms (889 modules)
 ✓ Compiled in 1427ms (889 modules)
 ✓ Compiled in 1444ms (889 modules)
 ✓ Compiled in 1407ms (889 modules)
 ✓ Compiled in 1406ms (889 modules)
 ✓ Compiled in 1420ms (889 modules)
 ✓ Compiled in 1437ms (889 modules)
 ✓ Compiled in 1409ms (889 modules)
 ✓ Compiled in 1426ms (889 modules)
 ✓ Compiled in 1409ms (889 modules)
 ✓ Compiled in 1407ms (889 modules)
 ✓ Compiled in 1434ms (889 modules)
 ✓ Compiled in 1454ms (889 modules)
 ✓ Compiled in 1411ms (889 modules)
 ✓ Compiled in 1933ms (889 modules)
 ✓ Compiled in 2s (889 modules)
 ✓ Compiled in 1494ms (889 modules)
 ✓ Compiled in 1453ms (889 modules)
 ✓ Compiled in 1450ms (889 modules)
 ✓ Compiled in 1430ms (889 modules)
 ✓ Compiled in 1479ms (889 modules)
 ✓ Compiled in 1474ms (889 modules)
 ✓ Compiled in 1500ms (889 modules)
 ✓ Compiled in 1417ms (889 modules)
 ✓ Compiled in 1438ms (889 modules)
 ✓ Compiled in 1433ms (889 modules)
 ✓ Compiled in 1434ms (889 modules)
 ✓ Compiled in 1417ms (889 modules)
 ✓ Compiled in 1452ms (889 modules)
 ✓ Compiled in 1414ms (889 modules)
 ✓ Compiled in 1452ms (889 modules)
 ✓ Compiled in 1404ms (889 modules)
 ✓ Compiled in 1479ms (889 modules)
 ✓ Compiled in 1444ms (889 modules)
 ✓ Compiled in 1429ms (889 modules)
 ✓ Compiled in 1428ms (889 modules)
 ✓ Compiled in 1424ms (889 modules)
 ✓ Compiled in 1448ms (889 modules)
 ✓ Compiled in 1433ms (889 modules)
 ✓ Compiled in 1463ms (889 modules)
 ✓ Compiled in 1487ms (889 modules)
 ✓ Compiled in 1410ms (889 modules)
 ✓ Compiled in 1501ms (889 modules)
 ✓ Compiled in 1578ms (889 modules)
 ✓ Compiled in 1410ms (889 modules)
 ✓ Compiled in 1458ms (889 modules)
 ✓ Compiled in 1431ms (889 modules)
 ✓ Compiled in 1406ms (889 modules)
 ✓ Compiled in 1423ms (889 modules)
 ✓ Compiled in 1424ms (889 modules)
 ✓ Compiled in 1433ms (889 modules)
 ✓ Compiled in 1416ms (889 modules)
 ✓ Compiled in 1436ms (889 modules)
 ✓ Compiled in 1478ms (889 modules)
 ✓ Compiled in 1426ms (889 modules)
 ✓ Compiled in 1421ms (889 modules)
 ✓ Compiled in 1418ms (889 modules)
 ✓ Compiled in 1406ms (889 modules)
 ✓ Compiled in 1424ms (889 modules)
 ✓ Compiled in 1406ms (889 modules)
 ✓ Compiled in 1437ms (889 modules)
 ✓ Compiled in 1432ms (889 modules)
 ✓ Compiled in 1412ms (889 modules)
 ✓ Compiled in 1430ms (889 modules)
 ✓ Compiled in 1450ms (889 modules)
 ✓ Compiled in 1440ms (889 modules)
 ✓ Compiled in 1415ms (889 modules)
 ✓ Compiled in 1430ms (889 modules)
 ✓ Compiled in 1928ms (889 modules)
 ✓ Compiled in 1788ms (889 modules)
 ✓ Compiled in 1514ms (889 modules)
 ✓ Compiled in 1449ms (889 modules)
 ✓ Compiled in 1460ms (889 modules)
 ✓ Compiled in 1460ms (889 modules)
 ✓ Compiled in 1455ms (889 modules)
 ✓ Compiled in 1441ms (889 modules)
 ✓ Compiled in 1450ms (889 modules)
 ✓ Compiled in 1444ms (889 modules)
 ✓ Compiled in 1446ms (889 modules)
 ✓ Compiled in 1430ms (889 modules)
 ✓ Compiled in 1429ms (889 modules)
 ✓ Compiled in 1448ms (889 modules)
 ✓ Compiled in 1434ms (889 modules)
 ✓ Compiled in 1466ms (889 modules)
 ✓ Compiled in 1521ms (889 modules)
 ✓ Compiled in 1408ms (889 modules)
 ✓ Compiled in 1423ms (889 modules)
 ✓ Compiled in 1476ms (889 modules)
 ✓ Compiled in 1435ms (889 modules)
 ✓ Compiled in 1410ms (889 modules)
 ✓ Compiled in 1435ms (889 modules)
 ✓ Compiled in 1451ms (889 modules)
 ✓ Compiled in 1423ms (889 modules)
 ✓ Compiled in 1450ms (889 modules)
 ✓ Compiled in 1454ms (889 modules)
 ✓ Compiled in 1415ms (889 modules)
 ✓ Compiled in 1405ms (889 modules)
 ✓ Compiled in 1401ms (889 modules)
 ✓ Compiled in 1418ms (889 modules)
 ✓ Compiled in 1442ms (889 modules)
 ✓ Compiled in 1416ms (889 modules)
 ✓ Compiled in 1423ms (889 modules)
 ✓ Compiled in 1410ms (889 modules)
 ✓ Compiled in 1432ms (889 modules)
 ✓ Compiled in 1456ms (889 modules)
 ✓ Compiled in 1475ms (889 modules)
 ✓ Compiled in 1429ms (889 modules)
 ✓ Compiled in 1422ms (889 modules)
 ✓ Compiled in 1434ms (889 modules)
 ✓ Compiled in 1413ms (889 modules)
 ✓ Compiled in 1438ms (889 modules)
 ✓ Compiled in 1419ms (889 modules)
 ✓ Compiled in 1424ms (889 modules)
 ✓ Compiled in 1425ms (889 modules)
 ✓ Compiled in 1423ms (889 modules)
 ✓ Compiled in 1507ms (889 modules)
 ✓ Compiled in 1435ms (889 modules)
 ✓ Compiled in 1407ms (889 modules)
 ✓ Compiled in 1409ms (889 modules)
 ✓ Compiled in 1444ms (889 modules)
 ✓ Compiled in 1433ms (889 modules)
 ✓ Compiled in 1429ms (889 modules)
 ✓ Compiled in 1768ms (889 modules)
 ✓ Compiled in 2.2s (889 modules)
 ✓ Compiled in 1516ms (889 modules)
 ✓ Compiled in 1503ms (889 modules)
 ✓ Compiled in 1446ms (889 modules)
 ✓ Compiled in 1472ms (889 modules)
 ✓ Compiled in 1439ms (889 modules)
 ✓ Compiled in 1440ms (889 modules)
 ✓ Compiled in 1451ms (889 modules)
 ✓ Compiled in 1445ms (889 modules)
 ✓ Compiled in 1422ms (889 modules)
 ✓ Compiled in 1447ms (889 modules)
 ✓ Compiled in 1433ms (889 modules)
 ✓ Compiled in 1454ms (889 modules)
 ✓ Compiled in 1445ms (889 modules)
 ✓ Compiled in 1457ms (889 modules)
 ✓ Compiled in 1445ms (889 modules)
 ✓ Compiled in 1420ms (889 modules)
 ✓ Compiled in 1455ms (889 modules)
 ✓ Compiled in 1450ms (889 modules)
 ✓ Compiled in 1459ms (889 modules)
 ✓ Compiled in 1423ms (889 modules)
 ✓ Compiled in 1432ms (889 modules)
 ✓ Compiled in 1500ms (889 modules)
 ✓ Compiled in 1532ms (889 modules)
 ✓ Compiled in 1469ms (889 modules)
 ✓ Compiled in 1439ms (889 modules)
 ✓ Compiled in 1416ms (889 modules)
 ✓ Compiled in 1423ms (889 modules)
 ✓ Compiled in 1428ms (889 modules)
 ✓ Compiled in 1418ms (889 modules)
 ✓ Compiled in 1450ms (889 modules)
 ✓ Compiled in 1426ms (889 modules)
 ✓ Compiled in 1449ms (889 modules)
 ✓ Compiled in 1448ms (889 modules)
 ✓ Compiled in 1434ms (889 modules)
 ✓ Compiled in 1415ms (889 modules)
 ✓ Compiled in 1426ms (889 modules)
 ✓ Compiled in 1437ms (889 modules)
 ✓ Compiled in 1427ms (889 modules)
 ✓ Compiled in 1422ms (889 modules)
 ✓ Compiled in 1423ms (889 modules)
 ✓ Compiled in 1499ms (889 modules)
 ✓ Compiled in 1544ms (889 modules)
 ✓ Compiled in 1443ms (889 modules)
 ✓ Compiled in 1468ms (889 modules)
 ✓ Compiled in 1444ms (889 modules)
 ✓ Compiled in 1430ms (889 modules)
 ✓ Compiled in 1433ms (889 modules)
 ✓ Compiled in 1402ms (889 modules)
 ✓ Compiled in 1420ms (889 modules)
 ✓ Compiled in 1459ms (889 modules)
 ✓ Compiled in 1426ms (889 modules)
 ✓ Compiled in 1420ms (889 modules)
 ✓ Compiled in 2.3s (889 modules)
 ✓ Compiled in 1915ms (889 modules)
 ✓ Compiled in 1484ms (889 modules)
 ✓ Compiled in 1454ms (889 modules)
 ✓ Compiled in 1451ms (889 modules)
 ✓ Compiled in 1446ms (889 modules)
 ✓ Compiled in 1459ms (889 modules)
 ✓ Compiled in 1457ms (889 modules)
 ✓ Compiled in 1459ms (889 modules)
 ✓ Compiled in 1440ms (889 modules)
 ✓ Compiled in 1472ms (889 modules)
 ✓ Compiled in 1483ms (889 modules)
 ✓ Compiled in 1440ms (889 modules)
 ✓ Compiled in 1445ms (889 modules)
 ✓ Compiled in 1455ms (889 modules)
 ✓ Compiled in 1481ms (889 modules)
 ✓ Compiled in 1457ms (889 modules)
 ✓ Compiled in 1427ms (889 modules)
 ✓ Compiled in 1444ms (889 modules)
 ✓ Compiled in 1473ms (889 modules)
 ✓ Compiled in 1446ms (889 modules)
 ✓ Compiled in 1464ms (889 modules)
 ✓ Compiled in 1448ms (889 modules)
 ✓ Compiled in 1438ms (889 modules)
 ✓ Compiled in 1451ms (889 modules)
 ✓ Compiled in 1462ms (889 modules)
 ✓ Compiled in 1434ms (889 modules)
 ✓ Compiled in 1430ms (889 modules)
 ✓ Compiled in 1432ms (889 modules)
 ✓ Compiled in 1424ms (889 modules)
 ✓ Compiled in 1436ms (889 modules)
 ✓ Compiled in 1498ms (889 modules)
 ✓ Compiled in 1505ms (889 modules)
 ✓ Compiled in 1428ms (889 modules)
 ✓ Compiled in 1411ms (889 modules)
 ✓ Compiled in 1432ms (889 modules)
 ✓ Compiled in 1445ms (889 modules)
 ✓ Compiled in 1440ms (889 modules)
 ✓ Compiled in 1436ms (889 modules)
 ✓ Compiled in 1442ms (889 modules)
 ✓ Compiled in 1423ms (889 modules)
 ✓ Compiled in 1411ms (889 modules)
 ✓ Compiled in 1468ms (889 modules)
 ✓ Compiled in 1408ms (889 modules)
 ✓ Compiled in 1433ms (889 modules)
 ✓ Compiled in 1430ms (889 modules)
 ✓ Compiled in 1428ms (889 modules)
 ✓ Compiled in 1425ms (889 modules)
 ✓ Compiled in 1449ms (889 modules)
 ✓ Compiled in 1424ms (889 modules)
 ✓ Compiled in 1425ms (889 modules)
 ✓ Compiled in 1482ms (889 modules)
 ✓ Compiled in 1479ms (889 modules)
 ✓ Compiled in 1464ms (889 modules)
 ✓ Compiled in 1957ms (889 modules)
 ✓ Compiled in 1944ms (889 modules)
 ✓ Compiled in 1571ms (889 modules)
 ✓ Compiled in 1459ms (889 modules)
 ✓ Compiled in 1465ms (889 modules)
 ✓ Compiled in 1431ms (889 modules)
 ✓ Compiled in 1445ms (889 modules)
 ✓ Compiled in 1448ms (889 modules)
 ✓ Compiled in 1506ms (889 modules)
 ✓ Compiled in 1451ms (889 modules)
 ✓ Compiled in 1414ms (889 modules)
 ✓ Compiled in 1448ms (889 modules)
 ✓ Compiled in 1456ms (889 modules)
 ✓ Compiled in 1446ms (889 modules)
 ✓ Compiled in 1449ms (889 modules)
 ✓ Compiled in 1429ms (889 modules)
 ✓ Compiled in 1457ms (889 modules)
 ✓ Compiled in 1423ms (889 modules)
 ✓ Compiled in 1518ms (889 modules)
 ✓ Compiled in 1457ms (889 modules)
 ✓ Compiled in 1449ms (889 modules)
 ✓ Compiled in 1419ms (889 modules)
 ✓ Compiled in 1651ms (889 modules)
 ✓ Compiled in 1468ms (889 modules)
 ✓ Compiled in 1570ms (889 modules)
 ✓ Compiled in 1562ms (889 modules)
 ✓ Compiled in 1544ms (889 modules)
 ✓ Compiled in 1536ms (889 modules)
 ✓ Compiled in 1511ms (889 modules)
 ✓ Compiled in 1433ms (889 modules)
 ✓ Compiled in 1437ms (889 modules)
 ✓ Compiled in 1445ms (889 modules)
 ✓ Compiled in 1442ms (889 modules)
 ✓ Compiled in 1436ms (889 modules)
 ✓ Compiled in 1426ms (889 modules)
 ✓ Compiled in 1449ms (889 modules)
 ✓ Compiled in 1443ms (889 modules)
 ✓ Compiled in 1430ms (889 modules)
 ✓ Compiled in 1470ms (889 modules)
 ✓ Compiled in 1560ms (889 modules)
 ✓ Compiled in 1440ms (889 modules)
 ✓ Compiled in 1426ms (889 modules)
 ✓ Compiled in 1424ms (889 modules)
 ✓ Compiled in 1441ms (889 modules)
 ✓ Compiled in 1453ms (889 modules)
 ✓ Compiled in 1434ms (889 modules)
 ✓ Compiled in 1459ms (889 modules)
 ✓ Compiled in 1464ms (889 modules)
 ✓ Compiled in 1439ms (889 modules)
 ✓ Compiled in 1440ms (889 modules)
 ✓ Compiled in 1419ms (889 modules)
 ✓ Compiled in 1455ms (889 modules)
 ✓ Compiled in 1428ms (889 modules)
 ✓ Compiled in 1429ms (889 modules)
 ✓ Compiled in 2.3s (889 modules)
 ✓ Compiled in 1809ms (889 modules)
 ✓ Compiled in 1513ms (889 modules)
 ✓ Compiled in 1522ms (889 modules)
 ✓ Compiled in 1684ms (889 modules)
 ✓ Compiled in 1601ms (889 modules)
 ✓ Compiled in 1471ms (889 modules)
 ✓ Compiled in 1489ms (889 modules)
 ✓ Compiled in 1473ms (889 modules)
 ✓ Compiled in 1449ms (889 modules)
 ✓ Compiled in 1465ms (889 modules)
 ✓ Compiled in 1469ms (889 modules)
 ✓ Compiled in 1465ms (889 modules)
 ✓ Compiled in 1451ms (889 modules)
 ✓ Compiled in 1461ms (889 modules)
 ✓ Compiled in 1544ms (889 modules)
 ✓ Compiled in 1490ms (889 modules)
 ✓ Compiled in 1464ms (889 modules)
 ✓ Compiled in 1476ms (889 modules)
 ✓ Compiled in 1488ms (889 modules)
 ✓ Compiled in 1469ms (889 modules)
 ✓ Compiled in 1492ms (889 modules)
 ✓ Compiled in 1456ms (889 modules)
 ✓ Compiled in 1478ms (889 modules)
 ✓ Compiled in 5.1s (1874 modules)
 ✓ Compiled in 1589ms (889 modules)
 ✓ Compiled in 1547ms (889 modules)
 ✓ Compiled in 1532ms (889 modules)
 ✓ Compiled in 1518ms (889 modules)
 ✓ Compiled in 1605ms (889 modules)
 ✓ Compiled in 4s (889 modules)
 ✓ Compiled in 1781ms (889 modules)
 ✓ Compiled in 1578ms (889 modules)
 ✓ Compiled in 1559ms (889 modules)
 ✓ Compiled in 1540ms (889 modules)
 ✓ Compiled in 1556ms (889 modules)
 ✓ Compiled in 1542ms (889 modules)
 ✓ Compiled in 1550ms (889 modules)
 ✓ Compiled in 1614ms (889 modules)
 ✓ Compiled in 1551ms (889 modules)
 ✓ Compiled in 1539ms (889 modules)
 ✓ Compiled in 1536ms (889 modules)
 ✓ Compiled in 1559ms (889 modules)
 ✓ Compiled in 1524ms (889 modules)
 ✓ Compiled in 1506ms (889 modules)
 ✓ Compiled in 1548ms (889 modules)
 ✓ Compiled in 1561ms (889 modules)
 ✓ Compiled in 1530ms (889 modules)
 ✓ Compiled in 1644ms (889 modules)
 ✓ Compiled in 1531ms (889 modules)
 ✓ Compiled in 1525ms (889 modules)
 ✓ Compiled in 1533ms (889 modules)
 ✓ Compiled in 1533ms (889 modules)
 ✓ Compiled in 1509ms (889 modules)
 ✓ Compiled in 1517ms (889 modules)
 ✓ Compiled in 1518ms (889 modules)
 ✓ Compiled in 1512ms (889 modules)
 ✓ Compiled in 1505ms (889 modules)
 ✓ Compiled in 1568ms (889 modules)
 ✓ Compiled in 1578ms (889 modules)
 ✓ Compiled in 1871ms (889 modules)
 ✓ Compiled in 1579ms (889 modules)
 ✓ Compiled in 1530ms (889 modules)
 ✓ Compiled in 1508ms (889 modules)
 ✓ Compiled in 1503ms (889 modules)
 ✓ Compiled in 1512ms (889 modules)
 ✓ Compiled in 1509ms (889 modules)
 ✓ Compiled in 1672ms (889 modules)
 ✓ Compiled in 1523ms (889 modules)
 ✓ Compiled in 1528ms (889 modules)
 ✓ Compiled in 1554ms (889 modules)
 ✓ Compiled in 1591ms (889 modules)
 ✓ Compiled in 1521ms (889 modules)
 ✓ Compiled in 1511ms (889 modules)
 ✓ Compiled in 1539ms (889 modules)
 ✓ Compiled in 1606ms (889 modules)
 ✓ Compiled in 1569ms (889 modules)
 ✓ Compiled in 1542ms (889 modules)
 ✓ Compiled in 1536ms (889 modules)
 ✓ Compiled in 1514ms (889 modules)
 ✓ Compiled in 1508ms (889 modules)
 ✓ Compiled in 1527ms (889 modules)
 ✓ Compiled in 2.1s (889 modules)
 ✓ Compiled in 1662ms (889 modules)
 ✓ Compiled in 1574ms (889 modules)
 ✓ Compiled in 1533ms (889 modules)
 ✓ Compiled in 1681ms (889 modules)
 ✓ Compiled in 1598ms (889 modules)
 ✓ Compiled in 1567ms (889 modules)
 ✓ Compiled in 1531ms (889 modules)
 ✓ Compiled in 1523ms (889 modules)
 ✓ Compiled in 1610ms (889 modules)
 ✓ Compiled in 1633ms (889 modules)
 ✓ Compiled in 1616ms (889 modules)
 ✓ Compiled in 1577ms (889 modules)
 ✓ Compiled in 1537ms (889 modules)
 ✓ Compiled in 1776ms (889 modules)
 ✓ Compiled in 1632ms (889 modules)
 ✓ Compiled in 1565ms (889 modules)
 ✓ Compiled in 1584ms (889 modules)
 ✓ Compiled in 1579ms (889 modules)
 ✓ Compiled in 1561ms (889 modules)
 ✓ Compiled in 1537ms (889 modules)
 ✓ Compiled in 1552ms (889 modules)
 ✓ Compiled in 1545ms (889 modules)
 ✓ Compiled in 1647ms (889 modules)
 ✓ Compiled in 1636ms (889 modules)
 ✓ Compiled in 1614ms (889 modules)
 ✓ Compiled in 1639ms (889 modules)
 ✓ Compiled in 2.3s (889 modules)
 ✓ Compiled in 1596ms (889 modules)
 ✓ Compiled in 1541ms (889 modules)
 ✓ Compiled in 1591ms (889 modules)
 ✓ Compiled in 1523ms (889 modules)
 ✓ Compiled in 1559ms (889 modules)
 ✓ Compiled in 1536ms (889 modules)
 ✓ Compiled in 1534ms (889 modules)
 ✓ Compiled in 1579ms (889 modules)
 ✓ Compiled in 2.3s (889 modules)
 ✓ Compiled in 1584ms (889 modules)
 ✓ Compiled in 1557ms (889 modules)
 ✓ Compiled in 1563ms (889 modules)
 ✓ Compiled in 1551ms (889 modules)
 ✓ Compiled in 1556ms (889 modules)
 ✓ Compiled in 1669ms (889 modules)
 ✓ Compiled in 1538ms (889 modules)
 ✓ Compiled in 1551ms (889 modules)
 ✓ Compiled in 1533ms (889 modules)
 ✓ Compiled in 1553ms (889 modules)
 ✓ Compiled in 1552ms (889 modules)
 ✓ Compiled in 1530ms (889 modules)
 ✓ Compiled in 1528ms (889 modules)
 ✓ Compiled in 1551ms (889 modules)
 ✓ Compiled in 1548ms (889 modules)
 ✓ Compiled in 1533ms (889 modules)
 ✓ Compiled in 2.4s (889 modules)
 ✓ Compiled in 1962ms (889 modules)
 ✓ Compiled in 1646ms (889 modules)
 ✓ Compiled in 1571ms (889 modules)
 ✓ Compiled in 1575ms (889 modules)
 ✓ Compiled in 1542ms (889 modules)
 ✓ Compiled in 1585ms (889 modules)
 ✓ Compiled in 1640ms (889 modules)
 ✓ Compiled in 1550ms (889 modules)
 ✓ Compiled in 1580ms (889 modules)
 ✓ Compiled in 1549ms (889 modules)
 ✓ Compiled in 1539ms (889 modules)
 ✓ Compiled in 1566ms (889 modules)
 ✓ Compiled in 1553ms (889 modules)
 ✓ Compiled in 1552ms (889 modules)
 ✓ Compiled in 1583ms (889 modules)
 ✓ Compiled in 1552ms (889 modules)
 ✓ Compiled in 1606ms (889 modules)
 ✓ Compiled in 1558ms (889 modules)
 ✓ Compiled in 1553ms (889 modules)
 ✓ Compiled in 1542ms (889 modules)
 ✓ Compiled in 1528ms (889 modules)
 ✓ Compiled in 1591ms (889 modules)
 ✓ Compiled in 1563ms (889 modules)
 ✓ Compiled in 1561ms (889 modules)
 ✓ Compiled in 1568ms (889 modules)
 ✓ Compiled in 1555ms (889 modules)
 ✓ Compiled in 1598ms (889 modules)
 ✓ Compiled in 1534ms (889 modules)
 ✓ Compiled in 1530ms (889 modules)
 ✓ Compiled in 1516ms (889 modules)
 ✓ Compiled in 1553ms (889 modules)
 ✓ Compiled in 1531ms (889 modules)
 ✓ Compiled in 1521ms (889 modules)
 ✓ Compiled in 1533ms (889 modules)
 ✓ Compiled in 1533ms (889 modules)
 ✓ Compiled in 1549ms (889 modules)
 ✓ Compiled in 1569ms (889 modules)
 ✓ Compiled in 1549ms (889 modules)
 ✓ Compiled in 1527ms (889 modules)
 ✓ Compiled in 1534ms (889 modules)
 ✓ Compiled in 1529ms (889 modules)
 ✓ Compiled in 1541ms (889 modules)
 ✓ Compiled in 1946ms (889 modules)
 ✓ Compiled in 2s (889 modules)
 ✓ Compiled in 1562ms (889 modules)
 ✓ Compiled in 1730ms (889 modules)
 ✓ Compiled in 1550ms (889 modules)
 ✓ Compiled in 1550ms (889 modules)
 ✓ Compiled in 1516ms (889 modules)
 ✓ Compiled in 1531ms (889 modules)
 ✓ Compiled in 1532ms (889 modules)
 ✓ Compiled in 1527ms (889 modules)
 ✓ Compiled in 1534ms (889 modules)
 ✓ Compiled in 1938ms (889 modules)
 ✓ Compiled in 1942ms (889 modules)
 ✓ Compiled in 1658ms (889 modules)
 ✓ Compiled in 1578ms (889 modules)
 ✓ Compiled in 1563ms (889 modules)
 ✓ Compiled in 1548ms (889 modules)
 ✓ Compiled in 1551ms (889 modules)
 ✓ Compiled in 1568ms (889 modules)
 ✓ Compiled in 1543ms (889 modules)
 ✓ Compiled in 1570ms (889 modules)
 ✓ Compiled in 1635ms (889 modules)
 ✓ Compiled in 1564ms (889 modules)
 ✓ Compiled in 1536ms (889 modules)
 ✓ Compiled in 1538ms (889 modules)
 ✓ Compiled in 1567ms (889 modules)
 ✓ Compiled in 1536ms (889 modules)
 ✓ Compiled in 1641ms (889 modules)
 ✓ Compiled in 1541ms (889 modules)
 ✓ Compiled in 1551ms (889 modules)
 ✓ Compiled in 1578ms (889 modules)
 ✓ Compiled in 1618ms (889 modules)
 ✓ Compiled in 1547ms (889 modules)
 ✓ Compiled in 1605ms (889 modules)
 ✓ Compiled in 1587ms (889 modules)
 ✓ Compiled in 1573ms (889 modules)
 ✓ Compiled in 6.3s (1874 modules)
 ✓ Compiled in 1832ms (889 modules)
 ✓ Compiled in 1655ms (889 modules)
 ✓ Compiled in 1578ms (889 modules)
 ✓ Compiled in 1571ms (889 modules)
 ✓ Compiled in 1552ms (889 modules)
 ✓ Compiled in 1548ms (889 modules)
 ✓ Compiled in 1551ms (889 modules)
 ✓ Compiled in 1541ms (889 modules)
 ✓ Compiled in 1577ms (889 modules)
 ✓ Compiled in 1801ms (889 modules)
 ✓ Compiled in 1553ms (889 modules)
 ✓ Compiled in 1547ms (889 modules)
 ✓ Compiled in 1561ms (889 modules)
 ✓ Compiled in 1548ms (889 modules)
 ✓ Compiled in 1625ms (889 modules)
 ✓ Compiled in 1689ms (889 modules)
 ✓ Compiled in 1750ms (889 modules)
 ✓ Compiled in 2s (889 modules)
 ✓ Compiled in 1967ms (889 modules)
 ✓ Compiled in 1591ms (889 modules)
 ✓ Compiled in 1654ms (889 modules)
 ✓ Compiled in 1565ms (889 modules)
 ✓ Compiled in 1571ms (889 modules)
 ✓ Compiled in 1532ms (889 modules)
 ✓ Compiled in 1544ms (889 modules)
 ✓ Compiled in 4.9s (889 modules)
 ✓ Compiled in 1960ms (889 modules)
 ✓ Compiled in 1655ms (889 modules)
 ✓ Compiled in 1600ms (889 modules)
 ✓ Compiled in 1564ms (889 modules)
 ✓ Compiled in 1595ms (889 modules)
 ✓ Compiled in 1553ms (889 modules)
 ✓ Compiled in 1574ms (889 modules)
 ✓ Compiled in 1578ms (889 modules)
 ✓ Compiled in 1569ms (889 modules)
 ✓ Compiled in 1613ms (889 modules)
 ✓ Compiled in 1555ms (889 modules)
 ✓ Compiled in 1579ms (889 modules)
 ✓ Compiled in 2.3s (889 modules)
 GET /live 200 in 2483ms
 ✓ Compiled in 5.7s (889 modules)
 ✓ Compiled in 6s (889 modules)
 ✓ Compiled in 1581ms (889 modules)
 ✓ Compiled in 1580ms (889 modules)
 ✓ Compiled in 1527ms (889 modules)
 ✓ Compiled in 1666ms (889 modules)
 ✓ Compiled in 1686ms (889 modules)
 GET /live 200 in 3090ms
 ✓ Compiled in 1615ms (889 modules)
 ✓ Compiled in 1625ms (889 modules)
 GET /live 200 in 3188ms
 ✓ Compiled in 1608ms (889 modules)
 GET /live 200 in 3011ms
 ✓ Compiled in 1631ms (889 modules)
 GET /live 200 in 3100ms
 ✓ Compiled in 1607ms (889 modules)
 ✓ Compiled in 1603ms (889 modules)
 GET /live 200 in 1774ms
 ✓ Compiled in 1575ms (889 modules)
 GET /live 200 in 1704ms
 ✓ Compiled in 1612ms (889 modules)
 GET /live 200 in 3002ms
 ✓ Compiled in 1555ms (889 modules)
 ✓ Compiled in 1602ms (889 modules)
 GET /live 200 in 1770ms
 ✓ Compiled in 1598ms (889 modules)
 GET /live 200 in 1741ms
 ✓ Compiled in 1623ms (889 modules)
 GET /live 200 in 3053ms
 ✓ Compiled in 1611ms (889 modules)
 ✓ Compiled in 1727ms (889 modules)
 GET /live 200 in 1895ms
 ✓ Compiled in 1615ms (889 modules)
 GET /live 200 in 1767ms
 ✓ Compiled in 1682ms (889 modules)
 GET /live 200 in 3083ms
 ✓ Compiled in 1578ms (889 modules)
 GET /live 200 in 1792ms
 ✓ Compiled in 1622ms (889 modules)
 ✓ Compiled in 1604ms (889 modules)
 GET /live 200 in 1744ms
 ✓ Compiled in 1609ms (889 modules)
 GET /live 200 in 3001ms
 ✓ Compiled in 1565ms (889 modules)
 GET /live 200 in 1744ms
 ✓ Compiled in 1581ms (889 modules)
 ✓ Compiled in 1621ms (889 modules)
 GET /live 200 in 1744ms
 ✓ Compiled in 1631ms (889 modules)
 GET /live 200 in 3039ms
 ✓ Compiled in 1626ms (889 modules)
 GET /live 200 in 3065ms
 ✓ Compiled in 1572ms (889 modules)
 ✓ Compiled in 1603ms (889 modules)
 GET /live 200 in 1785ms
 ✓ Compiled in 2.7s (889 modules)
 GET /live 200 in 2886ms
 ○ Compiling /setup ...
 ✓ Compiled /_error in 15.3s (2002 modules)
 GET /live 500 in 15947ms
 ✓ Compiled (1980 modules)
 GET /setup 200 in 16492ms
 ✓ Compiled in 1724ms (904 modules)
 GET /setup 200 in 277ms
 ○ Compiling /journey ...
 ✓ Compiled /journey in 4.8s (2016 modules)
 GET /setup 200 in 560ms
 ✓ Compiled in 2.2s (904 modules)
 GET /journey 200 in 7228ms
 ✓ Compiled in 1643ms (904 modules)
 ✓ Compiled in 1601ms (904 modules)
 ✓ Compiled in 1574ms (904 modules)
 ✓ Compiled in 1554ms (904 modules)
 ✓ Compiled in 1560ms (904 modules)
 ✓ Compiled in 1733ms (904 modules)
 ✓ Compiled in 1689ms (904 modules)
 GET /journey 200 in 1805ms
 ✓ Compiled in 1694ms (904 modules)
 GET /journey 200 in 3094ms
 ✓ Compiled in 1619ms (904 modules)
 GET /journey 200 in 3087ms
 ✓ Compiled in 1646ms (904 modules)
 ✓ Compiled in 1636ms (904 modules)
 GET /journey 200 in 1798ms
 ✓ Compiled in 1648ms (904 modules)
 GET /journey 200 in 1754ms
 ✓ Compiled in 1628ms (904 modules)
 GET /journey 200 in 1737ms
 ✓ Compiled in 1624ms (904 modules)
 ✓ Compiled in 1738ms (904 modules)
 GET /journey 200 in 3314ms
 ✓ Compiled in 1607ms (904 modules)
 GET /journey 200 in 1718ms
 ✓ Compiled in 1617ms (904 modules)
 GET /journey 200 in 3058ms
 ✓ Compiled in 1682ms (904 modules)
 GET /journey 200 in 3054ms
 ✓ Compiled in 1599ms (904 modules)
 GET /journey 200 in 1783ms
 ✓ Compiled in 1649ms (904 modules)
 ✓ Compiled in 1595ms (904 modules)
 GET /journey 200 in 1707ms
 ✓ Compiled in 1622ms (904 modules)
 GET /journey 200 in 1719ms
 ✓ Compiled in 1665ms (904 modules)
 GET /journey 200 in 3252ms
 ✓ Compiled in 1842ms (904 modules)
 GET /journey 200 in 3400ms
 ✓ Compiled in 1781ms (904 modules)
 ✓ Compiled in 1938ms (904 modules)
 GET /journey 200 in 2162ms
 ✓ Compiled in 1914ms (904 modules)
 GET /journey 200 in 2041ms
 ✓ Compiled in 1762ms (904 modules)
 GET /journey 200 in 1894ms
 ✓ Compiled in 2.8s (904 modules)
 ✓ Compiled in 1942ms (904 modules)
 GET /journey 200 in 4722ms
 ✓ Compiled in 1669ms (904 modules)
 GET /journey 200 in 1788ms
 ✓ Compiled in 1921ms (904 modules)
 GET /journey 200 in 2037ms
 ✓ Compiled in 6s (904 modules)
 GET /journey 200 in 8152ms
 ✓ Compiled in 2.3s (904 modules)
 ✓ Compiled in 1924ms (904 modules)
 GET /journey 200 in 2281ms
 ✓ Compiled in 2.4s (904 modules)
 GET /journey 200 in 2495ms
 ✓ Compiled in 2.4s (904 modules)
 GET /journey 200 in 4257ms
 ✓ Compiled in 25.4s (2016 modules)
 GET /journey 500 in 27019ms
 ✓ Compiled in 1977ms (904 modules)
 GET /journey 200 in 2091ms
 ✓ Compiled in 1840ms (904 modules)
 ✓ Compiled in 2.1s (904 modules)
 GET /journey 200 in 2190ms
 ✓ Compiled in 1667ms (904 modules)
 GET /journey 200 in 1776ms
 ✓ Compiled in 1687ms (904 modules)
 GET /journey 200 in 3103ms
 ✓ Compiled in 1661ms (904 modules)
 GET /journey 200 in 3132ms
 ✓ Compiled in 1662ms (904 modules)
 ✓ Compiled in 1721ms (904 modules)
 GET /journey 200 in 1902ms
 ✓ Compiled in 1631ms (904 modules)
 GET /journey 200 in 1739ms
 ✓ Compiled in 1678ms (904 modules)
 GET /journey 200 in 1814ms
 ✓ Compiled in 1733ms (904 modules)
 GET /journey 200 in 3161ms
 ✓ Compiled in 1658ms (904 modules)
 GET /journey 200 in 1775ms
 ✓ Compiled in 1625ms (904 modules)
 ✓ Compiled in 1669ms (904 modules)
 GET /journey 200 in 1817ms
 ✓ Compiled in 1702ms (904 modules)
 GET /journey 200 in 1811ms
 ✓ Compiled in 1737ms (904 modules)
 GET /journey 200 in 2812ms
 ✓ Compiled in 2.7s (904 modules)
 ✓ Compiled in 1788ms (904 modules)
 GET /journey 200 in 3731ms
 ✓ Compiled in 1703ms (904 modules)
 GET /journey 200 in 1804ms
 ✓ Compiled in 1744ms (904 modules)
 GET /journey 200 in 1844ms
 ✓ Compiled in 1641ms (904 modules)
 ✓ Compiled in 1639ms (904 modules)
 GET /journey 200 in 3224ms
 ✓ Compiled in 1666ms (904 modules)
 GET /journey 200 in 1764ms
 ✓ Compiled in 1694ms (904 modules)
 GET /journey 200 in 3096ms
 ✓ Compiled in 3.8s (2016 modules)
 GET /journey 500 in 5221ms
 ✓ Compiled in 1637ms (904 modules)
 GET /journey 200 in 1876ms
 ✓ Compiled in 1739ms (904 modules)
 ✓ Compiled in 1751ms (904 modules)
 GET /journey 200 in 1859ms
 ✓ Compiled in 1680ms (904 modules)
 GET /journey 200 in 1781ms
 ✓ Compiled in 1661ms (904 modules)
 GET /journey 200 in 3070ms
 ✓ Compiled in 1676ms (904 modules)
 GET /journey 200 in 3081ms
 ✓ Compiled in 1648ms (904 modules)
 GET /journey 200 in 1780ms
 ✓ Compiled in 1628ms (904 modules)
 ✓ Compiled in 1635ms (904 modules)
 GET /journey 200 in 1747ms
 ✓ Compiled in 1624ms (904 modules)
 GET /journey 200 in 1730ms
 ✓ Compiled in 2.9s (904 modules)
 GET /journey 200 in 4840ms
 ✓ Compiled in 2.2s (904 modules)
 GET /journey 200 in 3997ms
 ✓ Compiled in 2s (904 modules)
 GET /journey 200 in 2257ms
 ✓ Compiled in 2.1s (904 modules)
 ✓ Compiled in 1652ms (904 modules)
 GET /journey 200 in 1779ms
 ✓ Compiled in 1666ms (904 modules)
 GET /journey 200 in 1786ms
 ✓ Compiled in 1669ms (904 modules)
 GET /journey 200 in 3065ms
 ✓ Compiled in 1648ms (904 modules)
 GET /journey 200 in 3094ms
 ✓ Compiled in 1622ms (904 modules)
 GET /journey 200 in 1812ms
 ✓ Compiled in 1669ms (904 modules)
 ✓ Compiled in 1621ms (904 modules)
 GET /journey 200 in 1728ms
 ✓ Compiled in 1631ms (904 modules)
 GET /journey 200 in 1722ms
 ✓ Compiled in 1629ms (904 modules)
 GET /journey 200 in 3035ms
 ✓ Compiled in 1639ms (904 modules)
 GET /journey 200 in 3055ms
 ✓ Compiled in 1587ms (904 modules)
 ✓ Compiled in 1605ms (904 modules)
 GET /journey 200 in 1752ms
 ✓ Compiled in 1613ms (904 modules)
 GET /journey 200 in 1713ms
 ✓ Compiled in 1620ms (904 modules)
 GET /journey 200 in 1720ms
 ✓ Compiled in 1661ms (904 modules)
 ✓ Compiled in 1612ms (904 modules)
 GET /journey 200 in 3216ms
 ✓ Compiled in 1617ms (904 modules)
 GET /journey 200 in 1718ms
 ✓ Compiled in 1599ms (904 modules)
 GET /journey 200 in 1719ms
 ✓ Compiled in 1603ms (904 modules)
 ✓ Compiled in 1641ms (904 modules)
 GET /journey 200 in 3181ms
 ✓ Compiled in 1624ms (904 modules)
 GET /journey 200 in 1730ms
 ✓ Compiled in 1629ms (904 modules)
 GET /journey 200 in 1715ms
 ✓ Compiled in 1636ms (904 modules)
 GET /journey 200 in 3234ms
 ✓ Compiled in 1684ms (904 modules)
 ✓ Compiled in 1615ms (904 modules)
 GET /journey 200 in 1714ms
 ✓ Compiled in 1639ms (904 modules)
 GET /journey 200 in 1747ms
 ✓ Compiled in 2.1s (904 modules)
 GET /journey 200 in 4199ms
 ✓ Compiled in 2.4s (904 modules)
 GET /journey 200 in 2190ms
 ✓ Compiled in 1715ms (903 modules)
 ✓ Compiled in 1635ms (903 modules)
 GET /journey 200 in 1753ms
 ✓ Compiled in 1850ms (903 modules)
 GET /journey 200 in 3433ms
 ✓ Compiled in 1799ms (903 modules)
 ✓ Compiled in 1686ms (903 modules)
 GET /journey 200 in 3420ms
 ✓ Compiled in 1735ms (903 modules)
 GET /journey 200 in 3157ms
 ✓ Compiled in 1637ms (903 modules)
 GET /journey 200 in 3140ms
 ✓ Compiled in 1637ms (903 modules)
 ✓ Compiled in 1637ms (903 modules)
 GET /journey 200 in 1796ms
 ✓ Compiled in 1654ms (903 modules)
 GET /journey 200 in 1782ms
 ✓ Compiled in 1623ms (903 modules)
 GET /journey 200 in 3038ms
 ✓ Compiled in 1599ms (903 modules)
 ✓ Compiled in 1757ms (903 modules)
 GET /journey 200 in 1928ms
 ✓ Compiled in 1645ms (903 modules)
 GET /journey 200 in 1780ms
 ✓ Compiled in 1659ms (903 modules)
 GET /journey 200 in 3105ms
 ✓ Compiled in 1612ms (903 modules)
 GET /journey 200 in 1800ms
 ✓ Compiled in 1636ms (903 modules)
 ✓ Compiled in 1731ms (903 modules)
 GET /journey 200 in 1862ms
 ✓ Compiled in 1629ms (903 modules)
 GET /journey 200 in 3058ms
 ✓ Compiled in 1626ms (903 modules)
 GET /journey 200 in 3134ms
 ✓ Compiled in 1639ms (903 modules)
 ✓ Compiled in 1688ms (903 modules)
 GET /journey 200 in 1871ms
 ✓ Compiled in 1630ms (903 modules)
 GET /journey 200 in 3039ms
 ✓ Compiled in 1620ms (903 modules)
 GET /journey 200 in 3079ms
 ✓ Compiled in 1598ms (903 modules)
 ✓ Compiled in 1628ms (903 modules)
 GET /journey 200 in 1806ms
 ✓ Compiled in 1601ms (903 modules)
 GET /journey 200 in 1726ms
 ○ Compiling /_error ...
 ✓ Compiled /_error in 3.7s (2016 modules)
 GET /journey 500 in 5141ms
 ✓ Compiled in 1643ms (904 modules)
 GET /journey 200 in 1912ms
 ✓ Compiled in 1777ms (904 modules)
 ✓ Compiled in 1632ms (904 modules)
 GET /journey 200 in 1742ms
 ✓ Compiled in 1647ms (904 modules)
 GET /journey 200 in 1741ms
 ✓ Compiled in 1630ms (904 modules)
 GET /journey 200 in 3049ms
 ✓ Compiled in 1662ms (904 modules)
 GET /journey 200 in 3110ms
 ✓ Compiled in 1610ms (904 modules)
 GET /journey 200 in 1800ms
 ✓ Compiled in 1655ms (904 modules)
 ✓ Compiled in 1615ms (904 modules)
 GET /journey 200 in 1714ms
 ✓ Compiled in 1650ms (904 modules)
 GET /journey 200 in 1751ms
 ✓ Compiled in 1638ms (904 modules)
 GET /journey 200 in 3094ms
 ✓ Compiled in 1665ms (904 modules)
 GET /journey 200 in 1786ms
 ✓ Compiled in 1648ms (904 modules)
 ✓ Compiled in 1656ms (904 modules)
 GET /journey 200 in 1807ms
 ✓ Compiled in 1655ms (904 modules)
 GET /journey 200 in 1774ms
 ✓ Compiled in 1668ms (904 modules)
 GET /journey 200 in 3104ms
 ✓ Compiled in 1631ms (904 modules)
 ✓ Compiled in 1626ms (904 modules)
 GET /journey 200 in 3187ms
 ✓ Compiled in 1639ms (904 modules)
 GET /journey 200 in 1736ms
 ✓ Compiled in 1657ms (904 modules)
 GET /journey 200 in 3106ms
 ✓ Compiled in 2s (904 modules)
 GET /journey 200 in 4302ms
 ✓ Compiled in 2.5s (904 modules)
 GET /journey 200 in 2094ms
 ✓ Compiled in 1742ms (904 modules)
 ✓ Compiled in 1711ms (904 modules)
 GET /journey 200 in 1818ms
 ✓ Compiled in 1691ms (904 modules)
 GET /journey 200 in 1802ms
 ✓ Compiled in 1668ms (904 modules)
 GET /journey 200 in 3073ms
 ✓ Compiled in 1631ms (904 modules)
 GET /journey 200 in 3124ms
 ✓ Compiled in 1652ms (904 modules)
 ✓ Compiled in 1703ms (904 modules)
 GET /journey 200 in 1864ms
 ✓ Compiled in 1655ms (904 modules)
 GET /journey 200 in 1758ms
 ✓ Compiled in 1675ms (904 modules)
 GET /journey 200 in 1791ms
 ✓ Compiled in 1654ms (904 modules)
 GET /journey 200 in 3221ms
 ✓ Compiled in 1652ms (904 modules)
 ✓ Compiled in 1651ms (904 modules)
 GET /journey 200 in 1752ms
 ✓ Compiled in 1664ms (904 modules)
 GET /journey 200 in 1764ms
 ✓ Compiled in 1692ms (904 modules)
 GET /journey 200 in 3119ms
 ✓ Compiled in 1677ms (904 modules)
 GET /journey 200 in 3257ms
 ✓ Compiled in 1760ms (904 modules)
 GET /journey 200 in 1835ms
 ✓ Compiled in 1694ms (904 modules)
 ✓ Compiled in 1652ms (904 modules)
 GET /journey 200 in 1769ms
 ✓ Compiled in 1669ms (904 modules)
 GET /journey 200 in 1780ms
 ✓ Compiled in 1655ms (904 modules)
 GET /journey 200 in 3071ms
 ✓ Compiled in 1648ms (904 modules)
 ✓ Compiled in 1687ms (904 modules)
 GET /journey 200 in 3260ms
 ✓ Compiled in 1637ms (904 modules)
 GET /journey 200 in 1732ms
 ✓ Compiled in 1640ms (904 modules)
 GET /journey 200 in 3074ms
 ✓ Compiled in 1630ms (904 modules)
 ✓ Compiled in 1632ms (904 modules)
 GET /journey 200 in 3206ms
 ✓ Compiled in 1635ms (904 modules)
 GET /journey 200 in 1738ms
 ✓ Compiled in 1701ms (904 modules)
 GET /journey 200 in 3114ms
 ✓ Compiled in 1661ms (904 modules)
 GET /journey 200 in 3099ms
 ✓ Compiled in 1611ms (904 modules)
 GET /journey 200 in 1776ms
 ✓ Compiled in 1642ms (904 modules)
 ✓ Compiled in 1620ms (904 modules)
 GET /journey 200 in 1721ms
 ✓ Compiled in 1631ms (904 modules)
 GET /journey 200 in 1726ms
 ✓ Compiled in 1703ms (904 modules)
 GET /journey 200 in 3137ms
 ✓ Compiled in 1633ms (904 modules)
 GET /journey 200 in 1795ms
 ✓ Compiled in 1639ms (904 modules)
 ✓ Compiled in 1644ms (904 modules)
 GET /journey 200 in 1792ms
 ✓ Compiled in 1648ms (904 modules)
 GET /journey 200 in 1743ms
 ✓ Compiled in 1640ms (904 modules)
 GET /journey 200 in 1731ms
 ✓ Compiled in 1600ms (904 modules)
 ✓ Compiled in 1621ms (904 modules)
 GET /journey 200 in 3197ms
 ✓ Compiled in 1632ms (904 modules)
 GET /journey 200 in 1748ms
 ✓ Compiled in 1658ms (904 modules)
 GET /journey 200 in 3149ms
 ✓ Compiled in 1692ms (904 modules)
 ✓ Compiled in 1601ms (904 modules)
 GET /journey 200 in 3196ms
 ✓ Compiled in 1642ms (904 modules)
 GET /journey 200 in 1759ms
 ✓ Compiled in 1677ms (904 modules)
 GET /journey 200 in 3078ms
 ✓ Compiled in 1607ms (904 modules)
 ✓ Compiled in 1618ms (904 modules)
 GET /journey 200 in 3157ms
 ✓ Compiled in 2.1s (904 modules)
 GET /journey 200 in 2788ms
 ✓ Compiled in 2.1s (903 modules)
 GET /journey 200 in 3593ms
 ✓ Compiled in 1788ms (903 modules)
 GET /journey 200 in 1965ms
 ✓ Compiled in 1722ms (903 modules)
 ✓ Compiled in 1683ms (903 modules)
 GET /journey 200 in 1808ms
 ✓ Compiled in 1624ms (903 modules)
 GET /journey 200 in 3104ms
 ✓ Compiled in 1703ms (903 modules)
 GET /journey 200 in 3186ms
 ✓ Compiled in 1619ms (903 modules)
 ✓ Compiled in 1639ms (903 modules)
 GET /journey 200 in 1815ms
 ✓ Compiled in 1660ms (903 modules)
 GET /journey 200 in 3082ms
 ✓ Compiled in 1611ms (903 modules)
 ✓ Compiled in 1694ms (903 modules)
 GET /journey 200 in 3264ms
 ✓ Compiled in 1671ms (903 modules)
 GET /journey 200 in 3114ms
 ✓ Compiled in 1652ms (903 modules)
 GET /journey 200 in 3222ms
 ✓ Compiled in 1703ms (903 modules)
 ✓ Compiled in 1639ms (903 modules)
 GET /journey 200 in 1826ms
 ✓ Compiled in 1656ms (903 modules)
 GET /journey 200 in 1793ms
 ○ Compiling /_error ...
 ✓ Compiled /_error in 4s (2016 modules)
 GET /journey 500 in 5435ms
 ✓ Compiled in 1688ms (904 modules)
 GET /journey 200 in 1999ms
 ✓ Compiled in 1837ms (904 modules)
 ✓ Compiled in 1662ms (904 modules)
 GET /journey 200 in 1762ms
 ✓ Compiled in 1683ms (904 modules)
 GET /journey 200 in 1793ms
 ✓ Compiled in 1679ms (904 modules)
 GET /journey 200 in 3090ms
 ✓ Compiled in 1628ms (904 modules)
 ✓ Compiled in 1641ms (904 modules)
 GET /journey 200 in 3194ms
 ✓ Compiled in 1637ms (904 modules)
 GET /journey 200 in 1731ms
 ✓ Compiled in 1644ms (904 modules)
 GET /journey 200 in 3063ms
 ✓ Compiled in 1615ms (904 modules)
 ✓ Compiled in 1694ms (904 modules)
 GET /journey 200 in 3241ms
 ✓ Compiled in 1627ms (904 modules)
 GET /journey 200 in 1712ms
 ✓ Compiled in 1663ms (904 modules)
 GET /journey 200 in 3083ms
 ✓ Compiled in 3.6s (2016 modules)
 GET /journey 500 in 5022ms
 ✓ Compiled in 1659ms (904 modules)
 GET /journey 200 in 1865ms
 ✓ Compiled in 1731ms (904 modules)
 ✓ Compiled in 1644ms (904 modules)
 GET /journey 200 in 1747ms
 ✓ Compiled in 1707ms (904 modules)
 GET /journey 200 in 1837ms
 ✓ Compiled in 1719ms (904 modules)
 GET /journey 200 in 3117ms
 ✓ Compiled in 1646ms (904 modules)
 GET /journey 200 in 3092ms
 ✓ Compiled in 1608ms (904 modules)
 GET /journey 200 in 1780ms
 ✓ Compiled in 1646ms (904 modules)
 ✓ Compiled in 1652ms (904 modules)
 GET /journey 200 in 1756ms
 ✓ Compiled in 1648ms (904 modules)
 GET /journey 200 in 1745ms
 ✓ Compiled in 1666ms (904 modules)
 GET /journey 200 in 3094ms
 ✓ Compiled in 1679ms (904 modules)
 GET /journey 200 in 3144ms
 ✓ Compiled in 1642ms (904 modules)
 GET /journey 200 in 1847ms
 ✓ Compiled in 1709ms (904 modules)
 ✓ Compiled in 1682ms (904 modules)
 GET /journey 200 in 1781ms
 ✓ Compiled in 1688ms (904 modules)
 GET /journey 200 in 1798ms
 ✓ Compiled in 1712ms (904 modules)
 GET /journey 200 in 3132ms
 ✓ Compiled in 2.6s (904 modules)
 GET /journey 200 in 4553ms
 ✓ Compiled in 2.1s (904 modules)
 GET /journey 200 in 2138ms
 ✓ Compiled in 1750ms (904 modules)
 ✓ Compiled in 1680ms (904 modules)
 GET /journey 200 in 1797ms
 ✓ Compiled in 1763ms (904 modules)
 GET /journey 200 in 1865ms
 ✓ Compiled in 1634ms (904 modules)
 ✓ Compiled in 1658ms (904 modules)
 GET /journey 200 in 3240ms
 ✓ Compiled in 1686ms (904 modules)
 GET /journey 200 in 1786ms
 ✓ Compiled in 1686ms (904 modules)
 GET /journey 200 in 3109ms
 ✓ Compiled in 3.9s (2016 modules)
 GET /journey 500 in 5302ms
 ✓ Compiled in 1662ms (904 modules)
 GET /journey 200 in 1916ms
 ✓ Compiled in 1784ms (904 modules)
 ✓ Compiled in 1704ms (904 modules)
 GET /journey 200 in 1827ms
 ✓ Compiled in 1676ms (904 modules)
 GET /journey 200 in 1769ms
 ✓ Compiled in 1694ms (904 modules)
 GET /journey 200 in 3156ms
 ✓ Compiled in 1696ms (904 modules)
 GET /journey 200 in 3158ms
 ✓ Compiled in 1650ms (904 modules)
 ✓ Compiled in 1651ms (904 modules)
 GET /journey 200 in 1805ms
 ✓ Compiled in 1674ms (904 modules)
 GET /journey 200 in 1777ms
 ✓ Compiled in 1694ms (904 modules)
 GET /journey 200 in 1799ms
 ✓ Compiled in 1681ms (904 modules)
 GET /journey 200 in 3362ms
 ✓ Compiled in 1761ms (904 modules)
 ✓ Compiled in 1645ms (904 modules)
 GET /journey 200 in 1747ms
 ✓ Compiled in 1669ms (904 modules)
 GET /journey 200 in 1755ms
 ✓ Compiled in 1673ms (904 modules)
 GET /journey 200 in 3096ms
 ✓ Compiled in 1653ms (904 modules)
 GET /journey 200 in 3116ms
 ✓ Compiled in 1621ms (904 modules)
 ✓ Compiled in 1648ms (904 modules)
 GET /journey 200 in 1797ms
 ✓ Compiled in 1660ms (904 modules)
 GET /journey 200 in 1762ms
 ✓ Compiled in 1633ms (904 modules)
 GET /journey 200 in 1748ms
 ✓ Compiled in 1662ms (904 modules)
 ✓ Compiled in 1764ms (904 modules)
 GET /journey 200 in 3375ms
 ✓ Compiled in 1663ms (904 modules)
 GET /journey 200 in 1767ms
 ✓ Compiled in 1677ms (904 modules)
 GET /journey 200 in 3151ms
 ✓ Compiled in 1719ms (904 modules)
 GET /journey 200 in 3212ms
 ✓ Compiled in 1744ms (904 modules)
 GET /journey 200 in 1895ms
 ✓ Compiled in 1736ms (904 modules)
 ✓ Compiled in 1657ms (904 modules)
 GET /journey 200 in 1764ms
 ✓ Compiled in 1693ms (904 modules)
 GET /journey 200 in 1808ms
 ✓ Compiled in 1703ms (904 modules)
 GET /journey 200 in 3177ms
 ✓ Compiled in 1708ms (904 modules)
 GET /journey 200 in 3188ms
 ✓ Compiled in 1642ms (904 modules)
 GET /journey 200 in 1795ms
 ✓ Compiled in 1645ms (904 modules)
 ✓ Compiled in 1637ms (904 modules)
 GET /journey 200 in 1752ms
 ✓ Compiled in 1656ms (904 modules)
 GET /journey 200 in 1757ms
 ✓ Compiled in 1647ms (904 modules)
 GET /journey 200 in 3098ms
 ✓ Compiled in 1650ms (904 modules)
 GET /journey 200 in 1788ms
 ✓ Compiled in 1654ms (904 modules)
 ✓ Compiled in 1722ms (904 modules)
 GET /journey 200 in 1876ms
 ✓ Compiled in 1654ms (904 modules)
 GET /journey 200 in 1752ms
 ✓ Compiled in 1915ms (904 modules)
 GET /journey 200 in 4223ms
 ✓ Compiled in 2.6s (904 modules)
 GET /journey 200 in 3481ms
 ✓ Compiled in 1768ms (904 modules)
 GET /journey 200 in 1918ms
 ✓ Compiled in 1692ms (904 modules)
 ✓ Compiled in 1687ms (904 modules)
 GET /journey 200 in 1799ms
 ✓ Compiled in 1697ms (904 modules)
 GET /journey 200 in 1808ms
 ✓ Compiled in 1750ms (904 modules)
 GET /journey 200 in 3179ms
 ✓ Compiled in 1695ms (904 modules)
 GET /journey 200 in 3194ms
 ✓ Compiled in 1665ms (904 modules)
 GET /journey 200 in 1813ms
 ✓ Compiled in 1672ms (904 modules)
 ✓ Compiled in 1680ms (904 modules)
 GET /journey 200 in 1791ms
 ✓ Compiled in 1684ms (904 modules)
 GET /journey 200 in 1811ms
 ✓ Compiled in 1684ms (904 modules)
 GET /journey 200 in 3103ms
 ✓ Compiled in 1650ms (904 modules)
 GET /journey 200 in 1826ms
 ✓ Compiled in 1680ms (904 modules)
 ✓ Compiled in 1701ms (904 modules)
 GET /journey 200 in 1872ms
 ✓ Compiled in 1671ms (904 modules)
 GET /journey 200 in 1822ms
 ✓ Compiled in 1765ms (904 modules)
 GET /journey 200 in 3341ms
 ✓ Compiled in 1800ms (904 modules)
 ✓ Compiled in 1716ms (904 modules)
 GET /journey 200 in 3404ms
 ✓ Compiled in 1677ms (904 modules)
 GET /journey 200 in 1770ms
 ✓ Compiled in 1689ms (904 modules)
 GET /journey 200 in 3133ms
 ✓ Compiled in 4s (2016 modules)
 GET /journey 500 in 5478ms
 ✓ Compiled in 1691ms (904 modules)
 GET /journey 200 in 1932ms
 ✓ Compiled in 1779ms (904 modules)
 ✓ Compiled in 1639ms (904 modules)
 GET /journey 200 in 1739ms
 ✓ Compiled in 1653ms (904 modules)
 GET /journey 200 in 1751ms
 ✓ Compiled in 1678ms (904 modules)
 GET /journey 200 in 3127ms
 ✓ Compiled in 1670ms (904 modules)
 GET /journey 200 in 1823ms
 ✓ Compiled in 1657ms (904 modules)
 ✓ Compiled in 1658ms (904 modules)
 GET /journey 200 in 1815ms
 ✓ Compiled in 1676ms (904 modules)
 GET /journey 200 in 1779ms
 ✓ Compiled in 1686ms (904 modules)
 GET /journey 200 in 3119ms
 ✓ Compiled in 1679ms (904 modules)
 GET /journey 200 in 3091ms
 ✓ Compiled in 1644ms (904 modules)
 GET /journey 200 in 1824ms
 ✓ Compiled in 1696ms (904 modules)
 ✓ Compiled in 1664ms (904 modules)
 GET /journey 200 in 1781ms
 ✓ Compiled in 1674ms (904 modules)
 GET /journey 200 in 1772ms
 ✓ Compiled in 1656ms (904 modules)
 GET /journey 200 in 3093ms
 ✓ Compiled in 1640ms (904 modules)
 ✓ Compiled in 1738ms (904 modules)
 GET /journey 200 in 3329ms
 ✓ Compiled in 1729ms (904 modules)
 GET /journey 200 in 1828ms
 ✓ Compiled in 1653ms (904 modules)
 GET /journey 200 in 3079ms
 ✓ Compiled in 1672ms (904 modules)
 GET /journey 200 in 3103ms
 ✓ Compiled in 1638ms (904 modules)
 GET /journey 200 in 1766ms
 ✓ Compiled in 1642ms (904 modules)
 ✓ Compiled in 1679ms (904 modules)
 GET /journey 200 in 1778ms
 ✓ Compiled in 1664ms (904 modules)
 GET /journey 200 in 1760ms
 ✓ Compiled in 1671ms (904 modules)
 GET /journey 200 in 3138ms
 ✓ Compiled in 1726ms (904 modules)
 ✓ Compiled in 2.7s (904 modules)
 GET /journey 200 in 4397ms
 ✓ Compiled in 2.1s (904 modules)
 GET /journey 200 in 2865ms
 ✓ Compiled in 1755ms (904 modules)
 GET /journey 200 in 1863ms
 ✓ Compiled in 1674ms (904 modules)
 GET /journey 200 in 3306ms
 ✓ Compiled in 1708ms (904 modules)
 ✓ Compiled in 1674ms (904 modules)
 GET /journey 200 in 1782ms
 ✓ Compiled in 1692ms (904 modules)
 GET /journey 200 in 1794ms
 ✓ Compiled in 1718ms (904 modules)
 GET /journey 200 in 3211ms
 ✓ Compiled in 1705ms (904 modules)
 GET /journey 200 in 1864ms
 ✓ Compiled in 1705ms (904 modules)
 ✓ Compiled in 1688ms (904 modules)
 GET /journey 200 in 1836ms
 ✓ Compiled in 1676ms (904 modules)
 GET /journey 200 in 1790ms
 ✓ Compiled in 1732ms (904 modules)
 GET /journey 200 in 1831ms
 ✓ Compiled in 3.8s (2016 modules)
 GET /journey 500 in 5274ms
 ✓ Compiled in 1688ms (904 modules)
 GET /journey 200 in 1932ms
 ✓ Compiled in 1792ms (904 modules)
 ✓ Compiled in 1738ms (904 modules)
 GET /journey 200 in 1845ms
 ✓ Compiled in 1671ms (904 modules)
 GET /journey 200 in 1778ms
 ✓ Compiled in 1690ms (904 modules)
 GET /journey 200 in 3126ms
 ✓ Compiled in 1650ms (904 modules)
 ✓ Compiled in 1684ms (904 modules)
 GET /journey 200 in 3255ms
 ✓ Compiled in 1690ms (904 modules)
 GET /journey 200 in 1795ms
 ✓ Compiled in 1669ms (904 modules)
 GET /journey 200 in 3112ms
 ✓ Compiled in 1680ms (904 modules)
 GET /journey 200 in 3191ms
 ✓ Compiled in 1750ms (904 modules)
 GET /journey 200 in 1823ms
 ✓ Compiled in 1664ms (904 modules)
 ✓ Compiled in 1638ms (904 modules)
 GET /journey 200 in 1745ms
 ✓ Compiled in 1668ms (904 modules)
 GET /journey 200 in 1776ms
 ✓ Compiled in 1660ms (904 modules)
 GET /journey 200 in 3083ms
 ✓ Compiled in 1632ms (904 modules)
 ✓ Compiled in 1668ms (904 modules)
 GET /journey 200 in 3226ms
 ✓ Compiled in 1659ms (904 modules)
 GET /journey 200 in 1753ms
 ✓ Compiled in 1662ms (904 modules)
 GET /journey 200 in 3155ms
 ✓ Compiled in 3.8s (2016 modules)
 GET /journey 500 in 5191ms
 ✓ Compiled in 1695ms (904 modules)
 GET /journey 200 in 1903ms
 ✓ Compiled in 1755ms (904 modules)
 ✓ Compiled in 1662ms (904 modules)
 GET /journey 200 in 1769ms
 ✓ Compiled in 1660ms (904 modules)
 GET /journey 200 in 1756ms
 ✓ Compiled in 1665ms (904 modules)
 GET /journey 200 in 3099ms
 ✓ Compiled in 1681ms (904 modules)
 GET /journey 200 in 3138ms
 ✓ Compiled in 1627ms (904 modules)
 GET /journey 200 in 1863ms
 ✓ Compiled in 1727ms (904 modules)
 ✓ Compiled in 1654ms (904 modules)
 GET /journey 200 in 1758ms
 ✓ Compiled in 1661ms (904 modules)
 GET /journey 200 in 1767ms
 ✓ Compiled in 1675ms (904 modules)
 GET /journey 200 in 3099ms
 ✓ Compiled in 1633ms (904 modules)
 ✓ Compiled in 1639ms (904 modules)
 GET /journey 200 in 3200ms
 ✓ Compiled in 1656ms (904 modules)
 GET /journey 200 in 1754ms
 ✓ Compiled in 1652ms (904 modules)
 GET /journey 200 in 3079ms
 ✓ Compiled in 2.9s (904 modules)
 GET /journey 200 in 4771ms
 ✓ Compiled in 2s (904 modules)
 GET /journey 200 in 2172ms
 ✓ Compiled in 1795ms (904 modules)
 ✓ Compiled in 1701ms (904 modules)
 GET /journey 200 in 1815ms
 ✓ Compiled in 1716ms (904 modules)
 GET /journey 200 in 1832ms
 ✓ Compiled in 1691ms (904 modules)
 GET /journey 200 in 3132ms
 ✓ Compiled in 1687ms (904 modules)
 GET /journey 200 in 3183ms
 ✓ Compiled in 1670ms (904 modules)
 GET /journey 200 in 1873ms
 ✓ Compiled in 1713ms (904 modules)
 ✓ Compiled in 1763ms (904 modules)
 GET /journey 200 in 1870ms
 ✓ Compiled in 1694ms (904 modules)
 GET /journey 200 in 1807ms
 ✓ Compiled in 1666ms (904 modules)
 GET /journey 200 in 3169ms
 ✓ Compiled in 1714ms (904 modules)
 GET /journey 200 in 1837ms
 ✓ Compiled in 1683ms (904 modules)
 ✓ Compiled in 1673ms (904 modules)
 GET /journey 200 in 1838ms
 ✓ Compiled in 1682ms (904 modules)
 GET /journey 200 in 1786ms
 ✓ Compiled in 1690ms (904 modules)
 GET /journey 200 in 3125ms
 ✓ Compiled in 1677ms (904 modules)
 GET /journey 200 in 3177ms
 ✓ Compiled in 1723ms (904 modules)
 GET /journey 200 in 1814ms
 ✓ Compiled in 1688ms (904 modules)
 ✓ Compiled in 1669ms (904 modules)
 GET /journey 200 in 1781ms
 ✓ Compiled in 1665ms (904 modules)
 GET /journey 200 in 1773ms
 ✓ Compiled in 1697ms (904 modules)
 GET /journey 200 in 3130ms
 ✓ Compiled in 1704ms (904 modules)
 GET /journey 200 in 3187ms
 ✓ Compiled in 1655ms (904 modules)
 GET /journey 200 in 1829ms
 ✓ Compiled in 1690ms (904 modules)
 ✓ Compiled in 1671ms (904 modules)
 GET /journey 200 in 1779ms
 ✓ Compiled in 1750ms (904 modules)
 GET /journey 200 in 1845ms
 ✓ Compiled in 1675ms (904 modules)
 GET /journey 200 in 3111ms
 ✓ Compiled in 1681ms (904 modules)
 GET /journey 200 in 3159ms
 ✓ Compiled in 1638ms (904 modules)
 GET /journey 200 in 1787ms
 ✓ Compiled in 1650ms (904 modules)
 ✓ Compiled in 1675ms (904 modules)
 GET /journey 200 in 1781ms
 ✓ Compiled in 1672ms (904 modules)
 GET /journey 200 in 1769ms
 ✓ Compiled in 1654ms (904 modules)
 GET /journey 200 in 3086ms
 ✓ Compiled in 1631ms (904 modules)
 GET /journey 200 in 1858ms
 ✓ Compiled in 1722ms (904 modules)
 ✓ Compiled in 1659ms (904 modules)
 GET /journey 200 in 1834ms
 ✓ Compiled in 1685ms (904 modules)
 GET /journey 200 in 1786ms
 ✓ Compiled in 1657ms (904 modules)
 GET /journey 200 in 3096ms
 ✓ Compiled in 1665ms (904 modules)
 GET /journey 200 in 3097ms
 ✓ Compiled in 1643ms (904 modules)
 GET /journey 200 in 1809ms
 ✓ Compiled in 1676ms (904 modules)
 ✓ Compiled in 1661ms (904 modules)
 GET /journey 200 in 1764ms
 ✓ Compiled in 1658ms (904 modules)
 GET /journey 200 in 1768ms
 ✓ Compiled in 1742ms (904 modules)
 GET /journey 200 in 3186ms
 ✓ Compiled in 1649ms (904 modules)
 ✓ Compiled in 1679ms (904 modules)
 GET /journey 200 in 3257ms
 ✓ Compiled in 1660ms (904 modules)
 GET /journey 200 in 1756ms
 ✓ Compiled in 1696ms (904 modules)
 GET /journey 200 in 3133ms
 ✓ Compiled in 1671ms (904 modules)
 GET /journey 200 in 3073ms
 ✓ Compiled in 2.7s (904 modules)
 GET /journey 200 in 3347ms
 ✓ Compiled in 2.2s (904 modules)
 ✓ Compiled in 1820ms (904 modules)
 GET /journey 200 in 1920ms
 ✓ Compiled in 1722ms (904 modules)
 GET /journey 200 in 1829ms
 ✓ Compiled in 1719ms (904 modules)
 GET /journey 200 in 3164ms
 ✓ Compiled in 1695ms (904 modules)
 GET /journey 200 in 3112ms
 ✓ Compiled in 1659ms (904 modules)
 GET /journey 200 in 1856ms
 ✓ Compiled in 1700ms (904 modules)
 ✓ Compiled in 1686ms (904 modules)
 GET /journey 200 in 1787ms
 ✓ Compiled in 1674ms (904 modules)
 GET /journey 200 in 1808ms
 ✓ Compiled in 1717ms (904 modules)
 GET /journey 200 in 3268ms
 ✓ Compiled in 1784ms (904 modules)
 ✓ Compiled in 1741ms (904 modules)
 GET /journey 200 in 3433ms
 ✓ Compiled in 1679ms (904 modules)
 GET /journey 200 in 1771ms
 ✓ Compiled in 1683ms (904 modules)
 GET /journey 200 in 1791ms
 ✓ Compiled in 1661ms (904 modules)
 ✓ Compiled in 1677ms (904 modules)
 GET /journey 200 in 3281ms
 ✓ Compiled in 1676ms (904 modules)
 GET /journey 200 in 1779ms
 ✓ Compiled in 1721ms (904 modules)
 GET /journey 200 in 3178ms
 ✓ Compiled in 1696ms (904 modules)
 GET /journey 200 in 3152ms
 ✓ Compiled in 1688ms (904 modules)
 GET /journey 200 in 1794ms
 ✓ Compiled in 1665ms (904 modules)
 ✓ Compiled in 1699ms (904 modules)
 GET /journey 200 in 1810ms
 ✓ Compiled in 1719ms (904 modules)
 GET /journey 200 in 1829ms
 ✓ Compiled in 1683ms (904 modules)
 GET /journey 200 in 3097ms
 ✓ Compiled in 1631ms (904 modules)
 GET /journey 200 in 3144ms
 ✓ Compiled in 1670ms (904 modules)
 ✓ Compiled in 1655ms (904 modules)
 GET /journey 200 in 1806ms
 ✓ Compiled in 1691ms (904 modules)
 GET /journey 200 in 1791ms
 ✓ Compiled in 1763ms (904 modules)
 GET /journey 200 in 1854ms
 ✓ Compiled in 1641ms (904 modules)
 ✓ Compiled in 1655ms (904 modules)
 GET /journey 200 in 3261ms
 ✓ Compiled in 1682ms (904 modules)
 GET /journey 200 in 1795ms
 ✓ Compiled in 1672ms (904 modules)
 GET /journey 200 in 3095ms
 ✓ Compiled in 1670ms (904 modules)
 GET /journey 200 in 3112ms
 ✓ Compiled in 1649ms (904 modules)
 GET /journey 200 in 1840ms
 ✓ Compiled in 1701ms (904 modules)
 ✓ Compiled in 1694ms (904 modules)
 GET /journey 200 in 1812ms
 ✓ Compiled in 1731ms (904 modules)
 GET /journey 200 in 1829ms
 ✓ Compiled in 1681ms (904 modules)
 GET /journey 200 in 3137ms
 ✓ Compiled in 1659ms (904 modules)
 GET /journey 200 in 3171ms
 ✓ Compiled in 1673ms (904 modules)
 ✓ Compiled in 1661ms (904 modules)
 GET /journey 200 in 1822ms
 ✓ Compiled in 1670ms (904 modules)
 GET /journey 200 in 1765ms
 ✓ Compiled in 1668ms (904 modules)
 GET /journey 200 in 3114ms
 ✓ Compiled in 4s (2016 modules)
 GET /journey 500 in 5459ms
 ✓ Compiled in 1713ms (904 modules)
 GET /journey 200 in 1891ms
 ✓ Compiled in 1758ms (904 modules)
 ✓ Compiled in 1653ms (904 modules)
 GET /journey 200 in 1756ms
 ✓ Compiled in 1694ms (904 modules)
 GET /journey 200 in 1797ms
 ✓ Compiled in 2.2s (904 modules)
 GET /journey 200 in 4318ms
 ✓ Compiled in 2.3s (904 modules)
 GET /journey 200 in 3596ms
 ✓ Compiled in 1810ms (904 modules)
 ✓ Compiled in 1788ms (904 modules)
 GET /journey 200 in 2016ms
 ✓ Compiled in 1717ms (904 modules)
 GET /journey 200 in 1843ms
 ✓ Compiled in 1712ms (904 modules)
 GET /journey 200 in 1833ms
 ✓ Compiled in 1690ms (904 modules)
 ✓ Compiled in 1701ms (904 modules)
 GET /journey 200 in 3331ms
 ✓ Compiled in 1699ms (904 modules)
 GET /journey 200 in 1800ms
 ✓ Compiled in 1686ms (904 modules)
 GET /journey 200 in 3144ms
 ✓ Compiled in 1702ms (904 modules)
 GET /journey 200 in 3133ms
 ✓ Compiled in 1649ms (904 modules)
 GET /journey 200 in 1875ms
 ✓ Compiled in 1729ms (904 modules)
 ✓ Compiled in 1722ms (904 modules)
 GET /journey 200 in 1825ms
 ✓ Compiled in 1706ms (904 modules)
 GET /journey 200 in 1805ms
 ✓ Compiled in 1713ms (904 modules)
 GET /journey 200 in 3170ms
 ✓ Compiled in 1694ms (904 modules)
 GET /journey 200 in 3205ms
 ✓ Compiled in 1670ms (904 modules)
 ✓ Compiled in 1745ms (904 modules)
 GET /journey 200 in 1889ms
 ✓ Compiled in 1685ms (904 modules)
 GET /journey 200 in 1791ms
 ✓ Compiled in 1693ms (904 modules)
 GET /journey 200 in 1800ms
 ✓ Compiled in 1689ms (904 modules)
 ✓ Compiled in 1821ms (904 modules)
 GET /journey 200 in 3466ms
 ✓ Compiled in 1710ms (904 modules)
 GET /journey 200 in 1807ms
 ✓ Compiled in 1661ms (904 modules)
 GET /journey 200 in 3107ms
 ✓ Compiled in 1684ms (904 modules)
 GET /journey 200 in 3127ms
 ✓ Compiled in 1663ms (904 modules)
 GET /journey 200 in 1826ms
 ✓ Compiled in 1681ms (904 modules)
 ✓ Compiled in 1666ms (904 modules)
 GET /journey 200 in 1772ms
 ✓ Compiled in 1709ms (904 modules)
 GET /journey 200 in 1800ms
 ✓ Compiled in 1726ms (904 modules)
 GET /journey 200 in 3195ms
 ✓ Compiled in 1709ms (904 modules)
 GET /journey 200 in 3180ms
 ✓ Compiled in 1641ms (904 modules)
 ✓ Compiled in 1676ms (904 modules)
 GET /journey 200 in 1832ms
 ✓ Compiled in 1666ms (904 modules)
 GET /journey 200 in 1766ms
 ✓ Compiled in 1677ms (904 modules)
 GET /journey 200 in 1775ms
 ✓ Compiled in 1695ms (904 modules)
 GET /journey 200 in 3153ms
 ✓ Compiled in 1658ms (904 modules)
 GET /journey 200 in 1864ms
 ✓ Compiled in 1716ms (904 modules)
 ✓ Compiled in 1694ms (904 modules)
 GET /journey 200 in 1873ms
 ✓ Compiled in 1652ms (904 modules)
 GET /journey 200 in 1757ms
 ✓ Compiled in 1669ms (904 modules)
 GET /journey 200 in 3120ms
 ✓ Compiled in 1688ms (904 modules)
 GET /journey 200 in 3114ms
 ✓ Compiled in 1644ms (904 modules)
 GET /journey 200 in 1815ms
 ✓ Compiled in 1672ms (904 modules)
 ✓ Compiled in 1673ms (904 modules)
 GET /journey 200 in 1772ms
 ✓ Compiled in 1689ms (904 modules)
 GET /journey 200 in 1791ms
 ✓ Compiled in 1687ms (904 modules)
 GET /journey 200 in 3164ms
 ✓ Compiled in 1717ms (904 modules)
 GET /journey 200 in 3214ms
 ✓ Compiled in 1679ms (904 modules)
 ✓ Compiled in 1684ms (904 modules)
 GET /journey 200 in 1830ms
 ✓ Compiled in 2.2s (904 modules)
 GET /journey 200 in 2801ms
 ✓ Compiled in 2.4s (904 modules)
 GET /journey 200 in 2227ms
 ✓ Compiled in 4.1s (2016 modules)
 GET /journey 500 in 5574ms
 ✓ Compiled in 1691ms (904 modules)
 GET /journey 200 in 1988ms
 ✓ Compiled in 1845ms (904 modules)
 ✓ Compiled in 1700ms (904 modules)
 GET /journey 200 in 1804ms
 ✓ Compiled in 1724ms (904 modules)
 GET /journey 200 in 1815ms
 ✓ Compiled in 1696ms (904 modules)
 GET /journey 200 in 3176ms
 ✓ Compiled in 1708ms (904 modules)
 GET /journey 200 in 3178ms
 ✓ Compiled in 1653ms (904 modules)
 ✓ Compiled in 1708ms (904 modules)
 GET /journey 200 in 1860ms
 ✓ Compiled in 1716ms (904 modules)
 GET /journey 200 in 1812ms
 ✓ Compiled in 1709ms (904 modules)
 GET /journey 200 in 1827ms
 ✓ Compiled in 1727ms (904 modules)
 GET /journey 200 in 3374ms
 ✓ Compiled in 1738ms (904 modules)
 ✓ Compiled in 1684ms (904 modules)
 GET /journey 200 in 1804ms
 ✓ Compiled in 1749ms (904 modules)
 GET /journey 200 in 1864ms
 ✓ Compiled in 1672ms (904 modules)
 ✓ Compiled in 1683ms (904 modules)
 GET /journey 200 in 3314ms
 ✓ Compiled in 1708ms (904 modules)
 GET /journey 200 in 1809ms
 ✓ Compiled in 1733ms (904 modules)
 GET /journey 200 in 3178ms
 ✓ Compiled in 3.8s (2016 modules)
 GET /journey 500 in 5234ms
 ✓ Compiled in 1675ms (904 modules)
 GET /journey 200 in 1879ms
 ✓ Compiled in 1753ms (904 modules)
 ✓ Compiled in 1665ms (904 modules)
 GET /journey 200 in 1769ms
 ✓ Compiled in 1693ms (904 modules)
 GET /journey 200 in 1793ms
 ✓ Compiled in 1686ms (904 modules)
 GET /journey 200 in 3150ms
 ✓ Compiled in 1699ms (904 modules)
 GET /journey 200 in 3173ms
 ✓ Compiled in 1645ms (904 modules)
 GET /journey 200 in 1887ms
 ✓ Compiled in 1746ms (904 modules)
 ✓ Compiled in 1715ms (904 modules)
 GET /journey 200 in 1819ms
 ✓ Compiled in 1685ms (904 modules)
 GET /journey 200 in 1785ms
 ✓ Compiled in 1692ms (904 modules)
 GET /journey 200 in 3135ms
 ✓ Compiled in 1647ms (904 modules)
 ✓ Compiled in 1670ms (904 modules)
 GET /journey 200 in 3259ms
 ✓ Compiled in 1753ms (904 modules)
 GET /journey 200 in 1870ms
 ✓ Compiled in 1694ms (904 modules)
 GET /journey 200 in 3156ms
 ✓ Compiled in 1714ms (904 modules)
 GET /journey 200 in 3227ms
 ✓ Compiled in 1679ms (904 modules)
 GET /journey 200 in 1828ms
 ✓ Compiled in 1691ms (904 modules)
 ✓ Compiled in 1679ms (904 modules)
 GET /journey 200 in 1785ms
 ✓ Compiled in 1683ms (904 modules)
 GET /journey 200 in 1780ms
 ✓ Compiled in 1691ms (904 modules)
 GET /journey 200 in 3273ms
 ✓ Compiled in 1833ms (904 modules)
 GET /journey 200 in 3359ms
 ✓ Compiled in 1703ms (904 modules)
 ✓ Compiled in 1711ms (904 modules)
 GET /journey 200 in 1861ms
 ✓ Compiled in 1696ms (904 modules)
 GET /journey 200 in 1792ms
 ✓ Compiled in 1693ms (904 modules)
 GET /journey 200 in 1806ms
 ✓ Compiled in 1696ms (904 modules)
 ✓ Compiled in 2.4s (904 modules)
 GET /journey 200 in 4326ms
 ✓ Compiled in 2.1s (904 modules)
 GET /journey 200 in 3142ms
 ✓ Compiled in 1817ms (904 modules)
 GET /journey 200 in 1928ms
 ✓ Compiled in 4s (2016 modules)
 GET /journey 500 in 5433ms
 ✓ Compiled in 1727ms (904 modules)
 GET /journey 200 in 2029ms
 ✓ Compiled in 1860ms (904 modules)
 ✓ Compiled in 1709ms (904 modules)
 GET /journey 200 in 1827ms
 ✓ Compiled in 1729ms (904 modules)
 GET /journey 200 in 1831ms
 ✓ Compiled in 1694ms (904 modules)
 GET /journey 200 in 3161ms
 ✓ Compiled in 1675ms (904 modules)
 ✓ Compiled in 1714ms (904 modules)
 GET /journey 200 in 3308ms
 ✓ Compiled in 1687ms (904 modules)
 GET /journey 200 in 1783ms
 ✓ Compiled in 1704ms (904 modules)
 GET /journey 200 in 3184ms
 ✓ Compiled in 1743ms (904 modules)
 GET /journey 200 in 3194ms
 ✓ Compiled in 1704ms (904 modules)
 GET /journey 200 in 1914ms
 ✓ Compiled in 1734ms (904 modules)
 ✓ Compiled in 1733ms (904 modules)
 GET /journey 200 in 1838ms
 ✓ Compiled in 1710ms (904 modules)
 GET /journey 200 in 1805ms
 ✓ Compiled in 1692ms (904 modules)
 GET /journey 200 in 3178ms
 ✓ Compiled in 1727ms (904 modules)
 GET /journey 200 in 3251ms
 ✓ Compiled in 1709ms (904 modules)
 ✓ Compiled in 1709ms (904 modules)
 GET /journey 200 in 1883ms
 ✓ Compiled in 1700ms (904 modules)
 GET /journey 200 in 1801ms
 ✓ Compiled in 1718ms (904 modules)
 GET /journey 200 in 1817ms
 ✓ Compiled in 1686ms (904 modules)
 ✓ Compiled in 1675ms (904 modules)
 GET /journey 200 in 3306ms
 ✓ Compiled in 1671ms (904 modules)
 GET /journey 200 in 1774ms
 ✓ Compiled in 1681ms (904 modules)
 GET /journey 200 in 1785ms
 ✓ Compiled in 1695ms (904 modules)
 ✓ Compiled in 1665ms (904 modules)
 GET /journey 200 in 3316ms
 ✓ Compiled in 1714ms (904 modules)
 GET /journey 200 in 1814ms
 ✓ Compiled in 1754ms (904 modules)
 GET /journey 200 in 1856ms
 ✓ Compiled in 1691ms (904 modules)
 ✓ Compiled in 1667ms (904 modules)
 GET /journey 200 in 3315ms
 ✓ Compiled in 1685ms (904 modules)
 GET /journey 200 in 1775ms
 ✓ Compiled in 1706ms (904 modules)
 GET /journey 200 in 1809ms
 ✓ Compiled in 1704ms (904 modules)
 ✓ Compiled in 1705ms (904 modules)
 GET /journey 200 in 3363ms
 ✓ Compiled in 1702ms (904 modules)
 GET /journey 200 in 1808ms
 ✓ Compiled in 1689ms (904 modules)
 GET /journey 200 in 3174ms
 ✓ Compiled in 1720ms (904 modules)
 GET /journey 200 in 3182ms
 ✓ Compiled in 1674ms (904 modules)
 GET /journey 200 in 1830ms
 ✓ Compiled in 1687ms (904 modules)
 ✓ Compiled in 1703ms (904 modules)
 GET /journey 200 in 1808ms
 ✓ Compiled in 1692ms (904 modules)
 GET /journey 200 in 1789ms
 ✓ Compiled in 1668ms (904 modules)
 GET /journey 200 in 3157ms
 ✓ Compiled in 1713ms (904 modules)
 ✓ Compiled in 1664ms (904 modules)
 GET /journey 200 in 3296ms
 ✓ Compiled in 1697ms (904 modules)
 GET /journey 200 in 1790ms
 ✓ Compiled in 1689ms (904 modules)
 GET /journey 200 in 3189ms
 ✓ Compiled in 2.8s (904 modules)
 GET /journey 200 in 4720ms
 ✓ Compiled in 2.1s (904 modules)
 GET /journey 200 in 2181ms
 ✓ Compiled in 1794ms (904 modules)
 ✓ Compiled in 1746ms (904 modules)
 GET /journey 200 in 1848ms
 ✓ Compiled in 1725ms (904 modules)
 GET /journey 200 in 1831ms
 ✓ Compiled in 1718ms (904 modules)
 GET /journey 200 in 3189ms
 ✓ Compiled in 1715ms (904 modules)
 GET /journey 200 in 3310ms
 ✓ Compiled in 1769ms (904 modules)
 ✓ Compiled in 1750ms (904 modules)
 GET /journey 200 in 1920ms
 ✓ Compiled in 1705ms (904 modules)
 GET /journey 200 in 1803ms
 ✓ Compiled in 1710ms (904 modules)
 GET /journey 200 in 1824ms
 ✓ Compiled in 1655ms (904 modules)
 ✓ Compiled in 1734ms (904 modules)
 GET /journey 200 in 3330ms
 ✓ Compiled in 1691ms (904 modules)
 GET /journey 200 in 1797ms
 ✓ Compiled in 1720ms (904 modules)
 GET /journey 200 in 1824ms
 ✓ Compiled in 1663ms (904 modules)
 ✓ Compiled in 1748ms (904 modules)
 GET /journey 200 in 3367ms
 ✓ Compiled in 1743ms (904 modules)
 GET /journey 200 in 1829ms
 ✓ Compiled in 1731ms (904 modules)
 GET /journey 200 in 1870ms
 ✓ Compiled in 4s (2016 modules)
 GET /journey 500 in 5419ms
 ✓ Compiled in 1734ms (904 modules)
 GET /journey 200 in 1973ms
 ✓ Compiled in 1813ms (904 modules)
 ✓ Compiled in 1691ms (904 modules)
 GET /journey 200 in 1799ms
 ✓ Compiled in 1737ms (904 modules)
 GET /journey 200 in 1832ms
 ✓ Compiled in 1678ms (904 modules)
 GET /journey 200 in 3135ms
 ✓ Compiled in 1696ms (904 modules)
 GET /journey 200 in 3197ms
 ✓ Compiled in 1666ms (904 modules)
 GET /journey 200 in 1822ms
 ✓ Compiled in 1682ms (904 modules)
 ✓ Compiled in 1675ms (904 modules)
 GET /journey 200 in 1776ms
 ✓ Compiled in 1685ms (904 modules)
 GET /journey 200 in 1789ms
 ✓ Compiled in 1689ms (904 modules)
 GET /journey 200 in 3150ms
 ✓ Compiled in 1668ms (904 modules)
 GET /journey 200 in 1880ms
 ✓ Compiled in 1737ms (904 modules)
 ✓ Compiled in 1798ms (904 modules)
 GET /journey 200 in 1954ms
 ✓ Compiled in 1742ms (904 modules)
 GET /journey 200 in 1842ms
 ✓ Compiled in 1731ms (904 modules)
 GET /journey 200 in 1834ms
 ✓ Compiled in 1676ms (904 modules)
 ✓ Compiled in 1698ms (904 modules)
 GET /journey 200 in 3328ms
 ✓ Compiled in 1692ms (904 modules)
 GET /journey 200 in 1815ms
 ✓ Compiled in 1696ms (904 modules)
 GET /journey 200 in 3155ms
 ✓ Compiled in 1660ms (904 modules)
 ✓ Compiled in 1727ms (904 modules)
 GET /journey 200 in 3323ms
 ✓ Compiled in 1694ms (904 modules)
 GET /journey 200 in 1798ms
 ✓ Compiled in 1691ms (904 modules)
 GET /journey 200 in 3162ms
 ✓ Compiled in 1699ms (904 modules)
 GET /journey 200 in 3141ms
 ✓ Compiled in 1677ms (904 modules)
 GET /journey 200 in 1836ms
 ✓ Compiled in 1696ms (904 modules)
 ✓ Compiled in 1678ms (904 modules)
 GET /journey 200 in 1774ms
 ✓ Compiled in 1695ms (904 modules)
 GET /journey 200 in 1799ms
 ✓ Compiled in 1708ms (904 modules)
 GET /journey 200 in 3197ms
 ✓ Compiled in 2.8s (904 modules)
 GET /journey 200 in 4785ms
 ✓ Compiled in 2.1s (904 modules)
 GET /journey 200 in 2189ms
 ✓ Compiled in 1804ms (904 modules)
 ✓ Compiled in 1700ms (904 modules)
 GET /journey 200 in 1824ms
 ✓ Compiled in 1750ms (904 modules)
 GET /journey 200 in 1856ms
 ✓ Compiled in 1730ms (904 modules)
 GET /journey 200 in 3214ms
 ✓ Compiled in 1723ms (904 modules)
 ✓ Compiled in 1748ms (904 modules)
 GET /journey 200 in 3398ms
 ✓ Compiled in 1777ms (904 modules)
 GET /journey 200 in 1891ms
 ✓ Compiled in 1698ms (904 modules)
 GET /journey 200 in 3194ms
 ✓ Compiled in 1719ms (904 modules)
 ✓ Compiled in 1704ms (904 modules)
 GET /journey 200 in 3346ms
 ✓ Compiled in 1750ms (904 modules)
 GET /journey 200 in 1841ms
 ✓ Compiled in 1735ms (904 modules)
 GET /journey 200 in 3191ms
 ✓ Compiled in 4.1s (2016 modules)
 GET /journey 500 in 5598ms
 ✓ Compiled in 1770ms (904 modules)
 GET /journey 200 in 1999ms
 ✓ Compiled in 1854ms (904 modules)
 ✓ Compiled in 1683ms (904 modules)
 GET /journey 200 in 1791ms
 ✓ Compiled in 1695ms (904 modules)
 GET /journey 200 in 1802ms
 ✓ Compiled in 1709ms (904 modules)
 GET /journey 200 in 3205ms
 ✓ Compiled in 1744ms (904 modules)
 GET /journey 200 in 3256ms
 ✓ Compiled in 1697ms (904 modules)
 GET /journey 200 in 1866ms
 ✓ Compiled in 1703ms (904 modules)
 ✓ Compiled in 1693ms (904 modules)
 GET /journey 200 in 1801ms
 ✓ Compiled in 1753ms (904 modules)
 GET /journey 200 in 1867ms
 ✓ Compiled in 1703ms (904 modules)
 GET /journey 200 in 3182ms
 ✓ Compiled in 1682ms (904 modules)
 GET /journey 200 in 1841ms
 ✓ Compiled in 1697ms (904 modules)
 ✓ Compiled in 1696ms (904 modules)
 GET /journey 200 in 1853ms
 ✓ Compiled in 1706ms (904 modules)
 GET /journey 200 in 1805ms
 ✓ Compiled in 1714ms (904 modules)
 GET /journey 200 in 3156ms
 ✓ Compiled in 3.8s (2016 modules)
 GET /journey 500 in 5304ms
 ✓ Compiled in 1702ms (904 modules)
 GET /journey 200 in 1928ms
 ✓ Compiled in 1788ms (904 modules)
 ✓ Compiled in 1685ms (904 modules)
 GET /journey 200 in 1796ms
 ✓ Compiled in 1698ms (904 modules)
 GET /journey 200 in 1789ms
 ✓ Compiled in 1706ms (904 modules)
 GET /journey 200 in 3185ms
 ✓ Compiled in 1710ms (904 modules)
 GET /journey 200 in 3196ms
 ✓ Compiled in 1668ms (904 modules)
 GET /journey 200 in 1874ms
 ✓ Compiled in 1736ms (904 modules)
 ✓ Compiled in 1724ms (904 modules)
 GET /journey 200 in 1835ms
 ✓ Compiled in 1708ms (904 modules)
 GET /journey 200 in 1823ms
 ✓ Compiled in 1689ms (904 modules)
 ✓ Compiled in 1671ms (904 modules)
 GET /journey 200 in 3330ms
 ✓ Compiled in 1703ms (904 modules)
 GET /journey 200 in 1803ms
 ✓ Compiled in 1708ms (904 modules)
 GET /journey 200 in 3157ms
 ✓ Compiled in 3.7s (2016 modules)
 GET /journey 500 in 5195ms
 ✓ Compiled in 1713ms (904 modules)
 GET /journey 200 in 3421ms
 ✓ Compiled in 3.3s (904 modules)
 ✓ Compiled in 1845ms (904 modules)
 GET /journey 200 in 1971ms
 ✓ Compiled in 1741ms (904 modules)
 GET /journey 200 in 1854ms
 ✓ Compiled in 1744ms (904 modules)
 GET /journey 200 in 3230ms
 ✓ Compiled in 1677ms (904 modules)
 GET /journey 200 in 1841ms
 ✓ Compiled in 1704ms (904 modules)
 ✓ Compiled in 1711ms (904 modules)
 GET /journey 200 in 1881ms
 ✓ Compiled in 1735ms (904 modules)
 GET /journey 200 in 1833ms
 ✓ Compiled in 1789ms (904 modules)
 GET /journey 200 in 1888ms
 ✓ Compiled in 1673ms (904 modules)
 ✓ Compiled in 1707ms (904 modules)
 GET /journey 200 in 3336ms
 ✓ Compiled in 1700ms (904 modules)
 GET /journey 200 in 1809ms
 ✓ Compiled in 1773ms (904 modules)
 GET /journey 200 in 3230ms
 ✓ Compiled in 3.9s (2016 modules)
 GET /journey 500 in 5420ms
 ✓ Compiled in 1711ms (904 modules)
 GET /journey 200 in 1971ms
 ✓ Compiled in 1831ms (904 modules)
 ✓ Compiled in 1719ms (904 modules)
 GET /journey 200 in 1827ms
 ✓ Compiled in 1779ms (904 modules)
 GET /journey 200 in 1873ms
 ✓ Compiled in 1682ms (904 modules)
 GET /journey 200 in 3169ms
 ✓ Compiled in 1754ms (904 modules)
 GET /journey 200 in 3194ms
 ✓ Compiled in 1679ms (904 modules)
 GET /journey 200 in 1847ms
 ✓ Compiled in 1703ms (904 modules)
 ✓ Compiled in 1680ms (904 modules)
 GET /journey 200 in 1784ms
 ✓ Compiled in 1717ms (904 modules)
 GET /journey 200 in 1843ms
 ✓ Compiled in 1743ms (904 modules)
 GET /journey 200 in 3217ms
 ✓ Compiled in 1708ms (904 modules)
 ✓ Compiled in 1700ms (904 modules)
 GET /journey 200 in 3339ms
 ✓ Compiled in 1711ms (904 modules)
 GET /journey 200 in 1804ms
 ✓ Compiled in 1690ms (904 modules)
 GET /journey 200 in 3141ms
 ✓ Compiled in 3.9s (2016 modules)
 GET /journey 500 in 5331ms
 ✓ Compiled in 1711ms (904 modules)
 GET /journey 200 in 1960ms
 ✓ Compiled in 1823ms (904 modules)
 ✓ Compiled in 1763ms (904 modules)
 GET /journey 200 in 1878ms
 ✓ Compiled in 1771ms (904 modules)
 GET /journey 200 in 1868ms
 ✓ Compiled in 1725ms (904 modules)
 GET /journey 200 in 3206ms
 ✓ Compiled in 1720ms (904 modules)
 GET /journey 200 in 3234ms
 ✓ Compiled in 1695ms (904 modules)
 GET /journey 200 in 1854ms
 ✓ Compiled in 1709ms (904 modules)
 ✓ Compiled in 1722ms (904 modules)
 GET /journey 200 in 1823ms
 ✓ Compiled in 1701ms (904 modules)
 GET /journey 200 in 1799ms
 ✓ Compiled in 1780ms (904 modules)
 GET /journey 200 in 3293ms
 ✓ Compiled in 1754ms (904 modules)
 GET /journey 200 in 3297ms
 ✓ Compiled in 1714ms (904 modules)
 GET /journey 200 in 1880ms
 ✓ Compiled in 1745ms (904 modules)
 ✓ Compiled in 1676ms (904 modules)
 GET /journey 200 in 1795ms
 ✓ Compiled in 1722ms (904 modules)
 GET /journey 200 in 1820ms
 ✓ Compiled in 1687ms (904 modules)
 GET /journey 200 in 3155ms
 ✓ Compiled in 1669ms (904 modules)
 GET /journey 200 in 1822ms
 ✓ Compiled in 1681ms (904 modules)
 ✓ Compiled in 3.2s (904 modules)
 GET /journey 200 in 3401ms
 ✓ Compiled in 1832ms (904 modules)
 GET /journey 200 in 1934ms
 ✓ Compiled in 1748ms (904 modules)
 GET /journey 200 in 1852ms
 ✓ Compiled in 4s (2016 modules)
 GET /journey 500 in 5472ms
 ✓ Compiled in 1702ms (904 modules)
 GET /journey 200 in 1979ms
 ✓ Compiled in 1849ms (904 modules)
 ✓ Compiled in 1732ms (904 modules)
 GET /journey 200 in 1860ms
 ✓ Compiled in 1774ms (904 modules)
 GET /journey 200 in 1875ms
 ✓ Compiled in 1735ms (904 modules)
 GET /journey 200 in 3206ms
 ✓ Compiled in 1709ms (904 modules)
 GET /journey 200 in 3229ms
 ✓ Compiled in 1683ms (904 modules)
 GET /journey 200 in 1868ms
 ✓ Compiled in 1724ms (904 modules)
 ✓ Compiled in 1710ms (904 modules)
 GET /journey 200 in 1835ms
 ✓ Compiled in 1719ms (904 modules)
 GET /journey 200 in 1819ms
 ✓ Compiled in 1704ms (904 modules)
 GET /journey 200 in 3184ms
 ✓ Compiled in 1732ms (904 modules)
 GET /journey 200 in 3246ms
 ✓ Compiled in 1691ms (904 modules)
 GET /journey 200 in 1897ms
 ✓ Compiled in 1756ms (904 modules)
 ✓ Compiled in 1719ms (904 modules)
 GET /journey 200 in 1837ms
 ✓ Compiled in 1730ms (904 modules)
 GET /journey 200 in 1822ms
 ✓ Compiled in 1722ms (904 modules)
 GET /journey 200 in 3196ms
 ✓ Compiled in 1678ms (904 modules)
 GET /journey 200 in 1874ms
 ✓ Compiled in 1724ms (904 modules)
 ✓ Compiled in 1695ms (904 modules)
 GET /journey 200 in 1853ms
 ✓ Compiled in 1734ms (904 modules)
 GET /journey 200 in 1832ms
 ✓ Compiled in 1687ms (904 modules)
 GET /journey 200 in 3136ms
 ✓ Compiled in 3.8s (2016 modules)
 GET /journey 500 in 5245ms
 ✓ Compiled in 1715ms (904 modules)
 GET /journey 200 in 1941ms
 ✓ Compiled in 1804ms (904 modules)
 ✓ Compiled in 1727ms (904 modules)
 GET /journey 200 in 1840ms
 ✓ Compiled in 1699ms (904 modules)
 GET /journey 200 in 1793ms
 ✓ Compiled in 1712ms (904 modules)
 GET /journey 200 in 3267ms
 ✓ Compiled in 1794ms (904 modules)
 GET /journey 200 in 3270ms
 ✓ Compiled in 1699ms (904 modules)
 GET /journey 200 in 1900ms
 ✓ Compiled in 1732ms (904 modules)
 ✓ Compiled in 1715ms (904 modules)
 GET /journey 200 in 1812ms
 ✓ Compiled in 1713ms (904 modules)
 GET /journey 200 in 1814ms
 ✓ Compiled in 1705ms (904 modules)
 GET /journey 200 in 3169ms
 ✓ Compiled in 1685ms (904 modules)
 ✓ Compiled in 1684ms (904 modules)
 GET /journey 200 in 3302ms
 ✓ Compiled in 1706ms (904 modules)
 GET /journey 200 in 1816ms
 ✓ Compiled in 1752ms (904 modules)
 GET /journey 200 in 3218ms
 ✓ Compiled in 3.8s (2016 modules)
 GET /journey 500 in 5280ms
 ✓ Compiled in 1702ms (904 modules)
 GET /journey 200 in 1898ms
 ✓ Compiled in 1764ms (904 modules)
 ✓ Compiled in 1692ms (904 modules)
 GET /journey 200 in 1795ms
 ✓ Compiled in 1678ms (904 modules)
 GET /journey 200 in 1784ms
 ✓ Compiled in 2.8s (904 modules)
 GET /journey 200 in 4538ms
 ✓ Compiled in 2.2s (904 modules)
 GET /journey 200 in 3713ms
 ✓ Compiled in 1804ms (904 modules)
 GET /journey 200 in 1962ms
 ✓ Compiled in 1747ms (904 modules)
 ✓ Compiled in 1739ms (904 modules)
 GET /journey 200 in 1842ms
 ✓ Compiled in 1712ms (904 modules)
 GET /journey 200 in 1817ms
 ✓ Compiled in 1738ms (904 modules)
 GET /journey 200 in 3214ms
 ✓ Compiled in 1701ms (904 modules)
 GET /journey 200 in 1901ms
 ✓ Compiled in 1742ms (904 modules)
 ✓ Compiled in 1787ms (904 modules)
 GET /journey 200 in 1951ms
 ✓ Compiled in 1740ms (904 modules)
 GET /journey 200 in 1832ms
 ✓ Compiled in 1721ms (904 modules)
 GET /journey 200 in 3202ms
 ✓ Compiled in 4s (2016 modules)
 GET /journey 500 in 5443ms
 ✓ Compiled in 1715ms (904 modules)
 GET /journey 200 in 1926ms
 ✓ Compiled in 1786ms (904 modules)
 ✓ Compiled in 1791ms (904 modules)
 GET /journey 200 in 1913ms
 ✓ Compiled in 1786ms (904 modules)
 GET /journey 200 in 1879ms
 ✓ Compiled in 1807ms (904 modules)
 GET /journey 200 in 3348ms
 ✓ Compiled in 1743ms (904 modules)
 GET /journey 200 in 3295ms
 ✓ Compiled in 1730ms (904 modules)
 ✓ Compiled in 1736ms (904 modules)
 GET /journey 200 in 1899ms
 ✓ Compiled in 1762ms (904 modules)
 GET /journey 200 in 1878ms
 ✓ Compiled in 1703ms (904 modules)
 GET /journey 200 in 1817ms
 ✓ Compiled in 1688ms (904 modules)
 ✓ Compiled in 1717ms (904 modules)
 GET /journey 200 in 3352ms
 ✓ Compiled in 1713ms (904 modules)
 GET /journey 200 in 1816ms
 ✓ Compiled in 1714ms (904 modules)
 GET /journey 200 in 1813ms
 ✓ Compiled in 1704ms (904 modules)
 ✓ Compiled in 1711ms (904 modules)
 GET /journey 200 in 3376ms
 ✓ Compiled in 1697ms (904 modules)
 GET /journey 200 in 1791ms
 ✓ Compiled in 1700ms (904 modules)
 GET /journey 200 in 1798ms
 ✓ Compiled in 1717ms (904 modules)
 GET /journey 200 in 3179ms
 ✓ Compiled in 1679ms (904 modules)
 GET /journey 200 in 1835ms
 ✓ Compiled in 1707ms (904 modules)
 ✓ Compiled in 1770ms (904 modules)
 GET /journey 200 in 1927ms
 ✓ Compiled in 1714ms (904 modules)
 GET /journey 200 in 1831ms
 ✓ Compiled in 1787ms (904 modules)
 GET /journey 200 in 3265ms
 ✓ Compiled in 1689ms (904 modules)
 ✓ Compiled in 1705ms (904 modules)
 GET /journey 200 in 3328ms
 ✓ Compiled in 1689ms (904 modules)
 GET /journey 200 in 1785ms
 ✓ Compiled in 1702ms (904 modules)
 GET /journey 200 in 3181ms
 ✓ Compiled in 1727ms (904 modules)
 GET /journey 200 in 3189ms
 ✓ Compiled in 1685ms (904 modules)
 GET /journey 200 in 1872ms
 ✓ Compiled in 1728ms (904 modules)
 ✓ Compiled in 1707ms (904 modules)
 GET /journey 200 in 1821ms
 ✓ Compiled in 1709ms (904 modules)
 GET /journey 200 in 1809ms
 ✓ Compiled in 1701ms (904 modules)
 GET /journey 200 in 3163ms
 ✓ Compiled in 1702ms (904 modules)
 GET /journey 200 in 3217ms
 ✓ Compiled in 1682ms (904 modules)
 GET /journey 200 in 1850ms
 ✓ Compiled in 1714ms (904 modules)
 ✓ Compiled in 2.8s (904 modules)
 GET /journey 200 in 2919ms
 ✓ Compiled in 2.2s (904 modules)
 GET /journey 200 in 2342ms
 ✓ Compiled in 1864ms (904 modules)
 GET /journey 200 in 3376ms
 ✓ Compiled in 1790ms (904 modules)
 GET /journey 200 in 3316ms
 ✓ Compiled in 1710ms (904 modules)
 ✓ Compiled in 1762ms (904 modules)
 GET /journey 200 in 1929ms
 ✓ Compiled in 1762ms (904 modules)
 GET /journey 200 in 1879ms
 ✓ Compiled in 1754ms (904 modules)
 GET /journey 200 in 1853ms
 ✓ Compiled in 1707ms (904 modules)
 ✓ Compiled in 1818ms (904 modules)
 GET /journey 200 in 3464ms
 ✓ Compiled in 1731ms (904 modules)
 GET /journey 200 in 1835ms
 ✓ Compiled in 1724ms (904 modules)
 GET /journey 200 in 1854ms
 ✓ Compiled in 1702ms (904 modules)
 ✓ Compiled in 1717ms (904 modules)
 GET /journey 200 in 3370ms
 ✓ Compiled in 1722ms (904 modules)
 GET /journey 200 in 1832ms
 ✓ Compiled in 1769ms (904 modules)
 GET /journey 200 in 3274ms
 ✓ Compiled in 4.1s (2016 modules)
 GET /journey 500 in 5602ms
 ✓ Compiled in 1753ms (904 modules)
 GET /journey 200 in 1987ms
 ✓ Compiled in 1839ms (904 modules)
 ✓ Compiled in 1698ms (904 modules)
 GET /journey 200 in 1809ms
 ✓ Compiled in 1743ms (904 modules)
 GET /journey 200 in 1847ms
 ✓ Compiled in 1746ms (904 modules)
 GET /journey 200 in 3214ms
 ✓ Compiled in 1700ms (904 modules)
 GET /journey 200 in 3177ms
 ✓ Compiled in 1697ms (904 modules)
 GET /journey 200 in 1869ms
 ✓ Compiled in 1721ms (904 modules)
 ✓ Compiled in 1780ms (904 modules)
 GET /journey 200 in 1885ms
 ✓ Compiled in 1687ms (904 modules)
 GET /journey 200 in 1790ms
 ✓ Compiled in 1714ms (904 modules)
 GET /journey 200 in 3186ms
 ✓ Compiled in 1731ms (904 modules)
 GET /journey 200 in 3232ms
 ✓ Compiled in 1664ms (904 modules)
 ✓ Compiled in 1709ms (904 modules)
 GET /journey 200 in 1856ms
 ✓ Compiled in 1701ms (904 modules)
 GET /journey 200 in 1800ms
 ✓ Compiled in 1705ms (904 modules)
 GET /journey 200 in 1808ms
 ✓ Compiled in 1695ms (904 modules)
 GET /journey 200 in 3377ms
 ✓ Compiled in 1766ms (904 modules)
 ✓ Compiled in 1720ms (904 modules)
 GET /journey 200 in 1826ms
 ✓ Compiled in 1727ms (904 modules)
 GET /journey 200 in 1829ms
 ✓ Compiled in 1715ms (904 modules)
 ✓ Compiled in 1691ms (904 modules)
 GET /journey 200 in 3359ms
 ✓ Compiled in 1711ms (904 modules)
 GET /journey 200 in 1808ms
 ✓ Compiled in 1696ms (904 modules)
 GET /journey 200 in 1794ms
 ✓ Compiled in 1708ms (904 modules)
 ✓ Compiled in 1684ms (904 modules)
 GET /journey 200 in 3359ms
 ✓ Compiled in 1739ms (904 modules)
 GET /journey 200 in 1848ms
 ✓ Compiled in 1728ms (904 modules)
 GET /journey 200 in 3206ms
 ✓ Compiled in 1685ms (904 modules)
 ✓ Compiled in 1745ms (904 modules)
 GET /journey 200 in 3359ms
 ✓ Compiled in 1696ms (904 modules)
 GET /journey 200 in 1800ms
 ✓ Compiled in 1716ms (904 modules)
 GET /journey 200 in 3179ms
 ✓ Compiled in 4.3s (2016 modules)
 GET /journey 500 in 4940ms
 ✓ Compiled in 2.6s (904 modules)
 GET /journey 200 in 3822ms
 ✓ Compiled in 1887ms (904 modules)
 GET /journey 200 in 1992ms
 ✓ Compiled in 1768ms (904 modules)
 ✓ Compiled in 1766ms (904 modules)
 GET /journey 200 in 1867ms
 ✓ Compiled in 1730ms (904 modules)
 GET /journey 200 in 1829ms
 ✓ Compiled in 1729ms (904 modules)
 GET /journey 200 in 3213ms
 ✓ Compiled in 1712ms (904 modules)
 ✓ Compiled in 1741ms (904 modules)
 GET /journey 200 in 3398ms
 ✓ Compiled in 1916ms (904 modules)
 GET /journey 200 in 2043ms
 ✓ Compiled in 1764ms (904 modules)
 GET /journey 200 in 3252ms
 ✓ Compiled in 1717ms (904 modules)
 ✓ Compiled in 1720ms (904 modules)
 GET /journey 200 in 3352ms
 ✓ Compiled in 1790ms (904 modules)
 GET /journey 200 in 1880ms
 ✓ Compiled in 1727ms (904 modules)
 GET /journey 200 in 3208ms
 ✓ Compiled in 4s (2016 modules)
 GET /journey 500 in 5524ms
 ✓ Compiled in 1787ms (904 modules)
 GET /journey 200 in 1955ms
 ✓ Compiled in 1799ms (904 modules)
 ✓ Compiled in 1742ms (904 modules)
 GET /journey 200 in 1849ms
 ✓ Compiled in 1768ms (904 modules)
 GET /journey 200 in 1874ms
 ✓ Compiled in 1751ms (904 modules)
 GET /journey 200 in 3231ms
 ✓ Compiled in 1706ms (904 modules)
 ✓ Compiled in 1710ms (904 modules)
 GET /journey 200 in 3353ms
 ✓ Compiled in 1715ms (904 modules)
 GET /journey 200 in 1810ms
 ✓ Compiled in 1711ms (904 modules)
 GET /journey 200 in 3212ms
 ✓ Compiled in 1746ms (904 modules)
 GET /journey 200 in 3207ms
 ✓ Compiled in 1682ms (904 modules)
 GET /journey 200 in 1842ms
 ✓ Compiled in 1716ms (904 modules)
 ✓ Compiled in 1737ms (904 modules)
 GET /journey 200 in 1835ms
 ✓ Compiled in 1701ms (904 modules)
 GET /journey 200 in 1802ms
 ✓ Compiled in 1711ms (904 modules)
 GET /journey 200 in 3197ms
 ✓ Compiled in 1698ms (904 modules)
 ✓ Compiled in 1698ms (904 modules)
 GET /journey 200 in 3328ms
 ✓ Compiled in 1717ms (904 modules)
 GET /journey 200 in 1802ms
 ✓ Compiled in 1801ms (904 modules)
 GET /journey 200 in 3307ms
 ✓ Compiled in 4s (2016 modules)
 GET /journey 500 in 5505ms
 ✓ Compiled in 1717ms (904 modules)
 GET /journey 200 in 1914ms
 ✓ Compiled in 1779ms (904 modules)
 ✓ Compiled in 1718ms (904 modules)
 GET /journey 200 in 1827ms
 ✓ Compiled in 1722ms (904 modules)
 GET /journey 200 in 1816ms
 ✓ Compiled in 1711ms (904 modules)
 GET /journey 200 in 3212ms
 ✓ Compiled in 1725ms (904 modules)
 GET /journey 200 in 3285ms
 ✓ Compiled in 1729ms (904 modules)
 ✓ Compiled in 1709ms (904 modules)
 GET /journey 200 in 1866ms
 ✓ Compiled in 1719ms (904 modules)
 GET /journey 200 in 1815ms
 ✓ Compiled in 1716ms (904 modules)
 GET /journey 200 in 1823ms
 ✓ Compiled in 1675ms (904 modules)
 ✓ Compiled in 1688ms (904 modules)
 GET /journey 200 in 3318ms
 ✓ Compiled in 1705ms (904 modules)
 GET /journey 200 in 1827ms
 ✓ Compiled in 2.8s (904 modules)
 GET /journey 200 in 4541ms
 ✓ Compiled in 2.2s (904 modules)
 GET /journey 200 in 3650ms
 ✓ Compiled in 1821ms (904 modules)
 GET /journey 200 in 2011ms
 ✓ Compiled in 1783ms (904 modules)
 ✓ Compiled in 1776ms (904 modules)
 GET /journey 200 in 1896ms
 ✓ Compiled in 1754ms (904 modules)
 GET /journey 200 in 1860ms
 ✓ Compiled in 1748ms (904 modules)
 GET /journey 200 in 3234ms
 ✓ Compiled in 1723ms (904 modules)
 ✓ Compiled in 1757ms (904 modules)
 GET /journey 200 in 3405ms
 ✓ Compiled in 1797ms (904 modules)
 GET /journey 200 in 1914ms
 ✓ Compiled in 1755ms (904 modules)
 GET /journey 200 in 3259ms
 ✓ Compiled in 1714ms (904 modules)
 ✓ Compiled in 1751ms (904 modules)
 GET /journey 200 in 3387ms
 ✓ Compiled in 1758ms (904 modules)
 GET /journey 200 in 1847ms
 ✓ Compiled in 1748ms (904 modules)
 GET /journey 200 in 3241ms
 ✓ Compiled in 4s (2016 modules)
 GET /journey 500 in 5593ms
 ✓ Compiled in 1803ms (904 modules)
 GET /journey 200 in 1980ms
 ✓ Compiled in 1832ms (904 modules)
 ✓ Compiled in 1743ms (904 modules)
 GET /journey 200 in 1865ms
 ✓ Compiled in 1765ms (904 modules)
 GET /journey 200 in 1875ms
 ✓ Compiled in 1744ms (904 modules)
 GET /journey 200 in 3242ms
 ✓ Compiled in 1752ms (904 modules)
 GET /journey 200 in 3309ms
 ✓ Compiled in 1732ms (904 modules)
 ✓ Compiled in 1733ms (904 modules)
 GET /journey 200 in 1907ms
 ✓ Compiled in 1779ms (904 modules)
 GET /journey 200 in 1884ms
 ✓ Compiled in 1746ms (904 modules)
 GET /journey 200 in 1842ms
 ✓ Compiled in 1673ms (904 modules)
 ✓ Compiled in 1725ms (904 modules)
 GET /journey 200 in 3361ms
 ✓ Compiled in 1756ms (904 modules)
 GET /journey 200 in 1861ms
 ✓ Compiled in 1705ms (904 modules)
 GET /journey 200 in 3187ms
 ✓ Compiled in 1725ms (904 modules)
 GET /journey 200 in 3230ms
 ✓ Compiled in 1723ms (904 modules)
 GET /journey 200 in 1906ms
 ✓ Compiled in 1775ms (904 modules)
 ✓ Compiled in 1712ms (904 modules)
 GET /journey 200 in 1816ms
 ✓ Compiled in 1793ms (904 modules)
 GET /journey 200 in 1892ms
 ✓ Compiled in 1759ms (904 modules)
 GET /journey 200 in 3283ms
 ✓ Compiled in 1755ms (904 modules)
 ✓ Compiled in 1729ms (904 modules)
 GET /journey 200 in 3399ms
 ✓ Compiled in 1700ms (904 modules)
 GET /journey 200 in 1787ms
 ✓ Compiled in 1707ms (904 modules)
 GET /journey 200 in 3195ms
 ✓ Compiled in 3.8s (2016 modules)
 GET /journey 500 in 5277ms
 ✓ Compiled in 1764ms (904 modules)
 GET /journey 200 in 1938ms
 ✓ Compiled in 1790ms (904 modules)
 ✓ Compiled in 1719ms (904 modules)
 GET /journey 200 in 1839ms
 ✓ Compiled in 1740ms (904 modules)
 GET /journey 200 in 1849ms
 ✓ Compiled in 1720ms (904 modules)
 GET /journey 200 in 3234ms
 ✓ Compiled in 1713ms (904 modules)
 GET /journey 200 in 3279ms
 ✓ Compiled in 1736ms (904 modules)
 ✓ Compiled in 1718ms (904 modules)
 GET /journey 200 in 1873ms
 ✓ Compiled in 2.3s (904 modules)
 GET /journey 200 in 3050ms
 ✓ Compiled in 2.6s (904 modules)
 GET /journey 200 in 2342ms
 ✓ Compiled in 1873ms (904 modules)
 GET /journey 200 in 3379ms
 ✓ Compiled in 1741ms (904 modules)
 GET /journey 200 in 1924ms
 ✓ Compiled in 1767ms (904 modules)
 ✓ Compiled in 1724ms (904 modules)
 GET /journey 200 in 1835ms
 ✓ Compiled in 1734ms (904 modules)
 GET /journey 200 in 1848ms
 ✓ Compiled in 1732ms (904 modules)
 GET /journey 200 in 3229ms
 ✓ Compiled in 1746ms (904 modules)
 ✓ Compiled in 1811ms (904 modules)
 GET /journey 200 in 3471ms
 ✓ Compiled in 1762ms (904 modules)
 GET /journey 200 in 1850ms
 ✓ Compiled in 1713ms (904 modules)
 GET /journey 200 in 3211ms
 ✓ Compiled in 4.1s (2016 modules)
 GET /journey 500 in 5557ms
 ✓ Compiled in 1775ms (904 modules)
 GET /journey 200 in 2009ms
 ✓ Compiled in 1849ms (904 modules)
 ✓ Compiled in 1745ms (904 modules)
 GET /journey 200 in 1863ms
 ✓ Compiled in 1799ms (904 modules)
 GET /journey 200 in 1890ms
 ✓ Compiled in 1722ms (904 modules)
 GET /journey 200 in 3267ms
 ✓ Compiled in 1781ms (904 modules)
 GET /journey 200 in 3308ms
 ✓ Compiled in 1696ms (904 modules)
 ✓ Compiled in 1762ms (904 modules)
 GET /journey 200 in 1911ms
 ✓ Compiled in 1715ms (904 modules)
 GET /journey 200 in 1813ms
 ✓ Compiled in 1732ms (904 modules)
 GET /journey 200 in 1844ms
 ✓ Compiled in 1715ms (904 modules)
 ✓ Compiled in 1771ms (904 modules)
 GET /journey 200 in 3427ms
 ✓ Compiled in 1732ms (904 modules)
 GET /journey 200 in 1837ms
 ✓ Compiled in 1727ms (904 modules)
 GET /journey 200 in 3213ms
 ✓ Compiled in 1725ms (904 modules)
 GET /journey 200 in 3205ms
 ✓ Compiled in 1709ms (904 modules)
 GET /journey 200 in 1879ms
 ✓ Compiled in 1727ms (904 modules)
 ✓ Compiled in 1715ms (904 modules)
 GET /journey 200 in 1821ms
 ✓ Compiled in 1726ms (904 modules)
 GET /journey 200 in 1822ms
 ✓ Compiled in 1734ms (904 modules)
 GET /journey 200 in 3323ms
 ✓ Compiled in 1846ms (904 modules)
 GET /journey 200 in 3362ms
 ✓ Compiled in 1681ms (904 modules)
 ✓ Compiled in 1737ms (904 modules)
 GET /journey 200 in 1888ms
 ✓ Compiled in 1787ms (904 modules)
 GET /journey 200 in 1893ms
 ✓ Compiled in 1724ms (904 modules)
 GET /journey 200 in 1824ms
 ✓ Compiled in 1709ms (904 modules)
 ✓ Compiled in 1715ms (904 modules)
 GET /journey 200 in 3375ms
 ✓ Compiled in 1713ms (904 modules)
 GET /journey 200 in 1810ms
 ✓ Compiled in 1712ms (904 modules)
 GET /journey 200 in 3229ms
 ✓ Compiled in 1749ms (904 modules)
 GET /journey 200 in 3248ms
 ✓ Compiled in 1714ms (904 modules)
 GET /journey 200 in 1880ms
 ✓ Compiled in 1731ms (904 modules)
 ✓ Compiled in 1720ms (904 modules)
 GET /journey 200 in 1830ms
 ✓ Compiled in 1760ms (904 modules)
 GET /journey 200 in 1854ms
 ✓ Compiled in 1725ms (904 modules)
 GET /journey 200 in 3225ms
 ✓ Compiled in 1694ms (904 modules)
 GET /journey 200 in 3233ms
 ✓ Compiled in 1716ms (904 modules)
 ✓ Compiled in 2.9s (904 modules)
 GET /journey 200 in 3091ms
 ✓ Compiled in 2.2s (904 modules)
 GET /journey 200 in 3241ms
 ✓ Compiled in 1878ms (904 modules)
 GET /journey 200 in 1992ms
 ✓ Compiled in 1755ms (904 modules)
 GET /journey 200 in 3462ms
 ✓ Compiled in 1790ms (904 modules)
 ✓ Compiled in 1741ms (904 modules)
 GET /journey 200 in 1849ms
 ✓ Compiled in 1759ms (904 modules)
 GET /journey 200 in 1866ms
 ✓ Compiled in 1790ms (904 modules)
 GET /journey 200 in 3340ms
 ✓ Compiled in 1820ms (904 modules)
 GET /journey 200 in 3419ms
 ✓ Compiled in 1764ms (904 modules)
 ✓ Compiled in 1755ms (904 modules)
 GET /journey 200 in 1923ms
 ✓ Compiled in 1765ms (904 modules)
 GET /journey 200 in 1896ms
 ✓ Compiled in 1776ms (904 modules)
 GET /journey 200 in 1889ms
 ✓ Compiled in 1706ms (904 modules)
 ✓ Compiled in 1744ms (904 modules)
 GET /journey 200 in 3406ms
 ✓ Compiled in 1750ms (904 modules)
 GET /journey 200 in 1848ms
 ✓ Compiled in 1742ms (904 modules)
 GET /journey 200 in 1859ms
 ✓ Compiled in 1758ms (904 modules)
 ✓ Compiled in 1775ms (904 modules)
 GET /journey 200 in 3473ms
 ✓ Compiled in 1790ms (904 modules)
 GET /journey 200 in 1898ms
 ✓ Compiled in 1717ms (904 modules)
 GET /journey 200 in 3218ms
 ✓ Compiled in 1740ms (904 modules)
 GET /journey 200 in 3239ms
 ✓ Compiled in 1736ms (904 modules)
 GET /journey 200 in 1941ms
 ✓ Compiled in 1785ms (904 modules)
 ✓ Compiled in 1720ms (904 modules)
 GET /journey 200 in 1821ms
 ✓ Compiled in 1743ms (904 modules)
 GET /journey 200 in 1852ms
 ✓ Compiled in 1790ms (904 modules)
 GET /journey 200 in 3285ms
 ✓ Compiled in 1741ms (904 modules)
 GET /journey 200 in 3261ms
 ✓ Compiled in 1695ms (904 modules)
 GET /journey 200 in 1891ms
 ✓ Compiled in 1753ms (904 modules)
 ✓ Compiled in 1758ms (904 modules)
 GET /journey 200 in 1867ms
 ✓ Compiled in 1739ms (904 modules)
 GET /journey 200 in 1836ms
 ✓ Compiled in 1727ms (904 modules)
 GET /journey 200 in 3220ms
 ✓ Compiled in 1706ms (904 modules)
 GET /journey 200 in 3343ms
 ✓ Compiled in 1805ms (904 modules)
 ✓ Compiled in 1741ms (904 modules)
 GET /journey 200 in 1901ms
 ✓ Compiled in 1788ms (904 modules)
 GET /journey 200 in 1891ms
 ✓ Compiled in 1746ms (904 modules)
 GET /journey 200 in 1849ms
 ✓ Compiled in 1759ms (904 modules)
 ✓ Compiled in 1713ms (904 modules)
 GET /journey 200 in 3428ms
 ✓ Compiled in 1720ms (904 modules)
 GET /journey 200 in 1850ms
 ✓ Compiled in 1733ms (904 modules)
 GET /journey 200 in 3210ms
 ✓ Compiled in 1713ms (904 modules)
 ✓ Compiled in 1729ms (904 modules)
 GET /journey 200 in 3373ms
 ✓ Compiled in 1751ms (904 modules)
 GET /journey 200 in 1839ms
 ✓ Compiled in 1729ms (904 modules)
 GET /journey 200 in 3210ms
 ✓ Compiled in 4s (2016 modules)
 GET /journey 500 in 5453ms
 ✓ Compiled in 1726ms (904 modules)
 GET /journey 200 in 1964ms
 ✓ Compiled in 1829ms (904 modules)
 ✓ Compiled in 1747ms (904 modules)
 GET /journey 200 in 1851ms
 ✓ Compiled in 2.6s (904 modules)
 GET /journey 200 in 3088ms
 ✓ Compiled in 2.3s (904 modules)
 GET /journey 200 in 3861ms
 ✓ Compiled in 1890ms (904 modules)
 GET /journey 200 in 3417ms
 ✓ Compiled in 1721ms (904 modules)
 GET /journey 200 in 1951ms
 ✓ Compiled in 1794ms (904 modules)
 ✓ Compiled in 1747ms (904 modules)
 GET /journey 200 in 1862ms
 ✓ Compiled in 1743ms (904 modules)
 GET /journey 200 in 1836ms
 ✓ Compiled in 1753ms (904 modules)
 GET /journey 200 in 3348ms
 ✓ Compiled in 1807ms (904 modules)
 GET /journey 200 in 1919ms
 ✓ Compiled in 1746ms (904 modules)
 ✓ Compiled in 1773ms (904 modules)
 GET /journey 200 in 1935ms
 ✓ Compiled in 1760ms (904 modules)
 GET /journey 200 in 1878ms
 ✓ Compiled in 1786ms (904 modules)
 GET /journey 200 in 1882ms
 ✓ Compiled in 4.2s (2016 modules)
 GET /journey 500 in 5686ms
 ✓ Compiled in 1748ms (904 modules)
 GET /journey 200 in 2045ms
 ✓ Compiled in 1887ms (904 modules)
 ✓ Compiled in 1793ms (904 modules)
 GET /journey 200 in 1897ms
 ✓ Compiled in 1794ms (904 modules)
 GET /journey 200 in 1910ms
 ✓ Compiled in 1749ms (904 modules)
 GET /journey 200 in 3274ms
 ✓ Compiled in 1770ms (904 modules)
 GET /journey 200 in 3325ms
 ✓ Compiled in 1739ms (904 modules)
 GET /journey 200 in 1917ms
 ✓ Compiled in 1763ms (904 modules)
 ✓ Compiled in 1731ms (904 modules)
 GET /journey 200 in 1834ms
 ✓ Compiled in 1746ms (904 modules)
 GET /journey 200 in 1853ms
 ✓ Compiled in 1759ms (904 modules)
 GET /journey 200 in 3260ms
 ✓ Compiled in 1712ms (904 modules)
 GET /journey 200 in 1880ms
 ✓ Compiled in 1733ms (904 modules)
 ✓ Compiled in 1722ms (904 modules)
 GET /journey 200 in 1876ms
 ✓ Compiled in 1748ms (904 modules)
 GET /journey 200 in 1842ms
 ✓ Compiled in 1724ms (904 modules)
 GET /journey 200 in 3204ms
 ✓ Compiled in 3.9s (2016 modules)
 GET /journey 500 in 5443ms
 ✓ Compiled in 1795ms (904 modules)
 GET /journey 200 in 1967ms
 ✓ Compiled in 1838ms (904 modules)
 ✓ Compiled in 1760ms (904 modules)
 GET /journey 200 in 1888ms
 ✓ Compiled in 1764ms (904 modules)
 GET /journey 200 in 1857ms
 ✓ Compiled in 1766ms (904 modules)
 GET /journey 200 in 3259ms
 ✓ Compiled in 1723ms (904 modules)
 GET /journey 200 in 3273ms
 ✓ Compiled in 1712ms (904 modules)
 GET /journey 200 in 1865ms
 ✓ Compiled in 1728ms (904 modules)
 ✓ Compiled in 1725ms (904 modules)
 GET /journey 200 in 1835ms
 ✓ Compiled in 1764ms (904 modules)
 GET /journey 200 in 1863ms
 ✓ Compiled in 1736ms (904 modules)
 GET /journey 200 in 3236ms
 ✓ Compiled in 1722ms (904 modules)
 GET /journey 200 in 1881ms
 ✓ Compiled in 1727ms (904 modules)
 ✓ Compiled in 1734ms (904 modules)
 GET /journey 200 in 1886ms
 ✓ Compiled in 1741ms (904 modules)
 GET /journey 200 in 1839ms
 ✓ Compiled in 1712ms (904 modules)
 GET /journey 200 in 3194ms
 ✓ Compiled in 3.8s (2016 modules)
 GET /journey 500 in 5309ms
 ✓ Compiled in 2.5s (904 modules)
 GET /journey 200 in 3605ms
 ✓ Compiled in 2.6s (904 modules)
 ✓ Compiled in 1831ms (904 modules)
 GET /journey 200 in 1947ms
 ✓ Compiled in 1802ms (904 modules)
 GET /journey 200 in 1907ms
 ✓ Compiled in 1803ms (904 modules)
 GET /journey 200 in 3310ms
 ✓ Compiled in 1753ms (904 modules)
 GET /journey 200 in 3302ms
 ✓ Compiled in 1724ms (904 modules)
 ✓ Compiled in 1826ms (904 modules)
 GET /journey 200 in 1997ms
 ✓ Compiled in 1787ms (904 modules)
 GET /journey 200 in 1892ms
 ✓ Compiled in 1732ms (904 modules)
 GET /journey 200 in 1845ms
 ✓ Compiled in 1746ms (904 modules)
 ✓ Compiled in 1746ms (904 modules)
 GET /journey 200 in 3430ms
 ✓ Compiled in 1751ms (904 modules)
 GET /journey 200 in 1856ms
 ✓ Compiled in 1756ms (904 modules)
 GET /journey 200 in 1862ms
 ✓ Compiled in 1732ms (904 modules)
 ✓ Compiled in 1752ms (904 modules)
 GET /journey 200 in 3445ms
 ✓ Compiled in 1797ms (904 modules)
 GET /journey 200 in 1892ms
 ✓ Compiled in 1758ms (904 modules)
 GET /journey 200 in 1893ms
 ✓ Compiled in 4s (2016 modules)
 GET /journey 500 in 5531ms
 ✓ Compiled in 1759ms (904 modules)
 GET /journey 200 in 1986ms
 ✓ Compiled in 1852ms (904 modules)
 ✓ Compiled in 1758ms (904 modules)
 GET /journey 200 in 1865ms
 ✓ Compiled in 1740ms (904 modules)
 GET /journey 200 in 1849ms
 ✓ Compiled in 1793ms (904 modules)
 GET /journey 200 in 3295ms
 ✓ Compiled in 1780ms (904 modules)
 GET /journey 200 in 3320ms
 ✓ Compiled in 1710ms (904 modules)
 GET /journey 200 in 1874ms
 ✓ Compiled in 1722ms (904 modules)
 ✓ Compiled in 1723ms (904 modules)
 GET /journey 200 in 1821ms
 ✓ Compiled in 1749ms (904 modules)
 GET /journey 200 in 1848ms
 ✓ Compiled in 1717ms (904 modules)
 GET /journey 200 in 3226ms
 ✓ Compiled in 1724ms (904 modules)
 GET /journey 200 in 1920ms
 ✓ Compiled in 1790ms (904 modules)
 ✓ Compiled in 1773ms (904 modules)
 GET /journey 200 in 1962ms
 ✓ Compiled in 1731ms (904 modules)
 GET /journey 200 in 1829ms
 ✓ Compiled in 1755ms (904 modules)
 GET /journey 200 in 3230ms
 ✓ Compiled in 1738ms (904 modules)
 GET /journey 200 in 3266ms
 ✓ Compiled in 1766ms (904 modules)
 GET /journey 200 in 1914ms
 ✓ Compiled in 1758ms (904 modules)
 ✓ Compiled in 1723ms (904 modules)
 GET /journey 200 in 1826ms
 ✓ Compiled in 1745ms (904 modules)
 GET /journey 200 in 1845ms
 ✓ Compiled in 1755ms (904 modules)
 GET /journey 200 in 3271ms
 ✓ Compiled in 1731ms (904 modules)
 GET /journey 200 in 1958ms
 ✓ Compiled in 1805ms (904 modules)
 ✓ Compiled in 2.2s (904 modules)
 GET /journey 200 in 2375ms
 ✓ Compiled in 1777ms (904 modules)
 GET /journey 200 in 1881ms
 ✓ Compiled in 1762ms (904 modules)
 GET /journey 200 in 3285ms
 ✓ Compiled in 3.9s (2016 modules)
 GET /journey 500 in 5485ms
 ✓ Compiled in 1807ms (904 modules)
 GET /journey 200 in 2035ms
 ✓ Compiled in 1905ms (904 modules)
 ✓ Compiled in 2.5s (904 modules)
 GET /journey 200 in 3126ms
 ✓ Compiled in 2.6s (904 modules)
 GET /journey 200 in 2733ms
 ✓ Compiled in 1904ms (904 modules)
 GET /journey 200 in 3458ms
 ✓ Compiled in 1805ms (904 modules)
 ✓ Compiled in 1826ms (904 modules)
 GET /journey 200 in 3556ms
 ✓ Compiled in 1875ms (904 modules)
 GET /journey 200 in 2095ms
 ✓ Compiled in 1906ms (904 modules)
 ✓ Compiled in 1809ms (904 modules)
 GET / 200 in 3964ms
 GET /live 200 in 393ms
 ✓ Compiled in 4.6s (2016 modules)
 GET /live 500 in 6177ms
 ✓ Compiled in 1868ms (904 modules)
 GET /live 200 in 2095ms
 ✓ Compiled in 1959ms (904 modules)
 ✓ Compiled in 1867ms (904 modules)
 GET /live 200 in 2023ms
 ✓ Compiled in 1842ms (904 modules)
 GET /live 200 in 1937ms
 ✓ Compiled in 1800ms (904 modules)
 GET /live 200 in 1887ms
 ✓ Compiled in 1860ms (904 modules)
 GET /live 200 in 3407ms
 ✓ Compiled in 1817ms (904 modules)
 GET /live 200 in 3374ms
 ✓ Compiled in 1808ms (904 modules)
 GET /live 200 in 1919ms
 ✓ Compiled in 1772ms (904 modules)
 ✓ Compiled in 1766ms (904 modules)
 GET /live 200 in 1911ms
 ✓ Compiled in 1783ms (904 modules)
 GET /live 200 in 1875ms
 ✓ Compiled in 1814ms (904 modules)
 GET /live 200 in 1942ms
 ✓ Compiled in 1838ms (904 modules)
 GET /live 200 in 3367ms
 ✓ Compiled in 1821ms (904 modules)
 GET /live 200 in 3398ms
 ✓ Compiled in 1833ms (904 modules)
 GET /live 200 in 1977ms
 ✓ Compiled in 1830ms (904 modules)
 GET /live 200 in 1926ms
 ✓ Compiled in 1791ms (904 modules)
 ✓ Compiled in 1791ms (904 modules)
 GET /live 200 in 1894ms
 ✓ Compiled in 1819ms (904 modules)
 GET /live 200 in 1921ms
 ✓ Compiled in 1820ms (904 modules)
 GET /live 200 in 1927ms
 ✓ Compiled in 4.1s (2016 modules)
 GET /live 500 in 5701ms
 ✓ Compiled in 1854ms (904 modules)
 GET /live 200 in 2070ms
 ✓ Compiled in 1943ms (904 modules)
 ✓ Compiled in 1794ms (904 modules)
 GET /live 200 in 1961ms
 ✓ Compiled in 1816ms (904 modules)
 GET /live 200 in 1913ms
 ✓ Compiled in 1841ms (904 modules)
 GET /live 200 in 1940ms
 ✓ Compiled in 1787ms (904 modules)
 GET /live 200 in 3340ms
 ✓ Compiled in 1804ms (904 modules)
 GET /live 200 in 3382ms
 ✓ Compiled in 1823ms (904 modules)
 GET /live 200 in 1915ms
 ✓ Compiled in 1768ms (904 modules)
 ✓ Compiled in 1765ms (904 modules)
 GET /live 200 in 1901ms
 ✓ Compiled in 1768ms (904 modules)
 GET /live 200 in 1883ms
 ✓ Compiled in 1771ms (904 modules)
 GET /live 200 in 1859ms
 ✓ Compiled in 1768ms (904 modules)
 GET /live 200 in 3291ms
 ✓ Compiled in 4s (2016 modules)
 GET /live 500 in 5576ms
 ✓ Compiled in 1776ms (904 modules)
 GET /live 200 in 1986ms
 ✓ Compiled in 1873ms (904 modules)
 ✓ Compiled in 1780ms (904 modules)
 GET /live 200 in 1877ms
 ✓ Compiled in 1920ms (904 modules)
 GET /live 200 in 2021ms
 ✓ Compiled in 3.5s (904 modules)
 GET /live 200 in 3712ms
 ✓ Compiled in 4.4s (2016 modules)
 GET /live 500 in 5954ms
 ✓ Compiled in 1838ms (904 modules)
 GET /live 200 in 2069ms
 ✓ Compiled in 1931ms (904 modules)
 ✓ Compiled in 1794ms (904 modules)
 GET /live 200 in 1980ms
 ✓ Compiled in 1832ms (904 modules)
 GET /live 200 in 1928ms
 ✓ Compiled in 1886ms (904 modules)
 GET /live 200 in 1972ms
 ✓ Compiled in 1767ms (904 modules)
 GET /live 200 in 3303ms
 ✓ Compiled in 1797ms (904 modules)
 GET /live 200 in 3348ms
 ✓ Compiled in 1802ms (904 modules)
 GET /live 200 in 1946ms
 ✓ Compiled in 1807ms (904 modules)
 ✓ Compiled in 1811ms (904 modules)
 GET /live 200 in 1953ms
 ✓ Compiled in 1863ms (904 modules)
 GET /live 200 in 1965ms
 ✓ Compiled in 1802ms (904 modules)
 GET /live 200 in 1895ms
 ✓ Compiled in 1816ms (904 modules)
 GET /live 200 in 3352ms
 ✓ Compiled in 4.1s (2016 modules)
 GET /live 500 in 5631ms
 ✓ Compiled in 1824ms (904 modules)
 GET /live 200 in 2052ms
 ✓ Compiled in 1913ms (904 modules)
 ✓ Compiled in 1793ms (904 modules)
 GET /live 200 in 1889ms
 ✓ Compiled in 1792ms (904 modules)
 GET /live 200 in 1893ms
 ✓ Compiled in 1796ms (904 modules)
 GET /live 200 in 1894ms
 ✓ Compiled in 1760ms (904 modules)
 GET /live 200 in 3459ms
 ✓ Compiled in 1789ms (904 modules)
 ✓ Compiled in 2s (904 modules)
 GET /live 200 in 2121ms
 ✓ Compiled in 1826ms (904 modules)
 GET /live 200 in 1918ms
 ✓ Compiled in 1868ms (904 modules)
 GET /live 200 in 1960ms
 ✓ Compiled in 4s (2016 modules)
 GET /live 500 in 5495ms
 ✓ Compiled in 1795ms (904 modules)
 GET /live 200 in 2006ms
 ✓ Compiled in 1878ms (904 modules)
 ✓ Compiled in 1767ms (904 modules)
 GET /live 200 in 1929ms
 ✓ Compiled in 1816ms (904 modules)
 GET /live 200 in 1909ms
 ✓ Compiled in 1786ms (904 modules)
 GET /live 200 in 1879ms
 ✓ Compiled in 1836ms (904 modules)
 GET /live 200 in 3365ms
 ✓ Compiled in 4s (2016 modules)
 GET /live 500 in 5548ms
 ✓ Compiled in 1821ms (904 modules)
 GET /live 200 in 2012ms
 ✓ Compiled in 1895ms (904 modules)
 ✓ Compiled in 1772ms (904 modules)
 GET /live 200 in 1917ms
 ✓ Compiled in 1798ms (904 modules)
 GET /live 200 in 1887ms
 ✓ Compiled in 1830ms (904 modules)
 GET /live 200 in 1928ms
 ✓ Compiled in 1813ms (904 modules)
 ✓ Compiled in 1785ms (904 modules)
 GET /live 200 in 3531ms
 ✓ Compiled in 1809ms (904 modules)
 GET /live 200 in 1907ms
 ✓ Compiled in 1795ms (904 modules)
 GET /live 200 in 1883ms
 ✓ Compiled in 1799ms (904 modules)
 GET /live 200 in 3326ms
 ✓ Compiled in 1781ms (904 modules)
 GET /live 200 in 3314ms
 ✓ Compiled in 1785ms (904 modules)
 GET /live 200 in 2093ms
 ✓ Compiled in 3s (904 modules)
 ✓ Compiled in 2.5s (904 modules)
 GET /live 200 in 3870ms
 ✓ Compiled in 1928ms (904 modules)
 GET /live 200 in 2039ms
 ✓ Compiled in 1876ms (904 modules)
 GET /live 200 in 1973ms
 ✓ Compiled in 1874ms (904 modules)
 GET /live 200 in 3456ms
 ✓ Compiled in 1838ms (904 modules)
 GET /live 200 in 3365ms
 ✓ Compiled in 1814ms (904 modules)
 GET /live 200 in 2003ms
 ✓ Compiled in 1842ms (904 modules)
 ✓ Compiled in 1869ms (904 modules)
 GET /live 200 in 2025ms
 ✓ Compiled in 1827ms (904 modules)
 GET /live 200 in 1927ms
 ✓ Compiled in 1818ms (904 modules)
 GET /live 200 in 1924ms
 ✓ Compiled in 1873ms (904 modules)
 GET /live 200 in 3415ms
 ✓ Compiled in 1818ms (904 modules)
 GET /live 200 in 3386ms
 ✓ Compiled in 1842ms (904 modules)
 GET /live 200 in 1995ms
 ✓ Compiled in 1835ms (904 modules)
 ✓ Compiled in 1808ms (904 modules)
 GET /live 200 in 2005ms
 ✓ Compiled in 1840ms (904 modules)
 GET /live 200 in 1967ms
 ✓ Compiled in 1878ms (904 modules)
 GET /live 200 in 2003ms
 ✓ Compiled in 1853ms (904 modules)
 GET /live 200 in 3439ms
 ✓ Compiled in 1842ms (904 modules)
 GET /live 200 in 3335ms
 ✓ Compiled in 1790ms (904 modules)
 GET /live 200 in 1970ms
 ✓ Compiled in 1826ms (904 modules)
 ✓ Compiled in 1846ms (904 modules)
 GET /live 200 in 1993ms
 ✓ Compiled in 1842ms (904 modules)
 GET /live 200 in 1935ms
 ✓ Compiled in 1804ms (904 modules)
 GET /live 200 in 1893ms
 ✓ Compiled in 1866ms (904 modules)
 GET /live 200 in 3402ms
 ✓ Compiled in 4.2s (2016 modules)
 GET /live 500 in 5783ms
 ✓ Compiled in 1832ms (904 modules)
 GET /live 200 in 2116ms
 ✓ Compiled in 1937ms (904 modules)
 ✓ Compiled in 1784ms (904 modules)
 GET /live 200 in 1946ms
 ✓ Compiled in 1803ms (904 modules)
 GET /live 200 in 1894ms
 ✓ Compiled in 1816ms (904 modules)
 GET /live 200 in 1923ms
 ✓ Compiled in 1856ms (904 modules)
 GET /live 200 in 3406ms
 ✓ Compiled in 4.1s (2016 modules)
 GET /live 500 in 5586ms
 ✓ Compiled in 1821ms (904 modules)
 GET /live 200 in 2058ms
 ✓ Compiled in 1919ms (904 modules)
 ✓ Compiled in 1789ms (904 modules)
 GET /live 200 in 1891ms
 ✓ Compiled in 1782ms (904 modules)
 GET /live 200 in 1866ms
 ✓ Compiled in 1829ms (904 modules)
 GET /live 200 in 1932ms
 ✓ Compiled in 1844ms (904 modules)
 GET /live 200 in 3397ms
 ✓ Compiled in 1831ms (904 modules)
 GET /live 200 in 3378ms
 ✓ Compiled in 1792ms (904 modules)
 GET /live 200 in 1936ms
 ✓ Compiled in 1804ms (904 modules)
 ✓ Compiled in 1780ms (904 modules)
 GET /live 200 in 1928ms
 ✓ Compiled in 1829ms (904 modules)
 GET /live 200 in 1933ms
 GET /live 200 in 1894ms
 ✓ Compiled in 8.6s (2016 modules)
 GET /live 200 in 7087ms
 GET /live 200 in 271ms
 GET /live 200 in 284ms
 GET /live 200 in 279ms
 GET /live 200 in 290ms
 GET /live 200 in 266ms
 GET /live 200 in 274ms
 GET /live 200 in 270ms
 GET /live 200 in 264ms
 GET /live 200 in 263ms
 GET /live 200 in 280ms
 GET /live 200 in 268ms
 GET /live 200 in 272ms
 GET /live 200 in 276ms
 GET /live 200 in 279ms
 GET /live 200 in 264ms
 GET /live 200 in 266ms
 GET /live 200 in 272ms
 GET /live 200 in 266ms
 GET /live 200 in 265ms
 GET /live 200 in 271ms
 GET /live 200 in 262ms
 GET /live 200 in 269ms
 GET /live 200 in 272ms
 GET /live 200 in 271ms
 GET /live 200 in 279ms
 GET /live 200 in 271ms
 GET /live 200 in 270ms
 GET /live 200 in 299ms
 GET /live 200 in 275ms
 GET /live 200 in 275ms
 GET /live 200 in 270ms
 GET /live 200 in 275ms
 GET /live 200 in 269ms
 GET /live 200 in 253ms
 GET /live 200 in 257ms
 GET /live 200 in 255ms
 GET /live 200 in 258ms
 GET /live 200 in 269ms
 GET /live 200 in 265ms
 GET /live 200 in 258ms
 GET /live 200 in 257ms
 GET /live 200 in 253ms
 GET /live 200 in 256ms
 GET /live 200 in 262ms
 GET /live 200 in 262ms
 GET /live 200 in 303ms
 ✓ Compiled in 1935ms (904 modules)
 GET /live 200 in 2022ms
 ✓ Compiled in 1796ms (904 modules)
 ✓ Compiled in 1814ms (904 modules)
 ✓ Compiled in 1769ms (904 modules)
 ✓ Compiled in 6.2s (2016 modules)
 ✓ Compiled in 1918ms (904 modules)
 ✓ Compiled in 2.3s (903 modules)
 ✓ Compiled in 1843ms (903 modules)
 ✓ Compiled in 1876ms (903 modules)
 GET /live 200 in 885ms
 ✓ Compiled in 3.3s (903 modules)
 GET /live 200 in 392ms
 ✓ Compiled in 1941ms (903 modules)
 GET /live 200 in 294ms
 ✓ Compiled in 1904ms (903 modules)
 GET /live 200 in 301ms
 ✓ Compiled in 1889ms (903 modules)
 GET /live 200 in 277ms
 ✓ Compiled in 1825ms (903 modules)
 GET /live 200 in 292ms
 ✓ Compiled in 2.3s (903 modules)
 GET /live 200 in 320ms
 ✓ Compiled in 2.9s (903 modules)
 GET /live 200 in 343ms
 ✓ Compiled in 3s (903 modules)
 ✓ Compiled in 2.3s (903 modules)
 GET /live 200 in 4050ms
 ✓ Compiled in 1989ms (903 modules)
 ✓ Compiled in 2s (903 modules)
 GET /live 200 in 3944ms
 ✓ Compiled in 4.2s (903 modules)
 GET /live 200 in 4446ms
 ✓ Compiled in 3.2s (903 modules)
 GET /live 200 in 4847ms
 ✓ Compiled in 1968ms (903 modules)
 ✓ Compiled in 2s (903 modules)
 GET /live 200 in 2242ms
 ✓ Compiled in 2s (903 modules)
 GET /live 200 in 2213ms
 ✓ Compiled in 1883ms (903 modules)
 GET /live 200 in 3502ms
 ✓ Compiled in 1874ms (903 modules)
 GET /live 200 in 2053ms
 ✓ Compiled in 1831ms (903 modules)
 ✓ Compiled in 1855ms (903 modules)
 GET /live 200 in 1991ms
 ✓ Compiled in 1964ms (903 modules)
 GET /live 200 in 3617ms
 ✓ Compiled in 1885ms (903 modules)
 GET /live 200 in 3586ms
 ✓ Compiled in 1845ms (903 modules)
 ✓ Compiled in 1872ms (903 modules)
 GET /live 200 in 2105ms
 ✓ Compiled in 1873ms (903 modules)
 GET /live 200 in 3474ms
 ○ Compiling /_error ...
 ✓ Compiled /_error in 6.3s (2016 modules)
 GET /live 500 in 7987ms
 ✓ Compiled in 2s (904 modules)
 GET /live 200 in 2401ms
 ✓ Compiled in 2.2s (904 modules)
 ✓ Compiled in 1930ms (904 modules)
 GET /live 200 in 2110ms
 ✓ Compiled in 1878ms (904 modules)
 GET /live 200 in 1992ms
 ✓ Compiled in 1880ms (904 modules)
 GET /live 200 in 3509ms
 ✓ Compiled in 1912ms (904 modules)
 GET /live 200 in 3537ms
 ✓ Compiled in 1816ms (904 modules)
 GET /live 200 in 2060ms
 ✓ Compiled in 1890ms (904 modules)
 ✓ Compiled in 1867ms (904 modules)
 GET /live 200 in 1992ms
 ✓ Compiled in 1881ms (904 modules)
 GET /live 200 in 2009ms
 ✓ Compiled in 1856ms (904 modules)
 GET /live 200 in 3437ms
 ✓ Compiled in 1830ms (904 modules)
 GET /live 200 in 3431ms
 ✓ Compiled in 1788ms (904 modules)
 ✓ Compiled in 1823ms (904 modules)
 GET /live 200 in 1989ms
 ✓ Compiled in 1866ms (904 modules)
 GET /live 200 in 1982ms
 ✓ Compiled in 1858ms (904 modules)
 GET /live 200 in 1973ms
 ✓ Compiled in 1895ms (904 modules)
 GET /live 200 in 3656ms
 ✓ Compiled in 1859ms (904 modules)
 ✓ Compiled in 1818ms (904 modules)
 GET /live 200 in 1949ms
 ✓ Compiled in 1914ms (904 modules)
 GET /live 200 in 2016ms
 ✓ Compiled in 1852ms (904 modules)
 GET /live 200 in 3447ms
 ✓ Compiled in 1869ms (904 modules)
 GET /live 200 in 3483ms
 ✓ Compiled in 1805ms (904 modules)
 GET /live 200 in 1947ms
 ✓ Compiled in 1798ms (904 modules)
 ✓ Compiled in 1850ms (904 modules)
 GET /live 200 in 1957ms
 ✓ Compiled in 1797ms (904 modules)
 GET /live 200 in 1903ms
 ✓ Compiled in 1803ms (904 modules)
 GET /live 200 in 3381ms
 ✓ Compiled in 1876ms (904 modules)
 GET /live 200 in 3499ms
 ✓ Compiled in 1803ms (904 modules)
 GET /live 200 in 2007ms
 ✓ Compiled in 1853ms (904 modules)
 ✓ Compiled in 1800ms (904 modules)
 GET /live 200 in 1914ms
 ✓ Compiled in 1799ms (904 modules)
 GET /live 200 in 1897ms
 ✓ Compiled in 1848ms (904 modules)
 GET /live 200 in 3433ms
 ✓ Compiled in 1818ms (904 modules)
 GET /live 200 in 3486ms
 ✓ Compiled in 1844ms (904 modules)
 ✓ Compiled in 1798ms (904 modules)
 GET /live 200 in 1957ms
 ✓ Compiled in 1801ms (904 modules)
 GET /live 200 in 1899ms
 ✓ Compiled in 1808ms (904 modules)
 GET /live 200 in 3344ms
 ✓ Compiled in 4s (2016 modules)
 GET /live 500 in 5737ms
 ✓ Compiled in 1989ms (904 modules)
 GET /live 200 in 2159ms
 ✓ Compiled in 1939ms (904 modules)
 ✓ Compiled in 1792ms (904 modules)
 GET /live 200 in 1900ms
 ✓ Compiled in 1805ms (904 modules)
 GET /live 200 in 1910ms
 ✓ Compiled in 1810ms (904 modules)
 GET /live 200 in 3377ms
 ✓ Compiled in 1785ms (904 modules)
 ✓ Compiled in 1788ms (904 modules)
 GET /live 200 in 3500ms
 ✓ Compiled in 1801ms (904 modules)
 GET /live 200 in 1897ms
 ✓ Compiled in 1796ms (904 modules)
 GET /live 200 in 3425ms
 ✓ Compiled in 3.2s (904 modules)
 GET /live 200 in 5257ms
 ✓ Compiled in 2.2s (904 modules)
 GET /live 200 in 2358ms
 ✓ Compiled in 1970ms (904 modules)
 ✓ Compiled in 1895ms (904 modules)
 GET /live 200 in 2002ms
 ✓ Compiled in 1837ms (904 modules)
 GET /live 200 in 1935ms
 ✓ Compiled in 1838ms (904 modules)
 GET /live 200 in 3435ms
 ✓ Compiled in 1855ms (904 modules)
 GET /live 200 in 3522ms
 ✓ Compiled in 1846ms (904 modules)
 GET /live 200 in 2018ms
 ✓ Compiled in 1853ms (904 modules)
 ✓ Compiled in 1814ms (904 modules)
 GET /live 200 in 1931ms
 ✓ Compiled in 1860ms (904 modules)
 GET /live 200 in 1982ms
 ✓ Compiled in 1824ms (904 modules)
 GET /live 200 in 3435ms
 ✓ Compiled in 1823ms (904 modules)
 GET /live 200 in 3453ms
 ✓ Compiled in 1839ms (904 modules)
 ✓ Compiled in 1866ms (904 modules)
 GET /live 200 in 2031ms
 ✓ Compiled in 1902ms (904 modules)
 GET /live 200 in 1999ms
 ✓ Compiled in 1862ms (904 modules)
 GET /live 200 in 1988ms
 ✓ Compiled in 1826ms (904 modules)
 GET /live 200 in 3435ms
 ✓ Compiled in 1858ms (904 modules)
 GET /live 200 in 2004ms
 ✓ Compiled in 1839ms (904 modules)
 ✓ Compiled in 1827ms (904 modules)
 GET /live 200 in 1985ms
 ✓ Compiled in 1834ms (904 modules)
 GET /live 200 in 1955ms
 ✓ Compiled in 1889ms (904 modules)
 GET /live 200 in 3519ms
 ✓ Compiled in 1929ms (904 modules)
 GET /live 200 in 3503ms
 ✓ Compiled in 1810ms (904 modules)
 GET /live 200 in 1981ms
 ✓ Compiled in 1843ms (904 modules)
 ✓ Compiled in 1809ms (904 modules)
 GET /live 200 in 1920ms
 ✓ Compiled in 1808ms (904 modules)
 GET /live 200 in 1908ms
 ✓ Compiled in 1814ms (904 modules)
 GET /live 200 in 3381ms
 ✓ Compiled in 1794ms (904 modules)
 ✓ Compiled in 1811ms (904 modules)
 GET /live 200 in 3539ms
 ✓ Compiled in 1825ms (904 modules)
 GET /live 200 in 1944ms
 ✓ Compiled in 1848ms (904 modules)
 GET /live 200 in 3438ms
 ✓ Compiled in 1852ms (904 modules)
 GET /live 200 in 3437ms
 ✓ Compiled in 1815ms (904 modules)
 GET /live 200 in 2008ms
 ✓ Compiled in 1865ms (904 modules)
 ✓ Compiled in 1825ms (904 modules)
 GET /live 200 in 1928ms
 ✓ Compiled in 1810ms (904 modules)
 GET /live 200 in 1914ms
 ✓ Compiled in 1836ms (904 modules)
 GET /live 200 in 3403ms
 ✓ Compiled in 1770ms (904 modules)
 ✓ Compiled in 1883ms (904 modules)
 GET /live 200 in 3588ms
 ✓ Compiled in 1799ms (904 modules)
 GET /live 200 in 1911ms
 ✓ Compiled in 1828ms (904 modules)
 GET /live 200 in 3391ms
 ✓ Compiled in 1793ms (904 modules)
 GET /live 200 in 3344ms
 ✓ Compiled in 1767ms (904 modules)
 GET /live 200 in 1948ms
 ✓ Compiled in 1819ms (904 modules)
 ✓ Compiled in 1807ms (904 modules)
 GET /live 200 in 1911ms
 ✓ Compiled in 1807ms (904 modules)
 GET /live 200 in 1935ms
 ✓ Compiled in 1880ms (904 modules)
 GET /live 200 in 3488ms
 ✓ Compiled in 1838ms (904 modules)
 ✓ Compiled in 1825ms (904 modules)
 GET /live 200 in 3587ms
 ✓ Compiled in 3s (904 modules)
 GET /live 200 in 3166ms
 ✓ Compiled in 2.3s (904 modules)
 GET /live 200 in 3861ms
 ✓ Compiled in 4.6s (2016 modules)
 GET /live 500 in 6200ms
 ✓ Compiled in 1903ms (904 modules)
 GET /live 200 in 2103ms
 ✓ Compiled in 1942ms (904 modules)
 ✓ Compiled in 1832ms (904 modules)
 GET /live 200 in 1948ms
 ✓ Compiled in 1849ms (904 modules)
 GET /live 200 in 1947ms
 ✓ Compiled in 1874ms (904 modules)
 GET /live 200 in 3492ms
 ✓ Compiled in 1898ms (904 modules)
 GET /live 200 in 3530ms
 ✓ Compiled in 1821ms (904 modules)
 GET /live 200 in 2024ms
 ✓ Compiled in 1867ms (904 modules)
 ✓ Compiled in 1933ms (904 modules)
 GET /live 200 in 2045ms
 ✓ Compiled in 1863ms (904 modules)
 GET /live 200 in 1962ms
 ✓ Compiled in 1855ms (904 modules)
 GET /live 200 in 3436ms
 ✓ Compiled in 1873ms (904 modules)
 GET /live 200 in 3542ms
 ✓ Compiled in 1837ms (904 modules)
 GET /live 200 in 2031ms
 ✓ Compiled in 1878ms (904 modules)
 ✓ Compiled in 1818ms (904 modules)
 GET /live 200 in 1934ms
 ✓ Compiled in 1819ms (904 modules)
 GET /live 200 in 1928ms
 ✓ Compiled in 1888ms (904 modules)
 GET /live 200 in 3488ms
 ✓ Compiled in 1819ms (904 modules)
 GET /live 200 in 3526ms
 ✓ Compiled in 1885ms (904 modules)
 ✓ Compiled in 1861ms (904 modules)
 GET /live 200 in 2071ms
 ✓ Compiled in 1838ms (904 modules)
 GET /live 200 in 1968ms
 ✓ Compiled in 1810ms (904 modules)
 GET /live 200 in 1909ms
 ✓ Compiled in 1817ms (904 modules)
 ✓ Compiled in 1795ms (904 modules)
 GET /live 200 in 3561ms
 ✓ Compiled in 1830ms (904 modules)
 GET /live 200 in 1949ms
 ✓ Compiled in 1864ms (904 modules)
 GET /live 200 in 1956ms
 ✓ Compiled in 4s (2016 modules)
 GET /live 500 in 5615ms
 ✓ Compiled in 1818ms (904 modules)
 GET /live 200 in 2057ms
 ✓ Compiled in 1927ms (904 modules)
 ✓ Compiled in 1803ms (904 modules)
 GET /live 200 in 1915ms
 ✓ Compiled in 1811ms (904 modules)
 GET /live 200 in 1913ms
 ✓ Compiled in 1844ms (904 modules)
 GET /live 200 in 3503ms
 ✓ Compiled in 1917ms (904 modules)
 GET /live 200 in 3489ms
 ✓ Compiled in 1779ms (904 modules)
 GET /live 200 in 1960ms
 ✓ Compiled in 1829ms (904 modules)
 ✓ Compiled in 1857ms (904 modules)
 GET /live 200 in 1968ms
 ✓ Compiled in 1802ms (904 modules)
 GET /live 200 in 1900ms
 ✓ Compiled in 1832ms (904 modules)
 GET /live 200 in 3403ms
 ✓ Compiled in 1803ms (904 modules)
 GET /live 200 in 3411ms
 ✓ Compiled in 1777ms (904 modules)
 GET /live 200 in 2003ms
 ✓ Compiled in 1857ms (904 modules)
 ✓ Compiled in 1803ms (904 modules)
 GET /live 200 in 1913ms
 ✓ Compiled in 1827ms (904 modules)
 GET /live 200 in 1926ms
 ✓ Compiled in 1817ms (904 modules)
 GET /live 200 in 3405ms
 ✓ Compiled in 1791ms (904 modules)
 GET /live 200 in 3436ms
 ✓ Compiled in 1818ms (904 modules)
 ✓ Compiled in 2.5s (904 modules)
 GET /live 200 in 3160ms
 ✓ Compiled in 2.7s (904 modules)
 GET /live 200 in 3617ms
 ✓ Compiled in 1959ms (904 modules)
 GET /live 200 in 3552ms
 ✓ Compiled in 4.4s (2016 modules)
 GET /live 500 in 5961ms
 ✓ Compiled in 1823ms (904 modules)
 GET /live 200 in 2066ms
 ✓ Compiled in 1933ms (904 modules)
 ✓ Compiled in 1871ms (904 modules)
 GET /live 200 in 1981ms
 ✓ Compiled in 1833ms (904 modules)
 GET /live 200 in 1929ms
 ✓ Compiled in 1931ms (904 modules)
 GET /live 200 in 3559ms
 ✓ Compiled in 1898ms (904 modules)
 GET /live 200 in 3459ms
 ✓ Compiled in 1798ms (904 modules)
 GET /live 200 in 2014ms
 ✓ Compiled in 1890ms (904 modules)
 ✓ Compiled in 1830ms (904 modules)
 GET /live 200 in 1938ms
 ✓ Compiled in 1831ms (904 modules)
 GET /live 200 in 1931ms
 ✓ Compiled in 1869ms (904 modules)
 GET /live 200 in 3507ms
 ✓ Compiled in 1858ms (904 modules)
 ✓ Compiled in 1901ms (904 modules)
 GET /live 200 in 3651ms
 ✓ Compiled in 1817ms (904 modules)
 GET /live 200 in 1907ms
 ✓ Compiled in 1812ms (904 modules)
 GET /live 200 in 3409ms
 ✓ Compiled in 4.1s (2016 modules)
 GET /live 500 in 5692ms
 ✓ Compiled in 1838ms (904 modules)
 GET /live 200 in 2073ms
 ✓ Compiled in 1942ms (904 modules)
 ✓ Compiled in 1802ms (904 modules)
 GET /live 200 in 1913ms
 ✓ Compiled in 1851ms (904 modules)
 GET /live 200 in 1965ms
 ✓ Compiled in 1853ms (904 modules)
 GET /live 200 in 3456ms
 ✓ Compiled in 1857ms (904 modules)
 GET /live 200 in 3505ms
 ✓ Compiled in 1814ms (904 modules)
 ✓ Compiled in 1821ms (904 modules)
 GET /live 200 in 1984ms
 ✓ Compiled in 1824ms (904 modules)
 GET /live 200 in 1923ms
 ✓ Compiled in 1832ms (904 modules)
 GET /live 200 in 1947ms
 ✓ Compiled in 1800ms (904 modules)
 ✓ Compiled in 1887ms (904 modules)
 GET /live 200 in 3637ms
 ✓ Compiled in 1813ms (904 modules)
 GET /live 200 in 1919ms
 ✓ Compiled in 1830ms (904 modules)
 GET /live 200 in 3419ms
 ✓ Compiled in 1859ms (904 modules)
 GET /live 200 in 3458ms
 ✓ Compiled in 1811ms (904 modules)
 GET /live 200 in 1959ms
 ✓ Compiled in 1826ms (904 modules)
 ✓ Compiled in 1814ms (904 modules)
 GET /live 200 in 1920ms
 ✓ Compiled in 1826ms (904 modules)
 GET /live 200 in 1921ms
 ✓ Compiled in 1835ms (904 modules)
 GET /live 200 in 3458ms
 ✓ Compiled in 1867ms (904 modules)
 GET /live 200 in 3473ms
 ✓ Compiled in 1840ms (904 modules)
 GET /live 200 in 1973ms
 ✓ Compiled in 1835ms (904 modules)
 ✓ Compiled in 1929ms (904 modules)
 GET /live 200 in 2056ms
 ✓ Compiled in 1836ms (904 modules)
 GET /live 200 in 1940ms
 ✓ Compiled in 1827ms (904 modules)
 GET /live 200 in 3437ms
 ✓ Compiled in 1805ms (904 modules)
 GET /live 200 in 3468ms
 ✓ Compiled in 1834ms (904 modules)
 ✓ Compiled in 1850ms (904 modules)
 GET /live 200 in 2003ms
 ✓ Compiled in 2.5s (904 modules)
 GET /live 200 in 3184ms
 ✓ Compiled in 2.8s (904 modules)
 GET /live 200 in 2491ms
 ✓ Compiled in 1948ms (904 modules)
 GET /live 200 in 3546ms
 ✓ Compiled in 1850ms (904 modules)
 GET /live 200 in 2062ms
 ✓ Compiled in 1891ms (904 modules)
 ✓ Compiled in 1847ms (904 modules)
 GET /live 200 in 2022ms
 ✓ Compiled in 1920ms (904 modules)
 GET /live 200 in 2028ms
 ✓ Compiled in 1852ms (904 modules)
 GET /live 200 in 3446ms
 ✓ Compiled in 1881ms (904 modules)
 GET /live 200 in 3475ms
 ✓ Compiled in 1821ms (904 modules)
 GET /live 200 in 1997ms
 ✓ Compiled in 1854ms (904 modules)
 ✓ Compiled in 1828ms (904 modules)
 GET /live 200 in 1927ms
 ✓ Compiled in 1848ms (904 modules)
 GET /live 200 in 1953ms
 ✓ Compiled in 1815ms (904 modules)
 GET /live 200 in 3432ms
 ✓ Compiled in 1857ms (904 modules)
 ✓ Compiled in 1845ms (904 modules)
 GET /live 200 in 3625ms
 ✓ Compiled in 1847ms (904 modules)
 GET /live 200 in 1967ms
 ✓ Compiled in 1894ms (904 modules)
 GET /live 200 in 3547ms
 ✓ Compiled in 1923ms (904 modules)
 GET /live 200 in 3483ms
 ✓ Compiled in 1854ms (904 modules)
 GET /live 200 in 1962ms
 ✓ Compiled in 1812ms (904 modules)
 ✓ Compiled in 1849ms (904 modules)
 GET /live 200 in 1959ms
 ✓ Compiled in 1875ms (904 modules)
 GET /live 200 in 1991ms
 ✓ Compiled in 1897ms (904 modules)
 GET /live 200 in 3530ms
 ✓ Compiled in 1896ms (904 modules)
 ✓ Compiled in 1867ms (904 modules)
 GET /live 200 in 3670ms
 ✓ Compiled in 1818ms (904 modules)
 GET /live 200 in 1917ms
 ✓ Compiled in 1814ms (904 modules)
 GET /live 200 in 3401ms
 ✓ Compiled in 1825ms (904 modules)
 GET /live 200 in 3399ms
 ✓ Compiled in 1824ms (904 modules)
 GET /live 200 in 2008ms
 ✓ Compiled in 1858ms (904 modules)
 ✓ Compiled in 1867ms (904 modules)
 GET /live 200 in 1984ms
 ✓ Compiled in 1819ms (904 modules)
 GET /live 200 in 1952ms
 ✓ Compiled in 1832ms (904 modules)
 GET /live 200 in 3418ms
 ✓ Compiled in 1806ms (904 modules)
 ✓ Compiled in 1809ms (904 modules)
 GET /live 200 in 3540ms
 ✓ Compiled in 1830ms (904 modules)
 GET /live 200 in 1929ms
 ✓ Compiled in 1899ms (904 modules)
 GET /live 200 in 3523ms
 ✓ Compiled in 4.3s (2016 modules)
 GET /live 500 in 5900ms
 ✓ Compiled in 1903ms (904 modules)
 GET /live 200 in 2109ms
 ✓ Compiled in 1946ms (904 modules)
 ✓ Compiled in 1828ms (904 modules)
 GET /live 200 in 1951ms
 ✓ Compiled in 1832ms (904 modules)
 GET /live 200 in 1930ms
 ✓ Compiled in 1850ms (904 modules)
 GET /live 200 in 3457ms
 ✓ Compiled in 1851ms (904 modules)
 GET /live 200 in 3433ms
 ✓ Compiled in 1838ms (904 modules)
 GET /live 200 in 2029ms
 ✓ Compiled in 1875ms (904 modules)
 ✓ Compiled in 1823ms (904 modules)
 GET /live 200 in 1929ms
 ✓ Compiled in 1928ms (904 modules)
 GET /live 200 in 2035ms
 ✓ Compiled in 1846ms (904 modules)
 GET /live 200 in 3447ms
 ✓ Compiled in 3.1s (904 modules)
 GET /live 200 in 5259ms
 ✓ Compiled in 2.3s (904 modules)
 GET /live 200 in 2385ms
 ✓ Compiled in 1960ms (904 modules)
 ✓ Compiled in 1983ms (904 modules)
 GET /live 200 in 2093ms
 ✓ Compiled in 1926ms (904 modules)
 GET /live 200 in 2036ms
 ✓ Compiled in 1883ms (904 modules)
 GET /live 200 in 3476ms
 ✓ Compiled in 1839ms (904 modules)
 ✓ Compiled in 1873ms (904 modules)
 GET /live 200 in 3636ms
 ✓ Compiled in 1870ms (904 modules)
 GET /live 200 in 1985ms
 ✓ Compiled in 1859ms (904 modules)
 GET /live 200 in 3508ms
 ✓ Compiled in 1905ms (904 modules)
 GET /live 200 in 3521ms
 ✓ Compiled in 1858ms (904 modules)
 GET /live 200 in 1984ms
 ✓ Compiled in 1842ms (904 modules)
 ✓ Compiled in 1859ms (904 modules)
 GET /live 200 in 1968ms
 ✓ Compiled in 1853ms (904 modules)
 GET /live 200 in 1964ms
 ✓ Compiled in 1858ms (904 modules)
 GET /live 200 in 3473ms
 ✓ Compiled in 1849ms (904 modules)
 ✓ Compiled in 1844ms (904 modules)
 GET /live 200 in 3622ms
 ✓ Compiled in 1936ms (904 modules)
 GET /live 200 in 2050ms
 ✓ Compiled in 1866ms (904 modules)
 GET /live 200 in 3491ms
 ✓ Compiled in 1865ms (904 modules)
 GET /live 200 in 3465ms
 ✓ Compiled in 1819ms (904 modules)
 GET /live 200 in 1998ms
 ✓ Compiled in 1853ms (904 modules)
 ✓ Compiled in 1897ms (904 modules)
 GET /live 200 in 1999ms
 ✓ Compiled in 1829ms (904 modules)
 GET /live 200 in 1928ms
 ✓ Compiled in 1867ms (904 modules)
 GET /live 200 in 3459ms
 ✓ Compiled in 1804ms (904 modules)
 ✓ Compiled in 1879ms (904 modules)
 GET /live 200 in 3613ms
 ✓ Compiled in 1827ms (904 modules)
 GET /live 200 in 1915ms
 ✓ Compiled in 1863ms (904 modules)
 GET /live 200 in 3465ms
 ✓ Compiled in 4.2s (2016 modules)
 GET /live 500 in 5810ms
 ✓ Compiled in 1837ms (904 modules)
 GET /live 200 in 2076ms
 ✓ Compiled in 1939ms (904 modules)
 ✓ Compiled in 1822ms (904 modules)
 GET /live 200 in 1929ms
 ✓ Compiled in 1859ms (904 modules)
 GET /live 200 in 1953ms
 ✓ Compiled in 1890ms (904 modules)
 GET /live 200 in 3511ms
 ✓ Compiled in 1877ms (904 modules)
 GET /live 200 in 3521ms
 ✓ Compiled in 1813ms (904 modules)
 GET /live 200 in 1990ms
 ✓ Compiled in 1849ms (904 modules)
 ✓ Compiled in 1870ms (904 modules)
 GET /live 200 in 1989ms
 ✓ Compiled in 1835ms (904 modules)
 GET /live 200 in 1936ms
 ✓ Compiled in 1862ms (904 modules)
 GET /live 200 in 3487ms
 ✓ Compiled in 1833ms (904 modules)
 GET /live 200 in 2012ms
 ✓ Compiled in 1861ms (904 modules)
 ✓ Compiled in 1843ms (904 modules)
 GET /live 200 in 2009ms
 ✓ Compiled in 1829ms (904 modules)
 GET /live 200 in 1931ms
 ✓ Compiled in 1860ms (904 modules)
 GET /live 200 in 1952ms
 ✓ Compiled in 4.1s (2016 modules)
 GET /live 500 in 5749ms
 ✓ Compiled in 1876ms (904 modules)
 GET /live 200 in 4011ms
 ✓ Compiled in 3.9s (904 modules)
 ✓ Compiled in 1969ms (904 modules)
 GET /live 200 in 2093ms
 ✓ Compiled in 1895ms (904 modules)
 GET /live 200 in 1992ms
 ✓ Compiled in 1892ms (904 modules)
 GET /live 200 in 3518ms
 ✓ Compiled in 1880ms (904 modules)
 GET /live 200 in 3478ms
 ✓ Compiled in 1851ms (904 modules)
 GET /live 200 in 2035ms
 ✓ Compiled in 1870ms (904 modules)
 ✓ Compiled in 1895ms (904 modules)
 GET /live 200 in 2004ms
 ✓ Compiled in 1866ms (904 modules)
 GET /live 200 in 1971ms
 ✓ Compiled in 1865ms (904 modules)
 GET /live 200 in 3482ms
 ✓ Compiled in 1845ms (904 modules)
 ✓ Compiled in 1838ms (904 modules)
 GET /live 200 in 3611ms
 ✓ Compiled in 1870ms (904 modules)
 GET /live 200 in 1970ms
 ✓ Compiled in 1893ms (904 modules)
 GET /live 200 in 3526ms
 ✓ Compiled in 4.3s (2016 modules)
 GET /live 500 in 5953ms
 ✓ Compiled in 1911ms (904 modules)
 GET /live 200 in 2108ms
 ✓ Compiled in 1957ms (904 modules)
 ✓ Compiled in 1825ms (904 modules)
 GET /live 200 in 1969ms
 ✓ Compiled in 1868ms (904 modules)
 GET /live 200 in 1974ms
 ✓ Compiled in 1876ms (904 modules)
 GET /live 200 in 3479ms
 ✓ Compiled in 1842ms (904 modules)
 ✓ Compiled in 1845ms (904 modules)
 GET /live 200 in 3620ms
 ✓ Compiled in 1904ms (904 modules)
 GET /live 200 in 1999ms
 ✓ Compiled in 1883ms (904 modules)
 GET /live 200 in 1982ms
 ✓ Compiled in 4.1s (2016 modules)
 GET /live 500 in 5646ms
 ✓ Compiled in 1872ms (904 modules)
 GET /live 200 in 2084ms
 ✓ Compiled in 1919ms (904 modules)
 ✓ Compiled in 1821ms (904 modules)
 GET /live 200 in 1936ms
 ✓ Compiled in 1866ms (904 modules)
 GET /live 200 in 1968ms
 ✓ Compiled in 1875ms (904 modules)
 GET /live 200 in 3502ms
 ✓ Compiled in 1880ms (904 modules)
 GET /live 200 in 3518ms
 ✓ Compiled in 1810ms (904 modules)
 GET /live 200 in 1980ms
 ✓ Compiled in 1843ms (904 modules)
 ✓ Compiled in 1895ms (904 modules)
 GET /live 200 in 2000ms
 ✓ Compiled in 1831ms (904 modules)
 GET /live 200 in 1930ms
 ✓ Compiled in 1849ms (904 modules)
 GET /live 200 in 3472ms
 ✓ Compiled in 1832ms (904 modules)
 GET /live 200 in 2041ms
 ✓ Compiled in 1887ms (904 modules)
 ✓ Compiled in 1886ms (904 modules)
 GET /live 200 in 2037ms
 ✓ Compiled in 1862ms (904 modules)
 GET /live 200 in 1992ms
 ✓ Compiled in 1846ms (904 modules)
 GET /live 200 in 1957ms
 ✓ Compiled in 1804ms (904 modules)
 ✓ Compiled in 1814ms (904 modules)
 GET /live 200 in 3578ms
 ✓ Compiled in 1841ms (904 modules)
 GET /live 200 in 1951ms
 ✓ Compiled in 1875ms (904 modules)
 GET /live 200 in 3540ms
 ✓ Compiled in 1897ms (904 modules)
 GET /live 200 in 3493ms
 ✓ Compiled in 1816ms (904 modules)
 GET /live 200 in 2040ms
 ✓ Compiled in 1898ms (904 modules)
 ✓ Compiled in 2.6s (904 modules)
 GET /live 200 in 3239ms
 ✓ Compiled in 2.7s (904 modules)
 GET /live 200 in 2496ms
 ✓ Compiled in 1967ms (904 modules)
 GET /live 200 in 3579ms
 ✓ Compiled in 1876ms (904 modules)
 GET /live 200 in 3621ms
 ✓ Compiled in 1919ms (904 modules)
 GET /live 200 in 2061ms
 ✓ Compiled in 1884ms (904 modules)
 ✓ Compiled in 1859ms (904 modules)
 GET /live 200 in 1981ms
 ✓ Compiled in 1906ms (904 modules)
 GET /live 200 in 1998ms
 ✓ Compiled in 1888ms (904 modules)
 GET /live 200 in 3538ms
 ✓ Compiled in 1852ms (904 modules)
 GET /live 200 in 2022ms
 ✓ Compiled in 1881ms (904 modules)
 ✓ Compiled in 1857ms (904 modules)
 GET /live 200 in 2005ms
 ✓ Compiled in 1888ms (904 modules)
 GET /live 200 in 1988ms
 ✓ Compiled in 1867ms (904 modules)
 GET /live 200 in 1968ms
 ✓ Compiled in 1863ms (904 modules)
 ✓ Compiled in 1863ms (904 modules)
 GET /live 200 in 3676ms
 ✓ Compiled in 1870ms (904 modules)
 GET /live 200 in 1991ms
 ✓ Compiled in 1885ms (904 modules)
 GET /live 200 in 2053ms
 ✓ Compiled in 1888ms (904 modules)
 ✓ Compiled in 1848ms (904 modules)
 GET /live 200 in 3667ms
 ✓ Compiled in 1942ms (904 modules)
 GET /live 200 in 2037ms
 ✓ Compiled in 1896ms (904 modules)
 GET /live 200 in 1998ms
 ✓ Compiled in 1879ms (904 modules)
 GET /live 200 in 3489ms
 ✓ Compiled in 1906ms (904 modules)
 GET /live 200 in 3500ms
 ✓ Compiled in 1859ms (904 modules)
 GET /live 200 in 2019ms
 ✓ Compiled in 1876ms (904 modules)
 ✓ Compiled in 1836ms (904 modules)
 GET /live 200 in 1996ms
 ✓ Compiled in 1839ms (904 modules)
 GET /live 200 in 1939ms
 ✓ Compiled in 1886ms (904 modules)
 GET /live 200 in 2233ms
 ✓ Compiled in 2.1s (904 modules)
 GET /live 200 in 3493ms
 ✓ Compiled in 4.3s (2016 modules)
 GET /live 500 in 5948ms
 ✓ Compiled in 1866ms (904 modules)
 GET /live 200 in 2121ms
 ✓ Compiled in 1982ms (904 modules)
 ✓ Compiled in 1855ms (904 modules)
 GET /live 200 in 2011ms
 ✓ Compiled in 1850ms (904 modules)
 GET /live 200 in 1933ms
 ✓ Compiled in 1899ms (904 modules)
 GET /live 200 in 1986ms
 ✓ Compiled in 1907ms (904 modules)
 GET /live 200 in 3504ms
 ✓ Compiled in 1848ms (904 modules)
 GET /live 200 in 3423ms
 ✓ Compiled in 1814ms (904 modules)
 GET /live 200 in 1960ms
 ✓ Compiled in 1837ms (904 modules)
 ✓ Compiled in 1868ms (904 modules)
 GET /live 200 in 2002ms
 ✓ Compiled in 1845ms (904 modules)
 GET /live 200 in 1948ms
 ✓ Compiled in 1901ms (904 modules)
 GET /live 200 in 1993ms
 ✓ Compiled in 2s (904 modules)
 GET /live 200 in 3659ms
 ✓ Compiled in 4.2s (2016 modules)
 GET /live 500 in 5764ms
 ✓ Compiled in 1867ms (904 modules)
 GET /live 200 in 2074ms
 ✓ Compiled in 1948ms (904 modules)
 ✓ Compiled in 1857ms (904 modules)
 GET /live 200 in 2003ms
 ✓ Compiled in 1857ms (904 modules)
 GET /live 200 in 1954ms
 ✓ Compiled in 3.2s (904 modules)
 GET /live 200 in 3420ms
 ✓ Compiled in 2.5s (904 modules)
 GET /live 200 in 4092ms
 ✓ Compiled in 4.7s (2016 modules)
 GET /live 500 in 6263ms
 ✓ Compiled in 1874ms (904 modules)
 GET /live 200 in 2128ms
 ✓ Compiled in 1999ms (904 modules)
 ✓ Compiled in 1868ms (904 modules)
 GET /live 200 in 2048ms
 ✓ Compiled in 1923ms (904 modules)
 GET /live 200 in 2025ms
 ✓ Compiled in 1920ms (904 modules)
 GET /live 200 in 2001ms
 ✓ Compiled in 1896ms (904 modules)
 GET /live 200 in 3536ms
 ✓ Compiled in 4.1s (2016 modules)
 GET /live 500 in 5730ms
 ✓ Compiled in 1851ms (904 modules)
 GET /live 200 in 2147ms
 ✓ Compiled in 2s (904 modules)
 ✓ Compiled in 1898ms (904 modules)
 GET /live 200 in 2071ms
 ✓ Compiled in 1981ms (904 modules)
 GET /live 200 in 2092ms
 ✓ Compiled in 1939ms (904 modules)
 GET /live 200 in 2012ms
 ✓ Compiled in 1874ms (904 modules)
 GET /live 200 in 1958ms
 ✓ Compiled in 4.2s (2016 modules)
 GET /live 500 in 5798ms
 ✓ Compiled in 1892ms (904 modules)
 GET /live 200 in 2094ms
 ✓ Compiled in 1952ms (904 modules)
 ✓ Compiled in 1877ms (904 modules)
 GET /live 200 in 2042ms
 ✓ Compiled in 1904ms (904 modules)
 GET /live 200 in 1996ms
 ✓ Compiled in 1878ms (904 modules)
 GET /live 200 in 1983ms
 ✓ Compiled in 1890ms (904 modules)
 GET /live 200 in 3499ms
 ✓ Compiled in 1866ms (904 modules)
 GET /live 200 in 3446ms
 ✓ Compiled in 1840ms (904 modules)
 GET /live 200 in 2002ms
 ✓ Compiled in 1858ms (904 modules)
 ✓ Compiled in 1860ms (904 modules)
 GET /live 200 in 2018ms
 ✓ Compiled in 1846ms (904 modules)
 GET /live 200 in 1946ms
 ✓ Compiled in 1911ms (904 modules)
 GET /live 200 in 2007ms
 ✓ Compiled in 1879ms (904 modules)
 GET /live 200 in 3497ms
 ✓ Compiled in 1839ms (904 modules)
 ✓ Compiled in 1848ms (904 modules)
 GET /live 200 in 3609ms
 ✓ Compiled in 1838ms (904 modules)
 GET /live 200 in 1931ms
 ✓ Compiled in 1860ms (904 modules)
 GET /live 200 in 1948ms
 ✓ Compiled in 1840ms (904 modules)
 GET /live 200 in 3455ms
 ✓ Compiled in 1890ms (904 modules)
 GET /live 200 in 3559ms
 ✓ Compiled in 1912ms (904 modules)
 GET /live 200 in 1991ms
 ✓ Compiled in 1859ms (904 modules)
 ✓ Compiled in 1892ms (904 modules)
 GET /live 200 in 2038ms
 ✓ Compiled in 1878ms (904 modules)
 GET /live 200 in 1982ms
 ✓ Compiled in 1850ms (904 modules)
 GET /live 200 in 1954ms
 ✓ Compiled in 1898ms (904 modules)
 GET /live 200 in 3518ms
 ✓ Compiled in 4.1s (2016 modules)
 GET /live 500 in 5685ms
 ✓ Compiled in 1892ms (904 modules)
 GET /live 200 in 2044ms
 ✓ Compiled in 1920ms (904 modules)
 ✓ Compiled in 1852ms (904 modules)
 GET /live 200 in 1993ms
 ✓ Compiled in 1875ms (904 modules)
 GET /live 200 in 1965ms
 ✓ Compiled in 2.7s (904 modules)
 GET /live 200 in 3334ms
 ✓ Compiled in 2.6s (904 modules)
 GET /live 200 in 4029ms
 ✓ Compiled in 1922ms (904 modules)
 ✓ Compiled in 1972ms (904 modules)
 GET /live 200 in 3808ms
 ✓ Compiled in 1919ms (904 modules)
 GET /live 200 in 2025ms
 ✓ Compiled in 1939ms (904 modules)
 GET /live 200 in 2058ms
 ✓ Compiled in 1921ms (904 modules)
 GET /live 200 in 3516ms
 ✓ Compiled in 4.3s (2016 modules)
 GET /live 500 in 5995ms
 ✓ Compiled in 1896ms (904 modules)
 GET /live 200 in 2104ms
 ✓ Compiled in 1984ms (904 modules)
 ✓ Compiled in 1925ms (904 modules)
 GET /live 200 in 2079ms
 ✓ Compiled in 1909ms (904 modules)
 GET /live 200 in 2003ms
 ✓ Compiled in 1955ms (904 modules)
 GET /live 200 in 2048ms
 ✓ Compiled in 1892ms (904 modules)
 GET /live 200 in 3509ms
 ✓ Compiled in 4.2s (2016 modules)
 GET /live 500 in 5908ms
 ✓ Compiled in 1921ms (904 modules)
 GET /live 200 in 2123ms
 ✓ Compiled in 1999ms (904 modules)
 ✓ Compiled in 1872ms (904 modules)
 GET /live 200 in 2054ms
 ✓ Compiled in 1971ms (904 modules)
 GET /live 200 in 2057ms
 ✓ Compiled in 1862ms (904 modules)
 GET /live 200 in 1952ms
 ✓ Compiled in 1974ms (904 modules)
 GET /live 200 in 2068ms
 ✓ Compiled in 4.1s (2016 modules)
 GET /live 500 in 5742ms
 ✓ Compiled in 1876ms (904 modules)
 GET /live 200 in 2123ms
 ✓ Compiled in 1992ms (904 modules)
 ✓ Compiled in 1870ms (904 modules)
 GET /live 200 in 2024ms
 ✓ Compiled in 1954ms (904 modules)
 GET /live 200 in 2039ms
 ✓ Compiled in 1921ms (904 modules)
 GET /live 200 in 2020ms
 ✓ Compiled in 2s (904 modules)
 GET /live 200 in 3669ms
 ✓ Compiled in 4.2s (2016 modules)
 GET /live 500 in 5872ms
 ✓ Compiled in 1904ms (904 modules)
 GET /live 200 in 2253ms
 ✓ Compiled in 2.1s (904 modules)
 ✓ Compiled in 1906ms (904 modules)
 GET /live 200 in 2064ms
 ✓ Compiled in 1901ms (904 modules)
 GET /live 200 in 1996ms
 ✓ Compiled in 1903ms (904 modules)
 GET /live 200 in 1995ms
 ✓ Compiled in 1913ms (904 modules)
 GET /live 200 in 3564ms
 ✓ Compiled in 1917ms (904 modules)
 GET /live 200 in 3526ms
 ✓ Compiled in 1855ms (904 modules)
 GET /live 200 in 2052ms
 ✓ Compiled in 1920ms (904 modules)
 ✓ Compiled in 1990ms (904 modules)
 GET /live 200 in 2137ms
 ✓ Compiled in 2.5s (904 modules)
 GET /live 200 in 2606ms
 ✓ Compiled in 2.4s (904 modules)
 GET /live 200 in 2487ms
 ✓ Compiled in 2.2s (904 modules)
 GET /live 200 in 6865ms
 ✓ Compiled in 5.3s (904 modules)
 GET /live 200 in 9409ms
 ✓ Compiled in 4.8s (904 modules)
 GET /live 200 in 8539ms
 ✓ Compiled in 8.3s (904 modules)
 ✓ Compiled in 7.1s (904 modules)
 GET /live 200 in 9412ms
 ✓ Compiled in 4.8s (904 modules)
 GET /live 200 in 5020ms
 ✓ Compiled in 4.5s (904 modules)
 GET /live 200 in 4730ms
 ✓ Compiled in 4.4s (904 modules)
 GET /live 200 in 8500ms
 ✓ Compiled in 4.7s (904 modules)
 GET /live 200 in 8443ms
 ✓ Compiled in 4.3s (904 modules)
 GET /live 200 in 4751ms
 ✓ Compiled in 4.4s (904 modules)
 ✓ Compiled in 4.6s (904 modules)
 GET /live 200 in 4897ms
 ✓ Compiled in 4.4s (904 modules)
 GET /live 200 in 4607ms
 ✓ Compiled in 4.3s (904 modules)
 GET /live 200 in 8399ms
 ✓ Compiled in 10.8s (2016 modules)
 GET /live 500 in 10929ms
 ✓ Compiled in 4.3s (904 modules)
 GET /live 200 in 8646ms
 ✓ Compiled in 4.7s (904 modules)
 ✓ Compiled in 4.6s (904 modules)
 GET /live 200 in 4914ms
 ✓ Compiled in 4.5s (904 modules)
 GET /live 200 in 4732ms
 ✓ Compiled in 4.5s (904 modules)
 GET /live 200 in 4742ms
 ✓ Compiled in 4.6s (904 modules)
 GET /live 200 in 8167ms
 ✓ Compiled in 4.2s (904 modules)
 GET /live 200 in 8109ms
 ✓ Compiled in 4.4s (904 modules)
 GET /live 200 in 7369ms
 ✓ Compiled in 7.1s (904 modules)
 ✓ Compiled in 4.8s (904 modules)
 GET /live 200 in 5104ms
 GET /live 200 in 516644ms
 ✓ Compiled in 517.3s (904 modules)
 GET /live 200 in 3450545ms
 ✓ Compiled in 3454.7s (904 modules)
 GET /live 200 in 3302ms
 ✓ Compiled in 2.7s (904 modules)
 ✓ Compiled in 2.8s (904 modules)
 GET /live 200 in 2986ms
 ✓ Compiled in 2.9s (904 modules)
 GET /live 200 in 3044ms
 ✓ Compiled in 3.4s (904 modules)
 GET /live 200 in 3581ms
 ✓ Compiled in 3.3s (903 modules)
 GET /live 200 in 5468ms
 ✓ Compiled in 2.5s (903 modules)
 GET /live 200 in 3084ms
 ✓ Compiled in 2.9s (903 modules)
 ✓ Compiled in 2.3s (903 modules)
 GET /live 200 in 2599ms
 ✓ Compiled in 2.5s (903 modules)
 GET /live 200 in 2609ms
 ○ Compiling /_error ...
 ✓ Compiled /_error in 5.6s (2016 modules)
 GET /live 500 in 7549ms
 ✓ Compiled in 2.2s (904 modules)
 GET /live 200 in 2673ms
 ✓ Compiled in 2.5s (904 modules)
 ✓ Compiled in 2.4s (904 modules)
 GET /live 200 in 2604ms
 ✓ Compiled in 2.2s (904 modules)
 GET /live 200 in 2306ms
 ✓ Compiled in 2.4s (904 modules)
 GET /live 200 in 2489ms
 ✓ Compiled in 1991ms (904 modules)
 GET /live 200 in 3709ms
 ✓ Compiled in 1963ms (904 modules)
 GET /live 200 in 4332ms
 ✓ Compiled in 3.6s (904 modules)
 GET /live 200 in 4132ms
 ✓ Compiled in 2.4s (904 modules)
 GET /live 200 in 2392ms
 ✓ Compiled in 2.1s (904 modules)
 ✓ Compiled in 2.2s (904 modules)
 GET /live 200 in 2376ms
 ✓ Compiled in 2.2s (904 modules)
 GET /live 200 in 2283ms
 ✓ Compiled in 2.3s (904 modules)
 GET /live 200 in 2432ms
 ✓ Compiled in 4.5s (2016 modules)
 GET /live 500 in 6270ms
 ✓ Compiled in 2s (904 modules)
 GET /live 200 in 2324ms
 ✓ Compiled in 2.2s (904 modules)
 ✓ Compiled in 2s (904 modules)
 GET /live 200 in 2191ms
 ✓ Compiled in 1917ms (904 modules)
 GET /live 200 in 2010ms
 ✓ Compiled in 1907ms (904 modules)
 GET /live 200 in 1993ms
 ✓ Compiled in 1953ms (904 modules)
 GET /live 200 in 3597ms
 ✓ Compiled in 1909ms (904 modules)
 GET /live 200 in 3628ms
 ✓ Compiled in 1968ms (904 modules)
 GET /live 200 in 2116ms
 ✓ Compiled in 1963ms (904 modules)
 GET /live 200 in 2239ms
 ✓ Compiled in 2.1s (904 modules)
 ✓ Compiled in 2.1s (904 modules)
 GET /live 200 in 2187ms
 ✓ Compiled in 1867ms (904 modules)
 GET /live 200 in 1955ms
 ✓ Compiled in 1961ms (904 modules)
 GET /live 200 in 3663ms
 ✓ Compiled in 1980ms (904 modules)
 GET /live 200 in 3647ms
 ✓ Compiled in 1919ms (904 modules)
 GET /live 200 in 2070ms
 ✓ Compiled in 1905ms (904 modules)
 GET /live 200 in 2109ms
 ✓ Compiled in 1967ms (904 modules)
 ✓ Compiled in 1935ms (904 modules)
 GET /live 200 in 2039ms
 ✓ Compiled in 2.1s (904 modules)
 GET /live 200 in 2166ms
 ✓ Compiled in 1933ms (904 modules)
 GET /live 200 in 2014ms
 ✓ Compiled in 1958ms (904 modules)
 GET /live 200 in 3622ms
 ✓ Compiled in 1937ms (904 modules)
 GET /live 200 in 2304ms
 ✓ Compiled in 2.1s (904 modules)
 GET /live 200 in 2136ms
 ✓ Compiled in 1980ms (904 modules)
 ✓ Compiled in 2.1s (904 modules)
 GET /live 200 in 2174ms
 ✓ Compiled in 2.2s (904 modules)
 GET /live 200 in 2296ms
 ✓ Compiled in 2s (904 modules)
 GET /live 200 in 2100ms
 ✓ Compiled in 2s (904 modules)
 GET /live 200 in 3820ms
 ✓ Compiled in 2.2s (904 modules)
 GET /live 200 in 3958ms
 ✓ Compiled in 2.1s (904 modules)
 GET /live 200 in 2247ms
 ✓ Compiled in 2.1s (904 modules)
 ✓ Compiled in 2.1s (904 modules)
 GET /live 200 in 2260ms
 ✓ Compiled in 2.1s (904 modules)
 GET /live 200 in 2250ms
 ✓ Compiled in 2.2s (904 modules)
 GET /live 200 in 2267ms
 ✓ Compiled in 2.2s (904 modules)
 GET /live 200 in 3963ms
 ✓ Compiled in 2.1s (904 modules)
 GET /live 200 in 3879ms
 ✓ Compiled in 2s (904 modules)
 GET /live 200 in 2227ms
 ✓ Compiled in 2s (904 modules)
 ✓ Compiled in 1989ms (904 modules)
 GET /live 200 in 2161ms
 ✓ Compiled in 2s (904 modules)
 GET /live 200 in 2141ms
 ✓ Compiled in 2.2s (904 modules)
 GET /live 200 in 2340ms
 ✓ Compiled in 2s (904 modules)
 GET /live 200 in 3912ms
 ✓ Compiled in 2.2s (904 modules)
 ✓ Compiled in 1969ms (904 modules)
 GET /live 200 in 4030ms
 ✓ Compiled in 4s (904 modules)
 GET /live 200 in 4093ms
 ✓ Compiled in 2.4s (904 modules)
 GET /live 200 in 2455ms
 ✓ Compiled in 2.2s (904 modules)
 GET /live 200 in 4163ms
 ✓ Compiled in 2.1s (904 modules)
 ✓ Compiled in 2.1s (904 modules)
 GET /live 200 in 2247ms
 ✓ Compiled in 2.1s (904 modules)
 GET /live 200 in 2169ms
 ✓ Compiled in 1998ms (904 modules)
 GET /live 200 in 2093ms
 ✓ Compiled in 4.9s (2016 modules)
 GET /live 500 in 6889ms
 ✓ Compiled in 2.2s (904 modules)
 GET /live 200 in 2358ms
 ✓ Compiled in 2.2s (904 modules)
 ✓ Compiled in 2s (904 modules)
 GET /live 200 in 2170ms
 ✓ Compiled in 1991ms (904 modules)
 GET /live 200 in 2088ms
 ✓ Compiled in 2.1s (904 modules)
 GET /live 200 in 2195ms
 ✓ Compiled in 2.1s (904 modules)
 GET /live 200 in 4305ms
 ✓ Compiled in 2.6s (904 modules)
 GET /live 200 in 4378ms
 ✓ Compiled in 2.2s (904 modules)
 GET /live 200 in 2154ms
 ✓ Compiled in 1972ms (904 modules)
 ✓ Compiled in 1989ms (904 modules)
 GET /live 200 in 2165ms
 ✓ Compiled in 2s (904 modules)
 GET /live 200 in 2175ms
 ✓ Compiled in 2.3s (904 modules)
 GET /live 200 in 2439ms
 ✓ Compiled in 2.1s (904 modules)
 GET /live 200 in 2208ms
 ✓ Compiled in 4.6s (2016 modules)
 GET /live 500 in 6642ms
 ✓ Compiled in 2.3s (904 modules)
 GET /live 200 in 2416ms
 ✓ Compiled in 2.2s (904 modules)
 ✓ Compiled in 2s (904 modules)
 GET /live 200 in 2196ms
 ✓ Compiled in 1902ms (904 modules)
 GET /live 200 in 2005ms
 ✓ Compiled in 2s (904 modules)
 GET /live 200 in 2072ms
 ✓ Compiled in 2.1s (904 modules)
 GET /live 200 in 3819ms
 ✓ Compiled in 2s (904 modules)
 GET /live 200 in 3768ms
 ✓ Compiled in 1981ms (904 modules)
 GET /live 200 in 2105ms
 ✓ Compiled in 1967ms (904 modules)
 GET /live 200 in 2158ms
 ✓ Compiled in 2s (904 modules)
 ✓ Compiled in 2.1s (904 modules)
 GET /live 200 in 2253ms
 ✓ Compiled in 1959ms (904 modules)
 GET /live 200 in 2045ms
 ✓ Compiled in 2.1s (904 modules)
 GET /live 200 in 2195ms
 ✓ Compiled in 4.7s (2016 modules)
 GET /live 500 in 6422ms
 ✓ Compiled in 1969ms (904 modules)
 GET /live 200 in 2439ms
 ✓ Compiled in 2.3s (904 modules)
 ✓ Compiled in 2.1s (904 modules)
 GET /live 200 in 2357ms
 ✓ Compiled in 1986ms (904 modules)
 GET /live 200 in 2076ms
 ✓ Compiled in 2000ms (904 modules)
 GET /live 200 in 2082ms
 ✓ Compiled in 3s (904 modules)
 GET /live 200 in 5995ms
 ✓ Compiled in 3.2s (904 modules)
 ✓ Compiled in 2.3s (904 modules)
 ✓ Compiled in 2.2s (904 modules)
 ✓ Compiled in 3.4s (904 modules)
 ✓ Compiled in 3s (904 modules)
 ✓ Compiled in 2.5s (904 modules)
 ✓ Compiled in 2.1s (904 modules)
 ✓ Compiled in 2.1s (904 modules)
 GET /live 200 in 2277ms
 ✓ Compiled in 2.1s (904 modules)
 GET /live 200 in 3813ms
 ✓ Compiled in 2s (904 modules)
 GET /live 200 in 2276ms
 ✓ Compiled in 2.1s (904 modules)
 ✓ Compiled in 2.1s (904 modules)
 GET /live 200 in 2300ms
 ✓ Compiled in 2.2s (904 modules)
 GET /live 200 in 2311ms
 ✓ Compiled in 2.1s (904 modules)
 GET /live 200 in 3865ms
 ✓ Compiled in 4.8s (2016 modules)
 GET /live 500 in 6777ms
 ✓ Compiled in 2.3s (904 modules)
 GET /live 200 in 2638ms
 ✓ Compiled in 2.4s (904 modules)
 ✓ Compiled in 2.2s (904 modules)
 GET /live 200 in 2363ms
 ✓ Compiled in 2.3s (904 modules)
 GET /live 200 in 2420ms
 ✓ Compiled in 2.3s (904 modules)
 GET /live 200 in 4550ms
 ✓ Compiled in 2.5s (904 modules)
 GET /live 200 in 2610ms
 ✓ Compiled in 2.4s (904 modules)
 ✓ Compiled in 2.3s (904 modules)
 GET /live 200 in 2540ms
 ✓ Compiled in 2.3s (904 modules)
 GET /live 200 in 2403ms
 ✓ Compiled in 2.2s (904 modules)
 GET /live 200 in 2292ms
 ✓ Compiled in 4.6s (2016 modules)
 GET /live 500 in 6517ms
 ✓ Compiled in 2.2s (904 modules)
 GET /live 200 in 2346ms
 ✓ Compiled in 2.2s (904 modules)
 ✓ Compiled in 2.6s (904 modules)
 GET /live 200 in 2768ms
 ✓ Compiled in 2.4s (904 modules)
 GET /live 200 in 2635ms
 ✓ Compiled in 2.4s (904 modules)
 GET /live 200 in 4343ms
 ✓ Compiled in 2.2s (904 modules)
 GET /live 200 in 4012ms
 ✓ Compiled in 2s (904 modules)
 GET /live 200 in 2259ms
 ✓ Compiled in 2.1s (904 modules)
 ✓ Compiled in 2.1s (904 modules)
 GET /live 200 in 2197ms
 ✓ Compiled in 2.1s (904 modules)
 GET /live 200 in 2217ms
 ✓ Compiled in 2.2s (904 modules)
 GET /live 200 in 4144ms
 ✓ Compiled in 2.2s (904 modules)
 ✓ Compiled in 2s (904 modules)
 GET /live 200 in 4135ms
 ✓ Compiled in 2.1s (904 modules)
 GET /live 200 in 2165ms
 ✓ Compiled in 2.1s (904 modules)
 GET /live 200 in 3957ms
 ✓ Compiled in 2.2s (904 modules)
 GET /live 200 in 4099ms
 ✓ Compiled in 2.3s (904 modules)
 GET /live 200 in 2541ms
 ✓ Compiled in 2.2s (904 modules)
 ✓ Compiled in 2.5s (904 modules)
 GET /live 200 in 2647ms
 ✓ Compiled in 2.1s (904 modules)
 GET /live 200 in 2197ms
 ✓ Compiled in 2.1s (904 modules)
 GET /live 200 in 3902ms
 ✓ Compiled in 2.1s (904 modules)
 GET /live 200 in 2284ms
 ✓ Compiled in 2.1s (904 modules)
 ✓ Compiled in 2s (904 modules)
 GET /live 200 in 2204ms
 ✓ Compiled in 2s (904 modules)
 GET /live 200 in 2158ms
 ✓ Compiled in 2.2s (904 modules)
 GET /live 200 in 4056ms
 ✓ Compiled in 4.5s (904 modules)
 GET /live 200 in 7207ms
 ✓ Compiled in 3.4s (904 modules)
 GET /live 200 in 2471ms
 ✓ Compiled in 2.1s (904 modules)
 ✓ Compiled in 2s (904 modules)
 GET /live 200 in 2134ms
 GET /live 200 in 1851ms
[?25h
